priority,orgao,type,issue,original_value,current_value,confidence
1,AGU,error (diretivo),[extraction] no_risk_table: Nenhuma tabela de risco encontrada em AGU_diretivo.pdf,,,failed
1,ANVISA,error (diretivo),[extraction] no_risk_table: Nenhuma tabela de risco encontrada em ANVISA_diretivo.pdf,,,failed
1,CODEVASF,error (diretivo),[extraction] no_risk_table: Nenhuma tabela de risco encontrada em CODEVASF_diretivo.pdf,,,failed
1,FBN,error (diretivo),[extraction] no_risk_table: Nenhuma tabela de risco encontrada em FBN_diretivo.pdf,,,failed
1,FCP,error (diretivo),[extraction] no_risk_table: Nenhuma tabela de risco encontrada em FCP_diretivo.pdf,,,failed
1,INCRA,error (diretivo),[extraction] no_risk_table: Nenhuma tabela de risco encontrada em INCRA_diretivo.pdf,,,failed
1,ITI,error (diretivo),[extraction] no_risk_table: Nenhuma tabela de risco encontrada em ITI_diretivo.pdf,,,failed
1,MAPA,error (diretivo),[extraction] no_risk_table: Nenhuma tabela de risco encontrada em MAPA_diretivo.pdf,,,failed
1,MCOM,error (diretivo),[extraction] no_risk_table: Nenhuma tabela de risco encontrada em MCOM_diretivo.pdf,,,failed
1,PREVIC,error (diretivo),[extraction] no_risk_table: Nenhuma tabela de risco encontrada em PREVIC_diretivo.pdf,,,failed
2,CADE,risk,recuperado de header de coluna; probabilidade não reconhecida (score: 0.40),P:1-Alto | I:2-Alto | T:3-Mitigar,P:1-Alto | I:alto | T:mitigar,low
2,CADE,risk,probabilidade: 'Médio'; probabilidade: column-shift (casa em 'impacto'); probabilidade não reconhecida (score: 0.26),P:Médio | I:Alto | T:Transferir,P:Médio | I:alto | T:transferir,low
2,CAPES,risk,risco vazio; probabilidade não reconhecida (score: 0.00),P: | I:muito baixo; | T:,P: | I:muito baixo | T:,low
2,CAPES,risk,impacto não reconhecido (score: 0.00),P: | I: | T:,P: | I: | T:,low
2,DNOCS,risk,tratamento: bleed de coluna (45 chars); tratamento 'Avaliar o impacto de cada cenário no Plano de' não reconhecido (score: 0.23),P:Pouco provável | I:Alto | T:Avaliar o impacto de cada cenário no Plano de,P:pouco provável | I:alto | T:Avaliar o impacto de cada cenário no Plano de,low
2,DNOCS,risk,impacto: 'Investir em programas de capacitação e t'; impacto: bleed de coluna (157 chars); impacto: bleed de coluna (157 chars); impacto não reconhecido (score: 0.10),"P:Provável | I:Investir em programas de capacitação e treinamento para as equipes de TI existentes, aprimorando suas habilidades e conheciment os em tecnologias emergentes. | T:Mitigar","P:provável | I:Investir em programas de capacitação e treinamento para as equipes de TI existentes, aprimorando suas habilidades e conheciment os em tecnologias emergentes. | T:mitigar",low
2,DNOCS,risk,impacto: 'Desenvolver planos de contingência detal'; impacto: bleed de coluna (100 chars); impacto não reconhecido (score: 0.09),P:Muito provável | I:Desenvolver planos de contingência detalhados para lidar com falhas ou interrupções nos serviços dos | T:Mitigar,P:muito provável | I:Desenvolver planos de contingência detalhados para lidar com falhas ou interrupções nos serviços dos | T:mitigar,low
2,DNOCS,risk,impacto: 'estabelecer canais de comunicação direta'; impacto: bleed de coluna (109 chars); impacto: bleed de coluna (109 chars); impacto não reconhecido (score: 0.17),P:Pouco provável | I:estabelecer canais de comunicação direta para garantir o alinhamento de expectativas e a troca de informações | T:Mitigar,P:pouco provável | I:estabelecer canais de comunicação direta para garantir o alinhamento de expectativas e a troca de informações | T:mitigar,low
2,DNOCS,risk,impacto: 'Documentar e comunicar claramente o impa'; impacto: bleed de coluna (150 chars); impacto: bleed de coluna (150 chars); impacto não reconhecido (score: 0.12),"P:Pouco provável | I:Documentar e comunicar claramente o impacto de qualquer mudança estratégica no PTD, buscando soluções colaborativas para minimizar os efeitos adversos | T:Mitigar","P:pouco provável | I:Documentar e comunicar claramente o impacto de qualquer mudança estratégica no PTD, buscando soluções colaborativas para minimizar os efeitos adversos | T:mitigar",low
2,DNOCS,risk,"impacto: 'Implantar controles de acesso rigorosos,'; impacto: bleed de coluna (97 chars); impacto não reconhecido (score: 0.15)","P:Pouco Provável | I:Implantar controles de acesso rigorosos, limitando o acesso a dados apenas a usuários autorizados | T:Mitigar","P:pouco provável | I:Implantar controles de acesso rigorosos, limitando o acesso a dados apenas a usuários autorizados | T:mitigar",low
2,DNOCS,risk,impacto: 'Implementar um sistema de gestão do conh'; impacto: bleed de coluna (105 chars); impacto: bleed de coluna (105 chars); impacto não reconhecido (score: 0.09),"P:Provável | I:Implementar um sistema de gestão do conheciment o para documentar e compartilhar as melhores práticas, os | T:Mitigar","P:provável | I:Implementar um sistema de gestão do conheciment o para documentar e compartilhar as melhores práticas, os | T:mitigar",low
2,INMETRO,risk,probabilidade: 'Medio'; probabilidade: column-shift (casa em 'impacto'); probabilidade não reconhecida (score: 0.26),P:Medio | I:Médio | T:Mitigar,P:Medio | I:médio | T:mitigar,low
2,MJSP,risk,probabilidade: 'rência'; risco vazio; probabilidade não reconhecida (score: 0.40),P:rência | I: | T:,P:rência | I: | T:,low
2,MMULHERES,risk,tratamento: bleed de coluna (165 chars); tratamento: bleed de coluna (165 chars); tratamento '- Sensibilização para apoio da alta administração' não reconhecido (score: 0.25); tratamento '| - Alinhamento contínuo com as diretrizes do governo. | - Monitoramento das propostas legislativas e participação' não reconhecido (score: 0.11); tratamento múltiplo/composto ('- Sensibilização para apoio da alta admi'),P:Pouco Provável | I:Alto | T:- Sensibilização para apoio da alta administração; | - Alinhamento contínuo com as diretrizes do governo. | - Monitoramento das propostas legislativas e participação,P:pouco provável | I:alto | T:- Sensibilização para apoio da alta administração; | - Alinhamento contínuo com as diretrizes do governo. | - Monitoramento das propostas legislativas e participação,low
2,MMULHERES,risk,tratamento: bleed de coluna (70 chars); tratamento 'orçamento digital. | - Adoção de princípios de acessibilidade digital' não reconhecido (score: 0.16),P:provável Muito | I:Alto | T:orçamento digital. | - Adoção de princípios de acessibilidade digital;,P:muito provável | I:alto | T:orçamento digital. | - Adoção de princípios de acessibilidade digital,low
2,MMULHERES,risk,tratamento: bleed de coluna (115 chars); tratamento: bleed de coluna (115 chars); tratamento '- Parcerias estratégicas para expansão da infraestrutura | digital. | - Criação de estratégias de acesso inclusivo' não reconhecido (score: 0.12),P:Provável Muito | I:Médio Muito | T:- Parcerias estratégicas para expansão da infraestrutura | digital. | - Criação de estratégias de acesso inclusivo;,P:muito provável | I:médio | T:- Parcerias estratégicas para expansão da infraestrutura | digital. | - Criação de estratégias de acesso inclusivo,low
2,MMULHERES,risk,tratamento: bleed de coluna (121 chars); tratamento: bleed de coluna (121 chars); tratamento 'acessibilidade' não reconhecido (score: 0.48); tratamento '| - Campanhas de conscientização. | - Aprimoramento das políticas de conformidade com a | LGPD e ao PPSI' não reconhecido (score: 0.13); tratamento múltiplo/composto ('acessibilidade; | - Campanhas de conscie'),P:provável Pouco | I:alto Muito | T:acessibilidade; | - Campanhas de conscientização. | - Aprimoramento das políticas de conformidade com a | LGPD e ao PPSI;,P:pouco provável | I:muito alto | T:acessibilidade; | - Campanhas de conscientização. | - Aprimoramento das políticas de conformidade com a | LGPD e ao PPSI,low
2,MMULHERES,risk,tratamento: bleed de coluna (152 chars); tratamento: bleed de coluna (152 chars); tratamento '- Implementação de protocolos avançados de proteção' não reconhecido (score: 0.23); tratamento '| - Monitoramento contínuo de ameaças. | - Sensibilização da alta administração para priorização de' não reconhecido (score: 0.15); tratamento múltiplo/composto ('- Implementação de protocolos avançados '),P:Provável Pouco | I:alto | T:- Implementação de protocolos avançados de proteção; | - Monitoramento contínuo de ameaças. | - Sensibilização da alta administração para priorização de,P:pouco provável | I:alto | T:- Implementação de protocolos avançados de proteção; | - Monitoramento contínuo de ameaças. | - Sensibilização da alta administração para priorização de,low
2,MMULHERES,risk,tratamento: bleed de coluna (162 chars); tratamento: bleed de coluna (162 chars); tratamento '- Desenvolvimento de soluções internas' não reconhecido (score: 0.30); tratamento '| - Planejamento de migração tecnológica sustentável. | - Reuniões estratégicas de alinhamento com a alta | administração' não reconhecido (score: 0.11); tratamento múltiplo/composto ('- Desenvolvimento de soluções internas; '),P:provável Pouco | I:Médio | T:- Desenvolvimento de soluções internas; | - Planejamento de migração tecnológica sustentável. | - Reuniões estratégicas de alinhamento com a alta | administração;,P:pouco provável | I:médio | T:- Desenvolvimento de soluções internas; | - Planejamento de migração tecnológica sustentável. | - Reuniões estratégicas de alinhamento com a alta | administração,low
2,MMULHERES,risk,tratamento: bleed de coluna (130 chars); tratamento: bleed de coluna (130 chars); tratamento '- Desenvolvimento de plataformas adaptáveis a diferentes | contextos socioculturais. | - Sensibilização e capacitação das equipes' não reconhecido (score: 0.10),P:provável Muito | I:alto | T:- Desenvolvimento de plataformas adaptáveis a diferentes | contextos socioculturais. | - Sensibilização e capacitação das equipes;,P:muito provável | I:alto | T:- Desenvolvimento de plataformas adaptáveis a diferentes | contextos socioculturais. | - Sensibilização e capacitação das equipes,low
2,MMULHERES,risk,tratamento: bleed de coluna (138 chars); tratamento: bleed de coluna (138 chars); tratamento '- Estratégias de governança de dados eficazes' não reconhecido (score: 0.25); tratamento '| - Adoção de protocolos de segurança cibernética. | - Capacitação contínua dos servidores' não reconhecido (score: 0.16); tratamento múltiplo/composto ('- Estratégias de governança de dados efi'),P:Provável | I:alto | T:- Estratégias de governança de dados eficazes; | - Adoção de protocolos de segurança cibernética. | - Capacitação contínua dos servidores;,P:provável | I:alto | T:- Estratégias de governança de dados eficazes; | - Adoção de protocolos de segurança cibernética. | - Capacitação contínua dos servidores,low
2,MMULHERES,risk,tratamento: bleed de coluna (106 chars); tratamento: bleed de coluna (106 chars); tratamento '- Parcerias interministeriais para alinhamento técnico. | - Documentação robusta dos processos e entregas' não reconhecido (score: 0.12),P:Provável Pouco | I:Alto | T:- Parcerias interministeriais para alinhamento técnico. | - Documentação robusta dos processos e entregas;,P:pouco provável | I:alto | T:- Parcerias interministeriais para alinhamento técnico. | - Documentação robusta dos processos e entregas,low
2,MMULHERES,risk,tratamento: bleed de coluna (112 chars); tratamento: bleed de coluna (112 chars); tratamento '- Fortalecimento da institucionalização das políticas | digitais. | - Mapeamento e priorização de investimentos' não reconhecido (score: 0.13),P:Provável | I:Alto | T:- Fortalecimento da institucionalização das políticas | digitais. | - Mapeamento e priorização de investimentos;,P:provável | I:alto | T:- Fortalecimento da institucionalização das políticas | digitais. | - Mapeamento e priorização de investimentos,low
2,MMULHERES,risk,tratamento: bleed de coluna (186 chars); tratamento: bleed de coluna (186 chars); tratamento 'ativa em discussões estratégicas' não reconhecido (score: 0.24); tratamento '| - Reporte à alta administração. | - Desenvolvimento de iniciativas de capacitação digital' não reconhecido (score: 0.12); tratamento '| - Criação de canais híbridos de atendimento para garantir' não reconhecido (score: 0.21); tratamento múltiplo/composto ('ativa em discussões estratégicas; | - Re'),P:Provável Muito | I:Alto Muito | T:ativa em discussões estratégicas; | - Reporte à alta administração. | - Desenvolvimento de iniciativas de capacitação digital; | - Criação de canais híbridos de atendimento para garantir,P:muito provável | I:muito alto | T:ativa em discussões estratégicas; | - Reporte à alta administração. | - Desenvolvimento de iniciativas de capacitação digital; | - Criação de canais híbridos de atendimento para garantir,low
2,MMULHERES,risk,tratamento: bleed de coluna (140 chars); tratamento: bleed de coluna (140 chars); tratamento '- Parcerias com instituições para oferta de treinamentos' não reconhecido (score: 0.19); tratamento '| - Planejamento de contratações estratégicas. | - Diversificação de fornecedores' não reconhecido (score: 0.18); tratamento múltiplo/composto ('- Parcerias com instituições para oferta'),P:Provável Muito | I:Alto | T:- Parcerias com instituições para oferta de treinamentos; | - Planejamento de contratações estratégicas. | - Diversificação de fornecedores;,P:muito provável | I:alto | T:- Parcerias com instituições para oferta de treinamentos; | - Planejamento de contratações estratégicas. | - Diversificação de fornecedores,low
2,MMULHERES,risk,tratamento: bleed de coluna (50 chars); tratamento '- Design inclusivo' não reconhecido (score: 0.31); tratamento '| - Testes com usuárias reais.' não reconhecido (score: 0.25); tratamento múltiplo/composto ('- Design inclusivo; | - Testes com usuár'),P:Provável | I:Alto | T:- Design inclusivo; | - Testes com usuárias reais.,P:provável | I:alto | T:- Design inclusivo; | - Testes com usuárias reais.,low
2,MMULHERES,risk,tratamento: bleed de coluna (97 chars); tratamento '- Governança bem definida' não reconhecido (score: 0.18); tratamento '| - Comunicação contínua. | - Fortalecimento da segurança cibernética' não reconhecido (score: 0.18); tratamento múltiplo/composto ('- Governança bem definida; | - Comunicaç'),P:Provável | I:Alto Muito | T:- Governança bem definida; | - Comunicação contínua. | - Fortalecimento da segurança cibernética;,P:provável | I:muito alto | T:- Governança bem definida; | - Comunicação contínua. | - Fortalecimento da segurança cibernética,low
2,MMULHERES,risk,tratamento: bleed de coluna (117 chars); tratamento: bleed de coluna (117 chars); tratamento '- Relatórios periódicos demonstrando impacto e ganhos | das iniciativas. | - Adoção de padrões abertos de integração' não reconhecido (score: 0.14),P:provável | I:Alto | T:- Relatórios periódicos demonstrando impacto e ganhos | das iniciativas. | - Adoção de padrões abertos de integração;,P:provável | I:alto | T:- Relatórios periódicos demonstrando impacto e ganhos | das iniciativas. | - Adoção de padrões abertos de integração,low
2,MPA,risk,tratamento: bleed de coluna (293 chars); tratamento: bleed de coluna (293 chars); tratamento 'Reuniões periódicas de acompanhamento e reportar continuamente a alta gestão. 4. Prospecção de formas alternativas para a composição da força de trabalho. 7. Alinhamento com as estratégias e planos de Governo. 9. Reuniões periódicas de divulgação de informações do Plano e entregas realizadas.' não reconhecido (score: 0.05),P:Provável | I:alto | T:Reuniões periódicas de acompanhamento e reportar continuamente a alta gestão. 4. Prospecção de formas alternativas para a composição da força de trabalho. 7. Alinhamento com as estratégias e planos de Governo. 9. Reuniões periódicas de divulgação de informações do Plano e entregas realizadas.,P:provável | I:alto | T:Reuniões periódicas de acompanhamento e reportar continuamente a alta gestão. 4. Prospecção de formas alternativas para a composição da força de trabalho. 7. Alinhamento com as estratégias e planos de Governo. 9. Reuniões periódicas de divulgação de informações do Plano e entregas realizadas.,low
2,MPA,risk,tratamento: bleed de coluna (304 chars); tratamento: bleed de coluna (304 chars); tratamento 'Fortalecer a conformidade com a LGPD e a melhoria contínua do fluxo de tratamento dos dados. 15. Implementação dos controles previstos nos frameworks do PPSI. 16. Alinhamento com os princípios' não reconhecido (score: 0.06); tratamento 'objetivos e iniciativas da EFGD e com a legislação relativa ao atendimento aos usuários dos serviços públicos.' não reconhecido (score: 0.10); tratamento múltiplo/composto ('Fortalecer a conformidade com a LGPD e a'),"P:Pouco provável | I:muito alto | T:Fortalecer a conformidade com a LGPD e a melhoria contínua do fluxo de tratamento dos dados. 15. Implementação dos controles previstos nos frameworks do PPSI. 16. Alinhamento com os princípios, objetivos e iniciativas da EFGD e com a legislação relativa ao atendimento aos usuários dos serviços públicos.",P:pouco provável | I:muito alto | T:Fortalecer a conformidade com a LGPD e a melhoria contínua do fluxo de tratamento dos dados. 15. Implementação dos controles previstos nos frameworks do PPSI. 16. Alinhamento com os princípios; objetivos e iniciativas da EFGD e com a legislação relativa ao atendimento aos usuários dos serviços públicos.,low
2,MPOR,risk,impacto: 'Prospecçã o de formas alternativas para '; impacto: bleed de coluna (182 chars); impacto: bleed de coluna (182 chars); impacto não reconhecido (score: 0.06),P:Provável | I:Prospecçã o de formas alternativas para viabilizar a composiçã o e a manutençã o da força de trabalho; Utilizar melhores práticas de gerenciame nto de projetos registrando as etapas. | T:Mitigar,P:provável | I:Prospecçã o de formas alternativas para viabilizar a composiçã o e a manutençã o da força de trabalho; Utilizar melhores práticas de gerenciame nto de projetos registrando as etapas. | T:mitigar,low
2,MPOR,risk,impacto: 'Identificaçã o de dependênci as com forn'; impacto: bleed de coluna (160 chars); tratamento: bleed de coluna (160 chars); impacto: bleed de coluna (160 chars); tratamento: bleed de coluna (160 chars); impacto não reconhecido (score: 0.07); tratamento 'Identificaçã o de dependênci as com fornecedor es para o planejamen to preventivo para a contratação ou migração de soluções visando a continuidad e do negócio' não reconhecido (score: 0.07),P:Provável | I:Identificaçã o de dependênci as com fornecedor es para o planejamen to preventivo para a contratação ou migração de soluções visando a continuidad e do negócio; | T:Identificaçã o de dependênci as com fornecedor es para o planejamen to preventivo para a contratação ou migração de soluções visando a continuidad e do negócio;,P:provável | I:Identificaçã o de dependênci as com fornecedor es para o planejamen to preventivo para a contratação ou migração de soluções visando a continuidad e do negócio; | T:Identificaçã o de dependênci as com fornecedor es para o planejamen to preventivo para a contratação ou migração de soluções visando a continuidad e do negócio,low
2,MPOR,risk,"impacto: 'Governanç a bem definida, com alinhament'; impacto: bleed de coluna (55 chars); impacto não reconhecido (score: 0.18)","P:Raro | I:Governanç a bem definida, com alinhament o estratégico, | T:Eliminar","P:raro | I:Governanç a bem definida, com alinhament o estratégico, | T:eliminar",low
2,MPOR,risk,impacto: 'Negociar para minimizar os impactos; Ide'; impacto: bleed de coluna (171 chars); impacto: bleed de coluna (171 chars); impacto não reconhecido (score: 0.07),P:Pouco provável | I:Negociar para minimizar os impactos; Identificaçã o de dependênci as com fornecedor es para o planejamen to preventivo para a contratação ou migração de soluções visando a | T:Mitigar,P:pouco provável | I:Negociar para minimizar os impactos; Identificaçã o de dependênci as com fornecedor es para o planejamen to preventivo para a contratação ou migração de soluções visando a | T:mitigar,low
2,MPOR,risk,impacto: 'Sensibiliza ção das áreas de negócio par'; impacto: bleed de coluna (136 chars); impacto: bleed de coluna (136 chars); impacto não reconhecido (score: 0.12),P:Provável | I:Sensibiliza ção das áreas de negócio para a importância do plano digital; Prospecçã o de formas alternativas para viabilizar a composiçã | T:Mitigar,P:provável | I:Sensibiliza ção das áreas de negócio para a importância do plano digital; Prospecçã o de formas alternativas para viabilizar a composiçã | T:mitigar,low
3,ABIN,delivery,produto Outros; eixo corrigido: '' → 'Projetos Especiais',Outros,Outros,high
3,ABIN,delivery,produto Outros; eixo corrigido: '' → 'Projetos Especiais',Outros,Outros,high
3,ABIN,delivery,produto Outros; eixo corrigido: '' → 'Projetos Especiais',Outros,Outros,high
3,ABIN,delivery,produto Outros; eixo corrigido: '' → 'Projetos Especiais',Outros,Outros,high
3,ABIN,delivery,produto Outros; eixo corrigido: '' → 'Projetos Especiais',Outros,Outros,high
3,ABIN,delivery,eixo corrigido por cross-validation: '' → 'Serviços Digitais e Melhoria da Qualidade',Evolução do Serviço,Evolução do Serviço,high
3,ABIN,delivery,eixo corrigido por cross-validation: '' → 'Serviços Digitais e Melhoria da Qualidade',Evolução do Serviço,Evolução do Serviço,high
3,ABIN,delivery,eixo corrigido por cross-validation: '' → 'Serviços Digitais e Melhoria da Qualidade',Integração à ferramenta de avaliação da,Integração à ferramenta de avaliação da satisfação dos usuários,high
3,ABIN,delivery,eixo corrigido por cross-validation: '' → 'Serviços Digitais e Melhoria da Qualidade',Integração à ferramenta de avaliação da,Integração à ferramenta de avaliação da satisfação dos usuários,high
3,ABIN,delivery,eixo corrigido por cross-validation: '' → 'Serviços Digitais e Melhoria da Qualidade',Integração à ferramenta de avaliação da,Integração à ferramenta de avaliação da satisfação dos usuários,high
3,ABIN,delivery,eixo corrigido por cross-validation: '' → 'Unificação de Canais Digitais',Integração ao Login Único,Integração ao Login Único,high
3,ABIN,delivery,eixo corrigido por cross-validation: '' → 'Unificação de Canais Digitais',Integração ao Login Único,Integração ao Login Único,high
3,ANA,delivery,eixo corrigido por cross-validation: '' → 'Serviços Digitais e Melhoria da Qualidade',Revisão da Descrição dos Serviços,Revisão da descrição dos serviços,high
3,ANA,delivery,eixo corrigido por cross-validation: 'Serviços Digitais e Melhoria da Qualidade' → 'Unificação de Canais Digitais',Implantação do Design System,Implantação do Design System,high
3,ANA,delivery,eixo corrigido por cross-validation: 'Serviços Digitais e Melhoria da Qualidade' → 'Unificação de Canais Digitais',Implantação do Design System,Implantação do Design System,high
3,ANA,delivery,eixo corrigido por cross-validation: 'Serviços Digitais e Melhoria da Qualidade' → 'Unificação de Canais Digitais',Implantação do Design System,Implantação do Design System,high
3,ANA,delivery,eixo corrigido por cross-validation: 'Serviços Digitais e Melhoria da Qualidade' → 'Unificação de Canais Digitais',Implantação do Design System,Implantação do Design System,high
3,ANA,delivery,eixo corrigido por cross-validation: 'Serviços Digitais e Melhoria da Qualidade' → 'Unificação de Canais Digitais',Integração ao Pagtesouro,Integração ao Pagtesouro,high
3,ANAC,delivery,eixo corrigido por cross-validation: 'Serviços Digitais e Melhoria da Qualidade' → 'Unificação de Canais Digitais',Migração de Serviço para Plataforma Unificada,Migração de Serviço para Plataforma Unificada,high
3,ANATEL,delivery,eixo corrigido por cross-validation: '' → 'Governança e Gestão de Dados',Interoperabilidade de Sistemas,Interoperabilidade de Sistemas,high
3,ANATEL,delivery,eixo corrigido por cross-validation: '' → 'Segurança e Privacidade',"Auto-avaliação, análise de lacunas e planejamento do PPSI","Auto-avaliação, análise de lacunas e planejamento do PPSI",high
3,ANATEL,delivery,eixo corrigido por cross-validation: '' → 'Segurança e Privacidade',"Auto-avaliação, análise de lacunas e planejamento do PPSI","Auto-avaliação, análise de lacunas e planejamento do PPSI",high
3,ANATEL,delivery,eixo corrigido por cross-validation: '' → 'Segurança e Privacidade',"Auto-avaliação, análise de lacunas e planejamento do PPSI","Auto-avaliação, análise de lacunas e planejamento do PPSI",high
3,ANATEL,delivery,eixo corrigido por cross-validation: '' → 'Segurança e Privacidade',"Auto-avaliação, análise de lacunas e planejamento do PPSI","Auto-avaliação, análise de lacunas e planejamento do PPSI",high
3,ANATEL,delivery,eixo corrigido por cross-validation: '' → 'Segurança e Privacidade',"Auto-avaliação, análise de lacunas e planejamento do PPSI","Auto-avaliação, análise de lacunas e planejamento do PPSI",high
3,ANATEL,delivery,eixo corrigido por cross-validation: '' → 'Segurança e Privacidade',"Auto-avaliação, análise de lacunas e planejamento do PPSI","Auto-avaliação, análise de lacunas e planejamento do PPSI",high
3,ANATEL,delivery,eixo corrigido por cross-validation: '' → 'Segurança e Privacidade',"Auto-avaliação, análise de lacunas e planejamento do PPSI","Auto-avaliação, análise de lacunas e planejamento do PPSI",high
3,ANATEL,delivery,eixo corrigido por cross-validation: '' → 'Segurança e Privacidade',Implementação do PPSI,Implementação do PPSI,high
3,ANATEL,delivery,eixo corrigido por cross-validation: '' → 'Segurança e Privacidade',Implementação do PPSI,Implementação do PPSI,high
3,ANATEL,delivery,eixo corrigido por cross-validation: '' → 'Segurança e Privacidade',Implementação do PPSI,Implementação do PPSI,high
3,ANATEL,delivery,eixo corrigido por cross-validation: '' → 'Segurança e Privacidade',Implementação do PPSI,Implementação do PPSI,high
3,ANATEL,delivery,eixo corrigido por cross-validation: '' → 'Segurança e Privacidade',Implementação do PPSI,Implementação do PPSI,high
3,ANATEL,delivery,eixo corrigido por cross-validation: '' → 'Segurança e Privacidade',Implementação do PPSI,Implementação do PPSI,high
3,ANATEL,delivery,eixo corrigido por cross-validation: '' → 'Segurança e Privacidade',Implementação do PPSI,Implementação do PPSI,high
3,ANATEL,delivery,eixo corrigido por cross-validation: '' → 'Serviços Digitais e Melhoria da Qualidade',Disponibilização em Acesso Digital,Disponibilização em Acesso Digital,high
3,ANATEL,delivery,eixo corrigido por cross-validation: '' → 'Serviços Digitais e Melhoria da Qualidade',Disponibilização em Acesso Digital,Disponibilização em Acesso Digital,high
3,ANATEL,delivery,eixo corrigido por cross-validation: '' → 'Serviços Digitais e Melhoria da Qualidade',Disponibilização em Acesso Digital,Disponibilização em Acesso Digital,high
3,ANATEL,delivery,eixo corrigido por cross-validation: '' → 'Serviços Digitais e Melhoria da Qualidade',Disponibilização em Acesso Digital,Disponibilização em Acesso Digital,high
3,ANATEL,delivery,eixo corrigido por cross-validation: '' → 'Serviços Digitais e Melhoria da Qualidade',Disponibilização em Acesso Digital,Disponibilização em Acesso Digital,high
3,ANATEL,delivery,eixo corrigido por cross-validation: '' → 'Serviços Digitais e Melhoria da Qualidade',Disponibilização em Acesso Digital,Disponibilização em Acesso Digital,high
3,ANATEL,delivery,eixo corrigido por cross-validation: '' → 'Serviços Digitais e Melhoria da Qualidade',Disponibilização em Acesso Digital,Disponibilização em Acesso Digital,high
3,ANATEL,delivery,eixo corrigido por cross-validation: '' → 'Serviços Digitais e Melhoria da Qualidade',Disponibilização em Acesso Digital,Disponibilização em Acesso Digital,high
3,ANATEL,delivery,eixo corrigido por cross-validation: '' → 'Serviços Digitais e Melhoria da Qualidade',Disponibilização em Acesso Digital,Disponibilização em Acesso Digital,high
3,ANATEL,delivery,eixo corrigido por cross-validation: '' → 'Serviços Digitais e Melhoria da Qualidade',Implementação do VLIBRAS,Implementação do VLIBRAS,high
3,ANATEL,delivery,eixo corrigido por cross-validation: '' → 'Serviços Digitais e Melhoria da Qualidade',Implementação do VLIBRAS,Implementação do VLIBRAS,high
3,ANATEL,delivery,eixo corrigido por cross-validation: '' → 'Serviços Digitais e Melhoria da Qualidade',Implementação do VLIBRAS,Implementação do VLIBRAS,high
3,ANATEL,delivery,eixo corrigido por cross-validation: '' → 'Serviços Digitais e Melhoria da Qualidade',Integração à ferramenta de avaliação da satisfação dos usuários,Integração à ferramenta de avaliação da satisfação dos usuários,high
3,ANATEL,delivery,eixo corrigido por cross-validation: '' → 'Serviços Digitais e Melhoria da Qualidade',Integração à ferramenta de avaliação da satisfação dos usuários,Integração à ferramenta de avaliação da satisfação dos usuários,high
3,ANATEL,delivery,eixo corrigido por cross-validation: '' → 'Serviços Digitais e Melhoria da Qualidade',Integração à ferramenta de avaliação da satisfação dos usuários,Integração à ferramenta de avaliação da satisfação dos usuários,high
3,ANATEL,delivery,eixo corrigido por cross-validation: '' → 'Serviços Digitais e Melhoria da Qualidade',Integração à ferramenta de avaliação da satisfação dos usuários,Integração à ferramenta de avaliação da satisfação dos usuários,high
3,ANATEL,delivery,eixo corrigido por cross-validation: '' → 'Serviços Digitais e Melhoria da Qualidade',Integração à ferramenta de avaliação da satisfação dos usuários,Integração à ferramenta de avaliação da satisfação dos usuários,high
3,ANATEL,delivery,eixo corrigido por cross-validation: '' → 'Serviços Digitais e Melhoria da Qualidade',Integração à ferramenta de avaliação da satisfação dos usuários,Integração à ferramenta de avaliação da satisfação dos usuários,high
3,ANATEL,delivery,eixo corrigido por cross-validation: '' → 'Serviços Digitais e Melhoria da Qualidade',Integração à ferramenta de avaliação da satisfação dos usuários,Integração à ferramenta de avaliação da satisfação dos usuários,high
3,ANATEL,delivery,eixo corrigido por cross-validation: '' → 'Serviços Digitais e Melhoria da Qualidade',Integração à ferramenta de avaliação da satisfação dos usuários,Integração à ferramenta de avaliação da satisfação dos usuários,high
3,ANATEL,delivery,eixo corrigido por cross-validation: '' → 'Serviços Digitais e Melhoria da Qualidade',Integração à ferramenta de avaliação da satisfação dos usuários,Integração à ferramenta de avaliação da satisfação dos usuários,high
3,ANATEL,delivery,eixo corrigido por cross-validation: '' → 'Serviços Digitais e Melhoria da Qualidade',Integração à ferramenta de avaliação da satisfação dos usuários,Integração à ferramenta de avaliação da satisfação dos usuários,high
3,ANATEL,delivery,eixo corrigido por cross-validation: '' → 'Serviços Digitais e Melhoria da Qualidade',Integração à ferramenta de avaliação da satisfação dos usuários,Integração à ferramenta de avaliação da satisfação dos usuários,high
3,ANATEL,delivery,eixo corrigido por cross-validation: '' → 'Serviços Digitais e Melhoria da Qualidade',Integração à ferramenta de avaliação da satisfação dos usuários,Integração à ferramenta de avaliação da satisfação dos usuários,high
3,ANATEL,delivery,eixo corrigido por cross-validation: '' → 'Serviços Digitais e Melhoria da Qualidade',Integração à ferramenta de avaliação da satisfação dos usuários,Integração à ferramenta de avaliação da satisfação dos usuários,high
3,ANATEL,delivery,eixo corrigido por cross-validation: '' → 'Serviços Digitais e Melhoria da Qualidade',Integração à ferramenta de avaliação da satisfação dos usuários,Integração à ferramenta de avaliação da satisfação dos usuários,high
3,ANATEL,delivery,eixo corrigido por cross-validation: '' → 'Serviços Digitais e Melhoria da Qualidade',Integração à ferramenta de avaliação da satisfação dos usuários,Integração à ferramenta de avaliação da satisfação dos usuários,high
3,ANATEL,delivery,eixo corrigido por cross-validation: '' → 'Serviços Digitais e Melhoria da Qualidade',Integração à ferramenta de avaliação da satisfação dos usuários,Integração à ferramenta de avaliação da satisfação dos usuários,high
3,ANATEL,delivery,eixo corrigido por cross-validation: '' → 'Serviços Digitais e Melhoria da Qualidade',Integração à ferramenta de avaliação da satisfação dos usuários,Integração à ferramenta de avaliação da satisfação dos usuários,high
3,ANATEL,delivery,eixo corrigido por cross-validation: '' → 'Serviços Digitais e Melhoria da Qualidade',Integração à ferramenta de avaliação da satisfação dos usuários,Integração à ferramenta de avaliação da satisfação dos usuários,high
3,ANATEL,delivery,eixo corrigido por cross-validation: '' → 'Serviços Digitais e Melhoria da Qualidade',Integração à ferramenta de avaliação da satisfação dos usuários,Integração à ferramenta de avaliação da satisfação dos usuários,high
3,ANATEL,delivery,eixo corrigido por cross-validation: '' → 'Serviços Digitais e Melhoria da Qualidade',Integração à ferramenta de avaliação da satisfação dos usuários,Integração à ferramenta de avaliação da satisfação dos usuários,high
3,ANATEL,delivery,eixo corrigido por cross-validation: '' → 'Serviços Digitais e Melhoria da Qualidade',Integração à ferramenta de avaliação da satisfação dos usuários,Integração à ferramenta de avaliação da satisfação dos usuários,high
3,ANATEL,delivery,eixo corrigido por cross-validation: '' → 'Serviços Digitais e Melhoria da Qualidade',Integração à ferramenta de avaliação da satisfação dos usuários,Integração à ferramenta de avaliação da satisfação dos usuários,high
3,ANATEL,delivery,eixo corrigido por cross-validation: '' → 'Serviços Digitais e Melhoria da Qualidade',Integração à ferramenta de avaliação da satisfação dos usuários,Integração à ferramenta de avaliação da satisfação dos usuários,high
3,ANATEL,delivery,eixo corrigido por cross-validation: '' → 'Serviços Digitais e Melhoria da Qualidade',Realização de Autodiagnóstico de Qualidade,Realização de Autodiagnóstico de Qualidade,high
3,ANATEL,delivery,eixo corrigido por cross-validation: '' → 'Unificação de Canais Digitais',Implantação do Design System,Implantação do Design System,high
3,ANATEL,delivery,eixo corrigido por cross-validation: '' → 'Unificação de Canais Digitais',Integração ao Login Único,Integração ao Login Único,high
3,ANATEL,delivery,eixo corrigido por cross-validation: '' → 'Unificação de Canais Digitais',Integração ao Pagtesouro,Integração ao Pagtesouro,high
3,ANEEL,delivery,eixo corrigido por cross-validation: '' → 'Segurança e Privacidade',"Auto-avaliação, análise de lacunas e planejamento do PPSI","Auto-avaliação, análise de lacunas e planejamento do PPSI",high
3,ANM,delivery,eixo corrigido por cross-validation: '' → 'Governança e Gestão de Dados',Integração à base de dados (OUTROS),Integração à base de dados,high
3,ANM,delivery,eixo corrigido por cross-validation: '' → 'Segurança e Privacidade',"Auto-avaliação, análise de lacunas e planejamento do PPSI","Auto-avaliação, análise de lacunas e planejamento do PPSI",high
3,ANM,delivery,eixo corrigido por cross-validation: '' → 'Segurança e Privacidade',"Auto-avaliação, análise de lacunas e planejamento do PPSI","Auto-avaliação, análise de lacunas e planejamento do PPSI",high
3,ANM,delivery,eixo corrigido por cross-validation: '' → 'Segurança e Privacidade',"Auto-avaliação, análise de lacunas e planejamento do PPSI","Auto-avaliação, análise de lacunas e planejamento do PPSI",high
3,ANM,delivery,eixo corrigido por cross-validation: '' → 'Segurança e Privacidade',"Auto-avaliação, análise de lacunas e planejamento do PPSI","Auto-avaliação, análise de lacunas e planejamento do PPSI",high
3,ANM,delivery,eixo corrigido por cross-validation: '' → 'Segurança e Privacidade',Implementação do PPSI,Implementação do PPSI,high
3,ANM,delivery,eixo corrigido por cross-validation: '' → 'Segurança e Privacidade',Implementação do PPSI,Implementação do PPSI,high
3,ANM,delivery,eixo corrigido por cross-validation: '' → 'Segurança e Privacidade',Implementação do PPSI,Implementação do PPSI,high
3,ANM,delivery,eixo corrigido por cross-validation: '' → 'Segurança e Privacidade',Implementação do PPSI,Implementação do PPSI,high
3,ANM,delivery,eixo corrigido por cross-validation: '' → 'Serviços Digitais e Melhoria da Qualidade',Evolução do Serviço,Evolução do Serviço,high
3,ANM,delivery,eixo corrigido por cross-validation: '' → 'Serviços Digitais e Melhoria da Qualidade',Evolução do Serviço,Evolução do Serviço,high
3,ANM,delivery,eixo corrigido por cross-validation: '' → 'Serviços Digitais e Melhoria da Qualidade',Evolução do Serviço,Evolução do Serviço,high
3,ANM,delivery,eixo corrigido por cross-validation: '' → 'Serviços Digitais e Melhoria da Qualidade',Evolução do Serviço,Evolução do Serviço,high
3,ANM,delivery,eixo corrigido por cross-validation: '' → 'Serviços Digitais e Melhoria da Qualidade',Evolução do Serviço,Evolução do Serviço,high
3,ANM,delivery,eixo corrigido por cross-validation: '' → 'Serviços Digitais e Melhoria da Qualidade',Evolução do Serviço,Evolução do Serviço,high
3,ANM,delivery,eixo corrigido por cross-validation: '' → 'Serviços Digitais e Melhoria da Qualidade',Evolução do Serviço,Evolução do Serviço,high
3,ANM,delivery,eixo corrigido por cross-validation: '' → 'Serviços Digitais e Melhoria da Qualidade',Evolução do Serviço,Evolução do Serviço,high
3,ANM,delivery,eixo corrigido por cross-validation: '' → 'Serviços Digitais e Melhoria da Qualidade',Evolução do Serviço,Evolução do Serviço,high
3,ANM,delivery,eixo corrigido por cross-validation: '' → 'Serviços Digitais e Melhoria da Qualidade',Evolução do Serviço,Evolução do Serviço,high
3,ANM,delivery,eixo corrigido por cross-validation: '' → 'Serviços Digitais e Melhoria da Qualidade',Evolução do Serviço,Evolução do Serviço,high
3,ANM,delivery,eixo corrigido por cross-validation: '' → 'Serviços Digitais e Melhoria da Qualidade',Evolução do Serviço,Evolução do Serviço,high
3,ANM,delivery,eixo corrigido por cross-validation: '' → 'Serviços Digitais e Melhoria da Qualidade',Evolução do Serviço,Evolução do Serviço,high
3,ANM,delivery,eixo corrigido por cross-validation: '' → 'Serviços Digitais e Melhoria da Qualidade',Evolução do Serviço,Evolução do Serviço,high
3,ANM,delivery,eixo corrigido por cross-validation: '' → 'Serviços Digitais e Melhoria da Qualidade',Evolução do Serviço,Evolução do Serviço,high
3,ANM,delivery,eixo corrigido por cross-validation: '' → 'Serviços Digitais e Melhoria da Qualidade',Evolução do Serviço,Evolução do Serviço,high
3,ANM,delivery,eixo corrigido por cross-validation: '' → 'Serviços Digitais e Melhoria da Qualidade',Evolução do Serviço,Evolução do Serviço,high
3,ANM,delivery,eixo corrigido por cross-validation: '' → 'Serviços Digitais e Melhoria da Qualidade',Evolução do Serviço,Evolução do Serviço,high
3,ANM,delivery,eixo corrigido por cross-validation: '' → 'Serviços Digitais e Melhoria da Qualidade',Evolução do Serviço,Evolução do Serviço,high
3,ANM,delivery,eixo corrigido por cross-validation: '' → 'Serviços Digitais e Melhoria da Qualidade',Evolução do Serviço,Evolução do Serviço,high
3,ANM,delivery,eixo corrigido por cross-validation: '' → 'Serviços Digitais e Melhoria da Qualidade',Evolução do Serviço,Evolução do Serviço,high
3,ANM,delivery,eixo corrigido por cross-validation: '' → 'Serviços Digitais e Melhoria da Qualidade',Evolução do Serviço,Evolução do Serviço,high
3,ANM,delivery,eixo corrigido por cross-validation: '' → 'Serviços Digitais e Melhoria da Qualidade',Evolução do Serviço,Evolução do Serviço,high
3,ANM,delivery,eixo corrigido por cross-validation: '' → 'Serviços Digitais e Melhoria da Qualidade',Evolução do Serviço,Evolução do Serviço,high
3,ANM,delivery,eixo corrigido por cross-validation: '' → 'Serviços Digitais e Melhoria da Qualidade',Evolução do Serviço,Evolução do Serviço,high
3,ANM,delivery,eixo corrigido por cross-validation: '' → 'Serviços Digitais e Melhoria da Qualidade',Evolução do Serviço,Evolução do Serviço,high
3,ANM,delivery,eixo corrigido por cross-validation: '' → 'Serviços Digitais e Melhoria da Qualidade',Evolução do Serviço,Evolução do Serviço,high
3,ANM,delivery,eixo corrigido por cross-validation: '' → 'Serviços Digitais e Melhoria da Qualidade',Evolução do Serviço,Evolução do Serviço,high
3,ANM,delivery,eixo corrigido por cross-validation: '' → 'Serviços Digitais e Melhoria da Qualidade',Evolução do Serviço,Evolução do Serviço,high
3,ANM,delivery,eixo corrigido por cross-validation: '' → 'Serviços Digitais e Melhoria da Qualidade',Evolução do Serviço,Evolução do Serviço,high
3,ANM,delivery,eixo corrigido por cross-validation: '' → 'Serviços Digitais e Melhoria da Qualidade',Evolução do Serviço,Evolução do Serviço,high
3,ANM,delivery,eixo corrigido por cross-validation: '' → 'Serviços Digitais e Melhoria da Qualidade',Evolução do Serviço,Evolução do Serviço,high
3,ANM,delivery,eixo corrigido por cross-validation: '' → 'Serviços Digitais e Melhoria da Qualidade',Evolução do Serviço,Evolução do Serviço,high
3,ANM,delivery,eixo corrigido por cross-validation: '' → 'Serviços Digitais e Melhoria da Qualidade',Evolução do Serviço,Evolução do Serviço,high
3,ANM,delivery,eixo corrigido por cross-validation: '' → 'Serviços Digitais e Melhoria da Qualidade',Evolução do Serviço,Evolução do Serviço,high
3,ANM,delivery,eixo corrigido por cross-validation: '' → 'Serviços Digitais e Melhoria da Qualidade',Evolução do Serviço,Evolução do Serviço,high
3,ANM,delivery,eixo corrigido por cross-validation: '' → 'Serviços Digitais e Melhoria da Qualidade',Evolução do Serviço,Evolução do Serviço,high
3,ANM,delivery,eixo corrigido por cross-validation: '' → 'Serviços Digitais e Melhoria da Qualidade',Evolução do Serviço,Evolução do Serviço,high
3,ANM,delivery,eixo corrigido por cross-validation: '' → 'Serviços Digitais e Melhoria da Qualidade',Evolução do Serviço,Evolução do Serviço,high
3,ANM,delivery,eixo corrigido por cross-validation: '' → 'Serviços Digitais e Melhoria da Qualidade',Evolução do Serviço,Evolução do Serviço,high
3,ANM,delivery,eixo corrigido por cross-validation: '' → 'Serviços Digitais e Melhoria da Qualidade',Evolução do Serviço,Evolução do Serviço,high
3,ANM,delivery,eixo corrigido por cross-validation: '' → 'Serviços Digitais e Melhoria da Qualidade',Evolução do Serviço,Evolução do Serviço,high
3,ANM,delivery,eixo corrigido por cross-validation: '' → 'Serviços Digitais e Melhoria da Qualidade',Evolução do Serviço,Evolução do Serviço,high
3,ANM,delivery,eixo corrigido por cross-validation: '' → 'Serviços Digitais e Melhoria da Qualidade',Evolução do Serviço,Evolução do Serviço,high
3,ANM,delivery,eixo corrigido por cross-validation: '' → 'Serviços Digitais e Melhoria da Qualidade',Evolução do Serviço,Evolução do Serviço,high
3,ANM,delivery,eixo corrigido por cross-validation: '' → 'Serviços Digitais e Melhoria da Qualidade',Evolução do Serviço,Evolução do Serviço,high
3,ANM,delivery,eixo corrigido por cross-validation: '' → 'Serviços Digitais e Melhoria da Qualidade',Evolução do Serviço,Evolução do Serviço,high
3,ANM,delivery,eixo corrigido por cross-validation: '' → 'Serviços Digitais e Melhoria da Qualidade',Evolução do Serviço,Evolução do Serviço,high
3,ANM,delivery,eixo corrigido por cross-validation: '' → 'Serviços Digitais e Melhoria da Qualidade',Evolução do Serviço,Evolução do Serviço,high
3,ANM,delivery,eixo corrigido por cross-validation: '' → 'Serviços Digitais e Melhoria da Qualidade',Evolução do Serviço,Evolução do Serviço,high
3,ANM,delivery,eixo corrigido por cross-validation: '' → 'Serviços Digitais e Melhoria da Qualidade',Evolução do Serviço,Evolução do Serviço,high
3,ANM,delivery,eixo corrigido por cross-validation: '' → 'Serviços Digitais e Melhoria da Qualidade',Evolução do Serviço,Evolução do Serviço,high
3,ANM,delivery,eixo corrigido por cross-validation: '' → 'Serviços Digitais e Melhoria da Qualidade',Evolução do Serviço,Evolução do Serviço,high
3,ANM,delivery,eixo corrigido por cross-validation: '' → 'Serviços Digitais e Melhoria da Qualidade',Evolução do Serviço,Evolução do Serviço,high
3,ANM,delivery,eixo corrigido por cross-validation: '' → 'Serviços Digitais e Melhoria da Qualidade',Evolução do Serviço,Evolução do Serviço,high
3,ANM,delivery,eixo corrigido por cross-validation: '' → 'Serviços Digitais e Melhoria da Qualidade',Evolução do Serviço,Evolução do Serviço,high
3,ANM,delivery,eixo corrigido por cross-validation: '' → 'Serviços Digitais e Melhoria da Qualidade',Evolução do Serviço,Evolução do Serviço,high
3,ANM,delivery,eixo corrigido por cross-validation: '' → 'Serviços Digitais e Melhoria da Qualidade',Evolução do Serviço,Evolução do Serviço,high
3,ANM,delivery,eixo corrigido por cross-validation: '' → 'Serviços Digitais e Melhoria da Qualidade',Evolução do Serviço,Evolução do Serviço,high
3,ANM,delivery,eixo corrigido por cross-validation: '' → 'Serviços Digitais e Melhoria da Qualidade',Evolução do Serviço,Evolução do Serviço,high
3,ANM,delivery,eixo corrigido por cross-validation: '' → 'Serviços Digitais e Melhoria da Qualidade',Evolução do Serviço,Evolução do Serviço,high
3,ANM,delivery,eixo corrigido por cross-validation: '' → 'Serviços Digitais e Melhoria da Qualidade',Integração à ferramenta de avaliação da satisfação dos usuários,Integração à ferramenta de avaliação da satisfação dos usuários,high
3,ANM,delivery,eixo corrigido por cross-validation: '' → 'Serviços Digitais e Melhoria da Qualidade',Integração à ferramenta de avaliação da satisfação dos usuários,Integração à ferramenta de avaliação da satisfação dos usuários,high
3,ANM,delivery,eixo corrigido por cross-validation: '' → 'Serviços Digitais e Melhoria da Qualidade',Integração à ferramenta de avaliação da satisfação dos usuários,Integração à ferramenta de avaliação da satisfação dos usuários,high
3,ANM,delivery,eixo corrigido por cross-validation: '' → 'Serviços Digitais e Melhoria da Qualidade',Integração à ferramenta de avaliação da satisfação dos usuários,Integração à ferramenta de avaliação da satisfação dos usuários,high
3,ANM,delivery,eixo corrigido por cross-validation: '' → 'Serviços Digitais e Melhoria da Qualidade',Integração à ferramenta de avaliação da satisfação dos usuários,Integração à ferramenta de avaliação da satisfação dos usuários,high
3,ANM,delivery,eixo corrigido por cross-validation: '' → 'Serviços Digitais e Melhoria da Qualidade',Integração à ferramenta de avaliação da satisfação dos usuários,Integração à ferramenta de avaliação da satisfação dos usuários,high
3,ANM,delivery,eixo corrigido por cross-validation: '' → 'Serviços Digitais e Melhoria da Qualidade',Integração à ferramenta de avaliação da satisfação dos usuários,Integração à ferramenta de avaliação da satisfação dos usuários,high
3,ANM,delivery,eixo corrigido por cross-validation: '' → 'Serviços Digitais e Melhoria da Qualidade',Integração à ferramenta de avaliação da satisfação dos usuários,Integração à ferramenta de avaliação da satisfação dos usuários,high
3,ANM,delivery,eixo corrigido por cross-validation: '' → 'Serviços Digitais e Melhoria da Qualidade',Integração à ferramenta de avaliação da satisfação dos usuários,Integração à ferramenta de avaliação da satisfação dos usuários,high
3,ANM,delivery,eixo corrigido por cross-validation: '' → 'Serviços Digitais e Melhoria da Qualidade',Integração à ferramenta de avaliação da satisfação dos usuários,Integração à ferramenta de avaliação da satisfação dos usuários,high
3,ANM,delivery,eixo corrigido por cross-validation: '' → 'Serviços Digitais e Melhoria da Qualidade',Integração à ferramenta de avaliação da satisfação dos usuários,Integração à ferramenta de avaliação da satisfação dos usuários,high
3,ANM,delivery,eixo corrigido por cross-validation: '' → 'Serviços Digitais e Melhoria da Qualidade',Integração à ferramenta de avaliação da satisfação dos usuários,Integração à ferramenta de avaliação da satisfação dos usuários,high
3,ANM,delivery,eixo corrigido por cross-validation: '' → 'Serviços Digitais e Melhoria da Qualidade',Integração à ferramenta de avaliação da satisfação dos usuários,Integração à ferramenta de avaliação da satisfação dos usuários,high
3,ANM,delivery,eixo corrigido por cross-validation: '' → 'Serviços Digitais e Melhoria da Qualidade',Integração à ferramenta de avaliação da satisfação dos usuários,Integração à ferramenta de avaliação da satisfação dos usuários,high
3,ANM,delivery,eixo corrigido por cross-validation: '' → 'Serviços Digitais e Melhoria da Qualidade',Integração à ferramenta de avaliação da satisfação dos usuários,Integração à ferramenta de avaliação da satisfação dos usuários,high
3,ANM,delivery,eixo corrigido por cross-validation: '' → 'Serviços Digitais e Melhoria da Qualidade',Integração à ferramenta de avaliação da satisfação dos usuários,Integração à ferramenta de avaliação da satisfação dos usuários,high
3,ANM,delivery,eixo corrigido por cross-validation: '' → 'Serviços Digitais e Melhoria da Qualidade',Integração à ferramenta de avaliação da satisfação dos usuários,Integração à ferramenta de avaliação da satisfação dos usuários,high
3,ANM,delivery,eixo corrigido por cross-validation: '' → 'Serviços Digitais e Melhoria da Qualidade',Integração à ferramenta de avaliação da satisfação dos usuários,Integração à ferramenta de avaliação da satisfação dos usuários,high
3,ANM,delivery,eixo corrigido por cross-validation: '' → 'Serviços Digitais e Melhoria da Qualidade',Integração à ferramenta de avaliação da satisfação dos usuários,Integração à ferramenta de avaliação da satisfação dos usuários,high
3,ANM,delivery,eixo corrigido por cross-validation: '' → 'Serviços Digitais e Melhoria da Qualidade',Integração à ferramenta de avaliação da satisfação dos usuários,Integração à ferramenta de avaliação da satisfação dos usuários,high
3,ANM,delivery,eixo corrigido por cross-validation: '' → 'Serviços Digitais e Melhoria da Qualidade',Integração à ferramenta de avaliação da satisfação dos usuários,Integração à ferramenta de avaliação da satisfação dos usuários,high
3,ANM,delivery,eixo corrigido por cross-validation: '' → 'Serviços Digitais e Melhoria da Qualidade',Integração à ferramenta de avaliação da satisfação dos usuários,Integração à ferramenta de avaliação da satisfação dos usuários,high
3,ANM,delivery,eixo corrigido por cross-validation: '' → 'Serviços Digitais e Melhoria da Qualidade',Integração à ferramenta de avaliação da satisfação dos usuários,Integração à ferramenta de avaliação da satisfação dos usuários,high
3,ANM,delivery,eixo corrigido por cross-validation: '' → 'Serviços Digitais e Melhoria da Qualidade',Integração à ferramenta de avaliação da satisfação dos usuários,Integração à ferramenta de avaliação da satisfação dos usuários,high
3,ANM,delivery,eixo corrigido por cross-validation: '' → 'Serviços Digitais e Melhoria da Qualidade',Integração à ferramenta de avaliação da satisfação dos usuários,Integração à ferramenta de avaliação da satisfação dos usuários,high
3,ANM,delivery,eixo corrigido por cross-validation: '' → 'Serviços Digitais e Melhoria da Qualidade',Integração à ferramenta de avaliação da satisfação dos usuários,Integração à ferramenta de avaliação da satisfação dos usuários,high
3,ANM,delivery,eixo corrigido por cross-validation: '' → 'Serviços Digitais e Melhoria da Qualidade',Integração à ferramenta de avaliação da satisfação dos usuários,Integração à ferramenta de avaliação da satisfação dos usuários,high
3,ANM,delivery,eixo corrigido por cross-validation: '' → 'Serviços Digitais e Melhoria da Qualidade',Integração à ferramenta de avaliação da satisfação dos usuários,Integração à ferramenta de avaliação da satisfação dos usuários,high
3,ANM,delivery,eixo corrigido por cross-validation: '' → 'Serviços Digitais e Melhoria da Qualidade',Integração à ferramenta de avaliação da satisfação dos usuários,Integração à ferramenta de avaliação da satisfação dos usuários,high
3,ANM,delivery,eixo corrigido por cross-validation: '' → 'Serviços Digitais e Melhoria da Qualidade',Integração à ferramenta de avaliação da satisfação dos usuários,Integração à ferramenta de avaliação da satisfação dos usuários,high
3,ANM,delivery,eixo corrigido por cross-validation: '' → 'Serviços Digitais e Melhoria da Qualidade',Integração à ferramenta de avaliação da satisfação dos usuários,Integração à ferramenta de avaliação da satisfação dos usuários,high
3,ANM,delivery,eixo corrigido por cross-validation: '' → 'Serviços Digitais e Melhoria da Qualidade',Realização de Autodiagnóstico de Qualidade,Realização de Autodiagnóstico de Qualidade,high
3,ANM,delivery,eixo corrigido por cross-validation: '' → 'Serviços Digitais e Melhoria da Qualidade',Realização de Autodiagnóstico de Qualidade,Realização de Autodiagnóstico de Qualidade,high
3,ANM,delivery,eixo corrigido por cross-validation: '' → 'Serviços Digitais e Melhoria da Qualidade',Realização de Autodiagnóstico de Qualidade,Realização de Autodiagnóstico de Qualidade,high
3,ANM,delivery,eixo corrigido por cross-validation: '' → 'Serviços Digitais e Melhoria da Qualidade',Realização de Autodiagnóstico de Qualidade,Realização de Autodiagnóstico de Qualidade,high
3,ANM,delivery,eixo corrigido por cross-validation: '' → 'Serviços Digitais e Melhoria da Qualidade',Realização de Autodiagnóstico de Qualidade,Realização de Autodiagnóstico de Qualidade,high
3,ANM,delivery,eixo corrigido por cross-validation: '' → 'Serviços Digitais e Melhoria da Qualidade',Realização de Autodiagnóstico de Qualidade,Realização de Autodiagnóstico de Qualidade,high
3,ANM,delivery,eixo corrigido por cross-validation: '' → 'Serviços Digitais e Melhoria da Qualidade',Realização de Autodiagnóstico de Qualidade,Realização de Autodiagnóstico de Qualidade,high
3,ANM,delivery,eixo corrigido por cross-validation: '' → 'Serviços Digitais e Melhoria da Qualidade',Realização de Autodiagnóstico de Qualidade,Realização de Autodiagnóstico de Qualidade,high
3,ANM,delivery,eixo corrigido por cross-validation: '' → 'Serviços Digitais e Melhoria da Qualidade',Realização de Autodiagnóstico de Qualidade,Realização de Autodiagnóstico de Qualidade,high
3,ANM,delivery,eixo corrigido por cross-validation: '' → 'Serviços Digitais e Melhoria da Qualidade',Realização de Autodiagnóstico de Qualidade,Realização de Autodiagnóstico de Qualidade,high
3,ANM,delivery,eixo corrigido por cross-validation: '' → 'Serviços Digitais e Melhoria da Qualidade',Realização de Autodiagnóstico de Qualidade,Realização de Autodiagnóstico de Qualidade,high
3,ANM,delivery,eixo corrigido por cross-validation: '' → 'Serviços Digitais e Melhoria da Qualidade',Realização de Autodiagnóstico de Qualidade,Realização de Autodiagnóstico de Qualidade,high
3,ANM,delivery,eixo corrigido por cross-validation: '' → 'Serviços Digitais e Melhoria da Qualidade',Realização de Autodiagnóstico de Qualidade,Realização de Autodiagnóstico de Qualidade,high
3,ANM,delivery,eixo corrigido por cross-validation: '' → 'Serviços Digitais e Melhoria da Qualidade',Realização de Autodiagnóstico de Qualidade,Realização de Autodiagnóstico de Qualidade,high
3,ANM,delivery,eixo corrigido por cross-validation: '' → 'Serviços Digitais e Melhoria da Qualidade',Realização de Autodiagnóstico de Qualidade,Realização de Autodiagnóstico de Qualidade,high
3,ANM,delivery,eixo corrigido por cross-validation: '' → 'Serviços Digitais e Melhoria da Qualidade',Realização de Autodiagnóstico de Qualidade,Realização de Autodiagnóstico de Qualidade,high
3,ANM,delivery,eixo corrigido por cross-validation: '' → 'Serviços Digitais e Melhoria da Qualidade',Realização de Autodiagnóstico de Qualidade,Realização de Autodiagnóstico de Qualidade,high
3,ANM,delivery,eixo corrigido por cross-validation: '' → 'Serviços Digitais e Melhoria da Qualidade',Realização de Autodiagnóstico de Qualidade,Realização de Autodiagnóstico de Qualidade,high
3,ANM,delivery,eixo corrigido por cross-validation: '' → 'Serviços Digitais e Melhoria da Qualidade',Realização de Autodiagnóstico de Qualidade,Realização de Autodiagnóstico de Qualidade,high
3,ANM,delivery,eixo corrigido por cross-validation: '' → 'Serviços Digitais e Melhoria da Qualidade',Realização de Autodiagnóstico de Qualidade,Realização de Autodiagnóstico de Qualidade,high
3,ANM,delivery,eixo corrigido por cross-validation: '' → 'Serviços Digitais e Melhoria da Qualidade',Realização de Autodiagnóstico de Qualidade,Realização de Autodiagnóstico de Qualidade,high
3,ANM,delivery,eixo corrigido por cross-validation: '' → 'Serviços Digitais e Melhoria da Qualidade',Realização de Autodiagnóstico de Qualidade,Realização de Autodiagnóstico de Qualidade,high
3,ANM,delivery,eixo corrigido por cross-validation: '' → 'Serviços Digitais e Melhoria da Qualidade',Realização de Autodiagnóstico de Qualidade,Realização de Autodiagnóstico de Qualidade,high
3,ANM,delivery,eixo corrigido por cross-validation: '' → 'Serviços Digitais e Melhoria da Qualidade',Realização de Autodiagnóstico de Qualidade,Realização de Autodiagnóstico de Qualidade,high
3,ANM,delivery,eixo corrigido por cross-validation: '' → 'Serviços Digitais e Melhoria da Qualidade',Realização de Autodiagnóstico de Qualidade,Realização de Autodiagnóstico de Qualidade,high
3,ANM,delivery,eixo corrigido por cross-validation: '' → 'Serviços Digitais e Melhoria da Qualidade',Realização de Autodiagnóstico de Qualidade,Realização de Autodiagnóstico de Qualidade,high
3,ANM,delivery,eixo corrigido por cross-validation: '' → 'Serviços Digitais e Melhoria da Qualidade',Realização de Autodiagnóstico de Qualidade,Realização de Autodiagnóstico de Qualidade,high
3,ANM,delivery,eixo corrigido por cross-validation: '' → 'Serviços Digitais e Melhoria da Qualidade',Realização de Autodiagnóstico de Qualidade,Realização de Autodiagnóstico de Qualidade,high
3,ANM,delivery,eixo corrigido por cross-validation: '' → 'Serviços Digitais e Melhoria da Qualidade',Realização de Autodiagnóstico de Qualidade,Realização de Autodiagnóstico de Qualidade,high
3,ANM,delivery,eixo corrigido por cross-validation: '' → 'Serviços Digitais e Melhoria da Qualidade',Realização de Autodiagnóstico de Qualidade,Realização de Autodiagnóstico de Qualidade,high
3,ANM,delivery,eixo corrigido por cross-validation: '' → 'Serviços Digitais e Melhoria da Qualidade',Realização de Autodiagnóstico de Qualidade,Realização de Autodiagnóstico de Qualidade,high
3,ANM,delivery,eixo corrigido por cross-validation: '' → 'Serviços Digitais e Melhoria da Qualidade',Realização de Autodiagnóstico de Qualidade,Realização de Autodiagnóstico de Qualidade,high
3,ANM,delivery,eixo corrigido por cross-validation: '' → 'Serviços Digitais e Melhoria da Qualidade',Realização de Autodiagnóstico de Qualidade,Realização de Autodiagnóstico de Qualidade,high
3,ANM,delivery,eixo corrigido por cross-validation: '' → 'Serviços Digitais e Melhoria da Qualidade',Realização de Autodiagnóstico de Qualidade,Realização de Autodiagnóstico de Qualidade,high
3,ANM,delivery,eixo corrigido por cross-validation: '' → 'Serviços Digitais e Melhoria da Qualidade',Realização de Autodiagnóstico de Qualidade,Realização de Autodiagnóstico de Qualidade,high
3,ANM,delivery,eixo corrigido por cross-validation: '' → 'Serviços Digitais e Melhoria da Qualidade',Realização de Autodiagnóstico de Qualidade,Realização de Autodiagnóstico de Qualidade,high
3,ANM,delivery,eixo corrigido por cross-validation: '' → 'Serviços Digitais e Melhoria da Qualidade',Realização de Autodiagnóstico de Qualidade,Realização de Autodiagnóstico de Qualidade,high
3,ANM,delivery,eixo corrigido por cross-validation: '' → 'Serviços Digitais e Melhoria da Qualidade',Realização de Autodiagnóstico de Qualidade,Realização de Autodiagnóstico de Qualidade,high
3,ANM,delivery,eixo corrigido por cross-validation: '' → 'Serviços Digitais e Melhoria da Qualidade',Realização de Autodiagnóstico de Qualidade,Realização de Autodiagnóstico de Qualidade,high
3,ANM,delivery,eixo corrigido por cross-validation: '' → 'Serviços Digitais e Melhoria da Qualidade',Realização de Autodiagnóstico de Qualidade,Realização de Autodiagnóstico de Qualidade,high
3,ANM,delivery,eixo corrigido por cross-validation: '' → 'Serviços Digitais e Melhoria da Qualidade',Realização de Autodiagnóstico de Qualidade,Realização de Autodiagnóstico de Qualidade,high
3,ANM,delivery,eixo corrigido por cross-validation: '' → 'Serviços Digitais e Melhoria da Qualidade',Realização de Autodiagnóstico de Qualidade,Realização de Autodiagnóstico de Qualidade,high
3,ANM,delivery,eixo corrigido por cross-validation: '' → 'Serviços Digitais e Melhoria da Qualidade',Realização de Autodiagnóstico de Qualidade,Realização de Autodiagnóstico de Qualidade,high
3,ANM,delivery,eixo corrigido por cross-validation: '' → 'Serviços Digitais e Melhoria da Qualidade',Realização de Autodiagnóstico de Qualidade,Realização de Autodiagnóstico de Qualidade,high
3,ANM,delivery,eixo corrigido por cross-validation: '' → 'Serviços Digitais e Melhoria da Qualidade',Realização de Autodiagnóstico de Qualidade,Realização de Autodiagnóstico de Qualidade,high
3,ANM,delivery,eixo corrigido por cross-validation: '' → 'Serviços Digitais e Melhoria da Qualidade',Realização de Autodiagnóstico de Qualidade,Realização de Autodiagnóstico de Qualidade,high
3,ANM,delivery,eixo corrigido por cross-validation: '' → 'Serviços Digitais e Melhoria da Qualidade',Realização de Autodiagnóstico de Qualidade,Realização de Autodiagnóstico de Qualidade,high
3,ANM,delivery,eixo corrigido por cross-validation: '' → 'Serviços Digitais e Melhoria da Qualidade',Realização de Autodiagnóstico de Qualidade,Realização de Autodiagnóstico de Qualidade,high
3,ANM,delivery,eixo corrigido por cross-validation: '' → 'Serviços Digitais e Melhoria da Qualidade',Realização de Autodiagnóstico de Qualidade,Realização de Autodiagnóstico de Qualidade,high
3,ANM,delivery,eixo corrigido por cross-validation: '' → 'Serviços Digitais e Melhoria da Qualidade',Realização de Autodiagnóstico de Qualidade,Realização de Autodiagnóstico de Qualidade,high
3,ANM,delivery,eixo corrigido por cross-validation: '' → 'Serviços Digitais e Melhoria da Qualidade',Realização de Autodiagnóstico de Qualidade,Realização de Autodiagnóstico de Qualidade,high
3,ANM,delivery,eixo corrigido por cross-validation: '' → 'Serviços Digitais e Melhoria da Qualidade',Realização de Autodiagnóstico de Qualidade,Realização de Autodiagnóstico de Qualidade,high
3,ANM,delivery,eixo corrigido por cross-validation: '' → 'Serviços Digitais e Melhoria da Qualidade',Realização de Autodiagnóstico de Qualidade,Realização de Autodiagnóstico de Qualidade,high
3,ANM,delivery,eixo corrigido por cross-validation: '' → 'Serviços Digitais e Melhoria da Qualidade',Realização de Autodiagnóstico de Qualidade,Realização de Autodiagnóstico de Qualidade,high
3,ANM,delivery,eixo corrigido por cross-validation: '' → 'Serviços Digitais e Melhoria da Qualidade',Realização de Autodiagnóstico de Qualidade,Realização de Autodiagnóstico de Qualidade,high
3,ANM,delivery,eixo corrigido por cross-validation: '' → 'Serviços Digitais e Melhoria da Qualidade',Realização de Autodiagnóstico de Qualidade,Realização de Autodiagnóstico de Qualidade,high
3,ANM,delivery,eixo corrigido por cross-validation: '' → 'Serviços Digitais e Melhoria da Qualidade',Realização de Autodiagnóstico de Qualidade,Realização de Autodiagnóstico de Qualidade,high
3,ANM,delivery,eixo corrigido por cross-validation: '' → 'Serviços Digitais e Melhoria da Qualidade',Realização de Autodiagnóstico de Qualidade,Realização de Autodiagnóstico de Qualidade,high
3,ANM,delivery,eixo corrigido por cross-validation: '' → 'Serviços Digitais e Melhoria da Qualidade',Realização de Autodiagnóstico de Qualidade,Realização de Autodiagnóstico de Qualidade,high
3,ANM,delivery,eixo corrigido por cross-validation: '' → 'Serviços Digitais e Melhoria da Qualidade',Realização de Autodiagnóstico de Qualidade,Realização de Autodiagnóstico de Qualidade,high
3,ANM,delivery,eixo corrigido por cross-validation: '' → 'Unificação de Canais Digitais',Implantação do Design System,Implantação do Design System,high
3,ANM,delivery,eixo corrigido por cross-validation: '' → 'Unificação de Canais Digitais',Implantação do Design System,Implantação do Design System,high
3,ANM,delivery,eixo corrigido por cross-validation: '' → 'Unificação de Canais Digitais',Implantação do Design System,Implantação do Design System,high
3,ANM,delivery,eixo corrigido por cross-validation: '' → 'Unificação de Canais Digitais',Implantação do Design System,Implantação do Design System,high
3,ANM,delivery,eixo corrigido por cross-validation: '' → 'Unificação de Canais Digitais',Implantação do Design System,Implantação do Design System,high
3,ANM,delivery,eixo corrigido por cross-validation: '' → 'Unificação de Canais Digitais',Implantação do Design System,Implantação do Design System,high
3,ANM,delivery,eixo corrigido por cross-validation: '' → 'Unificação de Canais Digitais',Implantação do Design System,Implantação do Design System,high
3,ANM,delivery,eixo corrigido por cross-validation: '' → 'Unificação de Canais Digitais',Implantação do Design System,Implantação do Design System,high
3,ANM,delivery,eixo corrigido por cross-validation: '' → 'Unificação de Canais Digitais',Implantação do Design System,Implantação do Design System,high
3,ANM,delivery,eixo corrigido por cross-validation: '' → 'Unificação de Canais Digitais',Implantação do Design System,Implantação do Design System,high
3,ANM,delivery,eixo corrigido por cross-validation: '' → 'Unificação de Canais Digitais',Implantação do Design System,Implantação do Design System,high
3,ANM,delivery,eixo corrigido por cross-validation: '' → 'Unificação de Canais Digitais',Implantação do Design System,Implantação do Design System,high
3,ANM,delivery,eixo corrigido por cross-validation: '' → 'Unificação de Canais Digitais',Implantação do Design System,Implantação do Design System,high
3,ANM,delivery,eixo corrigido por cross-validation: '' → 'Unificação de Canais Digitais',Implantação do Design System,Implantação do Design System,high
3,ANM,delivery,eixo corrigido por cross-validation: '' → 'Unificação de Canais Digitais',Implantação do Design System,Implantação do Design System,high
3,ANM,delivery,eixo corrigido por cross-validation: '' → 'Unificação de Canais Digitais',Implantação do Design System,Implantação do Design System,high
3,ANM,delivery,eixo corrigido por cross-validation: '' → 'Unificação de Canais Digitais',Implantação do Design System,Implantação do Design System,high
3,ANM,delivery,eixo corrigido por cross-validation: '' → 'Unificação de Canais Digitais',Implantação do Design System,Implantação do Design System,high
3,ANM,delivery,eixo corrigido por cross-validation: '' → 'Unificação de Canais Digitais',Implantação do Design System,Implantação do Design System,high
3,ANM,delivery,eixo corrigido por cross-validation: '' → 'Unificação de Canais Digitais',Implantação do Design System,Implantação do Design System,high
3,ANM,delivery,eixo corrigido por cross-validation: '' → 'Unificação de Canais Digitais',Implantação do Design System,Implantação do Design System,high
3,ANM,delivery,eixo corrigido por cross-validation: '' → 'Unificação de Canais Digitais',Implantação do Design System,Implantação do Design System,high
3,ANM,delivery,eixo corrigido por cross-validation: '' → 'Unificação de Canais Digitais',Implantação do Design System,Implantação do Design System,high
3,ANM,delivery,eixo corrigido por cross-validation: '' → 'Unificação de Canais Digitais',Implantação do Design System,Implantação do Design System,high
3,ANM,delivery,eixo corrigido por cross-validation: '' → 'Unificação de Canais Digitais',Implantação do Design System,Implantação do Design System,high
3,ANM,delivery,eixo corrigido por cross-validation: '' → 'Unificação de Canais Digitais',Implantação do Design System,Implantação do Design System,high
3,ANM,delivery,eixo corrigido por cross-validation: '' → 'Unificação de Canais Digitais',Implantação do Design System,Implantação do Design System,high
3,ANM,delivery,eixo corrigido por cross-validation: '' → 'Unificação de Canais Digitais',Implantação do Design System,Implantação do Design System,high
3,ANM,delivery,eixo corrigido por cross-validation: '' → 'Unificação de Canais Digitais',Implantação do Design System,Implantação do Design System,high
3,ANM,delivery,eixo corrigido por cross-validation: '' → 'Unificação de Canais Digitais',Implantação do Design System,Implantação do Design System,high
3,ANM,delivery,eixo corrigido por cross-validation: '' → 'Unificação de Canais Digitais',Implantação do Design System,Implantação do Design System,high
3,ANM,delivery,eixo corrigido por cross-validation: '' → 'Unificação de Canais Digitais',Implantação do Design System,Implantação do Design System,high
3,ANM,delivery,eixo corrigido por cross-validation: '' → 'Unificação de Canais Digitais',Implantação do Design System,Implantação do Design System,high
3,ANM,delivery,eixo corrigido por cross-validation: '' → 'Unificação de Canais Digitais',Implantação do Design System,Implantação do Design System,high
3,ANM,delivery,eixo corrigido por cross-validation: '' → 'Unificação de Canais Digitais',Implantação do Design System,Implantação do Design System,high
3,ANM,delivery,eixo corrigido por cross-validation: '' → 'Unificação de Canais Digitais',Implantação do Design System,Implantação do Design System,high
3,ANM,delivery,eixo corrigido por cross-validation: '' → 'Unificação de Canais Digitais',Implantação do Design System,Implantação do Design System,high
3,ANM,delivery,eixo corrigido por cross-validation: '' → 'Unificação de Canais Digitais',Implantação do Design System,Implantação do Design System,high
3,ANM,delivery,eixo corrigido por cross-validation: '' → 'Unificação de Canais Digitais',Implantação do Design System,Implantação do Design System,high
3,ANM,delivery,eixo corrigido por cross-validation: '' → 'Unificação de Canais Digitais',Implantação do Design System,Implantação do Design System,high
3,ANM,delivery,eixo corrigido por cross-validation: '' → 'Unificação de Canais Digitais',Implantação do Design System,Implantação do Design System,high
3,ANM,delivery,eixo corrigido por cross-validation: '' → 'Unificação de Canais Digitais',Implantação do Design System,Implantação do Design System,high
3,ANM,delivery,eixo corrigido por cross-validation: '' → 'Unificação de Canais Digitais',Implantação do Design System,Implantação do Design System,high
3,ANM,delivery,eixo corrigido por cross-validation: '' → 'Unificação de Canais Digitais',Implantação do Design System,Implantação do Design System,high
3,ANM,delivery,eixo corrigido por cross-validation: '' → 'Unificação de Canais Digitais',Implantação do Design System,Implantação do Design System,high
3,ANM,delivery,eixo corrigido por cross-validation: '' → 'Unificação de Canais Digitais',Implantação do Design System,Implantação do Design System,high
3,ANM,delivery,eixo corrigido por cross-validation: '' → 'Unificação de Canais Digitais',Implantação do Design System,Implantação do Design System,high
3,ANM,delivery,eixo corrigido por cross-validation: '' → 'Unificação de Canais Digitais',Implantação do Design System,Implantação do Design System,high
3,ANM,delivery,eixo corrigido por cross-validation: '' → 'Unificação de Canais Digitais',Implantação do Design System,Implantação do Design System,high
3,ANM,delivery,eixo corrigido por cross-validation: '' → 'Unificação de Canais Digitais',Implantação do Design System,Implantação do Design System,high
3,ANM,delivery,eixo corrigido por cross-validation: '' → 'Unificação de Canais Digitais',Implantação do Design System,Implantação do Design System,high
3,ANM,delivery,eixo corrigido por cross-validation: '' → 'Unificação de Canais Digitais',Implantação do Design System,Implantação do Design System,high
3,ANM,delivery,eixo corrigido por cross-validation: '' → 'Unificação de Canais Digitais',Implantação do Design System,Implantação do Design System,high
3,ANM,delivery,eixo corrigido por cross-validation: '' → 'Unificação de Canais Digitais',Implantação do Design System,Implantação do Design System,high
3,ANM,delivery,eixo corrigido por cross-validation: '' → 'Unificação de Canais Digitais',Implantação do Design System,Implantação do Design System,high
3,ANM,delivery,eixo corrigido por cross-validation: '' → 'Unificação de Canais Digitais',Implantação do Design System,Implantação do Design System,high
3,ANM,delivery,eixo corrigido por cross-validation: '' → 'Unificação de Canais Digitais',Implantação do Design System,Implantação do Design System,high
3,ANM,delivery,eixo corrigido por cross-validation: '' → 'Unificação de Canais Digitais',Implantação do Design System,Implantação do Design System,high
3,ANM,delivery,eixo corrigido por cross-validation: '' → 'Unificação de Canais Digitais',Implantação do Design System,Implantação do Design System,high
3,ANM,delivery,eixo corrigido por cross-validation: '' → 'Unificação de Canais Digitais',Integração ao Login Único,Integração ao Login Único,high
3,ANM,delivery,eixo corrigido por cross-validation: '' → 'Unificação de Canais Digitais',Integração ao Login Único,Integração ao Login Único,high
3,ANM,delivery,eixo corrigido por cross-validation: '' → 'Unificação de Canais Digitais',Integração ao Login Único,Integração ao Login Único,high
3,ANM,delivery,eixo corrigido por cross-validation: '' → 'Unificação de Canais Digitais',Integração ao Login Único,Integração ao Login Único,high
3,ANM,delivery,eixo corrigido por cross-validation: '' → 'Unificação de Canais Digitais',Integração ao Login Único,Integração ao Login Único,high
3,ANM,delivery,eixo corrigido por cross-validation: '' → 'Unificação de Canais Digitais',Integração ao Login Único,Integração ao Login Único,high
3,ANM,delivery,eixo corrigido por cross-validation: '' → 'Unificação de Canais Digitais',Integração ao Login Único,Integração ao Login Único,high
3,ANM,delivery,eixo corrigido por cross-validation: '' → 'Unificação de Canais Digitais',Integração ao Login Único,Integração ao Login Único,high
3,ANM,delivery,eixo corrigido por cross-validation: '' → 'Unificação de Canais Digitais',Integração ao Login Único,Integração ao Login Único,high
3,ANM,delivery,eixo corrigido por cross-validation: '' → 'Unificação de Canais Digitais',Integração ao Login Único,Integração ao Login Único,high
3,ANM,delivery,eixo corrigido por cross-validation: '' → 'Unificação de Canais Digitais',Integração ao Login Único,Integração ao Login Único,high
3,ANM,delivery,eixo corrigido por cross-validation: '' → 'Unificação de Canais Digitais',Integração ao Login Único,Integração ao Login Único,high
3,ANM,delivery,eixo corrigido por cross-validation: '' → 'Unificação de Canais Digitais',Integração ao Login Único,Integração ao Login Único,high
3,ANM,delivery,eixo corrigido por cross-validation: '' → 'Unificação de Canais Digitais',Integração ao Login Único,Integração ao Login Único,high
3,ANM,delivery,eixo corrigido por cross-validation: '' → 'Unificação de Canais Digitais',Integração ao Login Único,Integração ao Login Único,high
3,ANM,delivery,eixo corrigido por cross-validation: '' → 'Unificação de Canais Digitais',Integração ao Login Único,Integração ao Login Único,high
3,ANM,delivery,eixo corrigido por cross-validation: '' → 'Unificação de Canais Digitais',Integração ao Login Único,Integração ao Login Único,high
3,ANM,delivery,eixo corrigido por cross-validation: '' → 'Unificação de Canais Digitais',Integração ao Login Único,Integração ao Login Único,high
3,ANM,delivery,eixo corrigido por cross-validation: '' → 'Unificação de Canais Digitais',Integração ao Login Único,Integração ao Login Único,high
3,ANM,delivery,eixo corrigido por cross-validation: '' → 'Unificação de Canais Digitais',Integração ao Login Único,Integração ao Login Único,high
3,ANM,delivery,eixo corrigido por cross-validation: '' → 'Unificação de Canais Digitais',Integração ao Login Único,Integração ao Login Único,high
3,ANM,delivery,eixo corrigido por cross-validation: '' → 'Unificação de Canais Digitais',Integração ao Login Único,Integração ao Login Único,high
3,ANM,delivery,eixo corrigido por cross-validation: '' → 'Unificação de Canais Digitais',Integração ao Login Único,Integração ao Login Único,high
3,ANM,delivery,eixo corrigido por cross-validation: '' → 'Unificação de Canais Digitais',Integração ao Login Único,Integração ao Login Único,high
3,ANM,delivery,eixo corrigido por cross-validation: '' → 'Unificação de Canais Digitais',Integração ao Login Único,Integração ao Login Único,high
3,ANM,delivery,eixo corrigido por cross-validation: '' → 'Unificação de Canais Digitais',Integração ao Login Único,Integração ao Login Único,high
3,ANM,delivery,eixo corrigido por cross-validation: '' → 'Unificação de Canais Digitais',Integração ao Login Único,Integração ao Login Único,high
3,ANM,delivery,eixo corrigido por cross-validation: '' → 'Unificação de Canais Digitais',Integração ao Login Único,Integração ao Login Único,high
3,ANM,delivery,eixo corrigido por cross-validation: '' → 'Unificação de Canais Digitais',Integração ao Login Único,Integração ao Login Único,high
3,ANM,delivery,eixo corrigido por cross-validation: '' → 'Unificação de Canais Digitais',Integração ao Pagtesouro,Integração ao Pagtesouro,high
3,ANM,delivery,eixo corrigido por cross-validation: '' → 'Unificação de Canais Digitais',Integração ao Pagtesouro,Integração ao Pagtesouro,high
3,ANM,delivery,eixo corrigido por cross-validation: '' → 'Unificação de Canais Digitais',Integração ao Pagtesouro,Integração ao Pagtesouro,high
3,ANM,delivery,eixo corrigido por cross-validation: '' → 'Unificação de Canais Digitais',Integração ao Pagtesouro,Integração ao Pagtesouro,high
3,ANM,delivery,eixo corrigido por cross-validation: '' → 'Unificação de Canais Digitais',Integração ao Pagtesouro,Integração ao Pagtesouro,high
3,ANM,delivery,eixo corrigido por cross-validation: '' → 'Unificação de Canais Digitais',Integração ao Pagtesouro,Integração ao Pagtesouro,high
3,ANM,delivery,eixo corrigido por cross-validation: '' → 'Unificação de Canais Digitais',Integração ao Pagtesouro,Integração ao Pagtesouro,high
3,ANM,delivery,eixo corrigido por cross-validation: '' → 'Unificação de Canais Digitais',Integração ao Pagtesouro,Integração ao Pagtesouro,high
3,ANM,delivery,eixo corrigido por cross-validation: '' → 'Unificação de Canais Digitais',Integração ao Pagtesouro,Integração ao Pagtesouro,high
3,ANM,delivery,eixo corrigido por cross-validation: '' → 'Unificação de Canais Digitais',Integração ao Pagtesouro,Integração ao Pagtesouro,high
3,ANM,delivery,eixo corrigido por cross-validation: '' → 'Unificação de Canais Digitais',Integração ao Pagtesouro,Integração ao Pagtesouro,high
3,ANM,delivery,eixo corrigido por cross-validation: '' → 'Unificação de Canais Digitais',Integração ao Pagtesouro,Integração ao Pagtesouro,high
3,ANM,delivery,eixo corrigido por cross-validation: '' → 'Unificação de Canais Digitais',Integração ao Pagtesouro,Integração ao Pagtesouro,high
3,ANM,delivery,eixo corrigido por cross-validation: '' → 'Unificação de Canais Digitais',Integração ao Pagtesouro,Integração ao Pagtesouro,high
3,ANM,delivery,eixo corrigido por cross-validation: '' → 'Unificação de Canais Digitais',Integração ao Pagtesouro,Integração ao Pagtesouro,high
3,ANM,delivery,eixo corrigido por cross-validation: '' → 'Unificação de Canais Digitais',Integração ao Pagtesouro,Integração ao Pagtesouro,high
3,ANM,delivery,eixo corrigido por cross-validation: '' → 'Unificação de Canais Digitais',Integração ao Pagtesouro,Integração ao Pagtesouro,high
3,ANM,delivery,eixo corrigido por cross-validation: '' → 'Unificação de Canais Digitais',Integração ao Pagtesouro,Integração ao Pagtesouro,high
3,ANM,delivery,eixo corrigido por cross-validation: '' → 'Unificação de Canais Digitais',Integração ao Pagtesouro,Integração ao Pagtesouro,high
3,ANM,delivery,eixo corrigido por cross-validation: '' → 'Unificação de Canais Digitais',Integração ao Pagtesouro,Integração ao Pagtesouro,high
3,ANM,delivery,eixo corrigido por cross-validation: '' → 'Unificação de Canais Digitais',Integração ao Pagtesouro,Integração ao Pagtesouro,high
3,ANM,delivery,eixo corrigido por cross-validation: '' → 'Unificação de Canais Digitais',Integração ao Pagtesouro,Integração ao Pagtesouro,high
3,ANM,delivery,eixo corrigido por cross-validation: '' → 'Unificação de Canais Digitais',Integração ao Pagtesouro,Integração ao Pagtesouro,high
3,ANM,delivery,eixo corrigido por cross-validation: '' → 'Unificação de Canais Digitais',Integração ao Pagtesouro,Integração ao Pagtesouro,high
3,ANM,delivery,eixo corrigido por cross-validation: '' → 'Unificação de Canais Digitais',Integração ao Pagtesouro,Integração ao Pagtesouro,high
3,ANM,delivery,eixo corrigido por cross-validation: '' → 'Unificação de Canais Digitais',Integração ao Pagtesouro,Integração ao Pagtesouro,high
3,ANM,delivery,eixo corrigido por cross-validation: '' → 'Unificação de Canais Digitais',Integração ao Pagtesouro,Integração ao Pagtesouro,high
3,ANM,delivery,eixo corrigido por cross-validation: '' → 'Unificação de Canais Digitais',Integração ao Pagtesouro,Integração ao Pagtesouro,high
3,ANM,delivery,eixo corrigido por cross-validation: '' → 'Unificação de Canais Digitais',Integração ao Pagtesouro,Integração ao Pagtesouro,high
3,ANM,delivery,eixo corrigido por cross-validation: '' → 'Unificação de Canais Digitais',Integração ao Pagtesouro,Integração ao Pagtesouro,high
3,ANM,delivery,eixo corrigido por cross-validation: '' → 'Unificação de Canais Digitais',Integração ao Pagtesouro,Integração ao Pagtesouro,high
3,ANM,delivery,eixo corrigido por cross-validation: '' → 'Unificação de Canais Digitais',Integração ao Pagtesouro,Integração ao Pagtesouro,high
3,ANM,delivery,eixo corrigido por cross-validation: '' → 'Unificação de Canais Digitais',Integração ao Pagtesouro,Integração ao Pagtesouro,high
3,ANM,delivery,eixo corrigido por cross-validation: '' → 'Unificação de Canais Digitais',Integração ao Pagtesouro,Integração ao Pagtesouro,high
3,ANM,delivery,eixo corrigido por cross-validation: '' → 'Unificação de Canais Digitais',Integração ao Pagtesouro,Integração ao Pagtesouro,high
3,ANM,delivery,eixo corrigido por cross-validation: '' → 'Unificação de Canais Digitais',Integração ao Pagtesouro,Integração ao Pagtesouro,high
3,ANM,delivery,eixo corrigido por cross-validation: '' → 'Unificação de Canais Digitais',Integração ao Pagtesouro,Integração ao Pagtesouro,high
3,ANM,delivery,eixo corrigido por cross-validation: '' → 'Unificação de Canais Digitais',Integração ao Pagtesouro,Integração ao Pagtesouro,high
3,ANM,delivery,eixo corrigido por cross-validation: '' → 'Unificação de Canais Digitais',Integração ao Pagtesouro,Integração ao Pagtesouro,high
3,ANM,delivery,eixo corrigido por cross-validation: '' → 'Unificação de Canais Digitais',Integração ao Pagtesouro,Integração ao Pagtesouro,high
3,ANM,delivery,eixo corrigido por cross-validation: '' → 'Unificação de Canais Digitais',Integração ao Pagtesouro,Integração ao Pagtesouro,high
3,ANM,delivery,eixo corrigido por cross-validation: '' → 'Unificação de Canais Digitais',Integração ao Pagtesouro,Integração ao Pagtesouro,high
3,ANM,delivery,eixo corrigido por cross-validation: '' → 'Unificação de Canais Digitais',Integração ao Pagtesouro,Integração ao Pagtesouro,high
3,ANM,delivery,eixo corrigido por cross-validation: '' → 'Unificação de Canais Digitais',Integração ao Pagtesouro,Integração ao Pagtesouro,high
3,ANM,delivery,eixo corrigido por cross-validation: '' → 'Unificação de Canais Digitais',Integração ao Pagtesouro,Integração ao Pagtesouro,high
3,ANM,delivery,eixo corrigido por cross-validation: '' → 'Unificação de Canais Digitais',Integração ao Pagtesouro,Integração ao Pagtesouro,high
3,ANM,delivery,eixo corrigido por cross-validation: '' → 'Unificação de Canais Digitais',Integração ao Pagtesouro,Integração ao Pagtesouro,high
3,ANM,delivery,eixo corrigido por cross-validation: '' → 'Unificação de Canais Digitais',Integração ao Pagtesouro,Integração ao Pagtesouro,high
3,ANM,delivery,eixo corrigido por cross-validation: '' → 'Unificação de Canais Digitais',Integração ao Pagtesouro,Integração ao Pagtesouro,high
3,ANM,delivery,eixo corrigido por cross-validation: '' → 'Unificação de Canais Digitais',Integração ao Pagtesouro,Integração ao Pagtesouro,high
3,ANM,delivery,eixo corrigido por cross-validation: '' → 'Unificação de Canais Digitais',Integração ao Pagtesouro,Integração ao Pagtesouro,high
3,ANP,delivery,eixo corrigido por cross-validation: '' → 'Governança e Gestão de Dados',Integração à base de dados (OUTROS),Integração à base de dados,high
3,ANP,delivery,eixo corrigido por cross-validation: '' → 'Governança e Gestão de Dados',Integração à base de dados (OUTROS),Integração à base de dados,high
3,ANP,delivery,eixo corrigido por cross-validation: '' → 'Governança e Gestão de Dados',Integração à base de dados (OUTROS),Integração à base de dados,high
3,ANP,delivery,eixo corrigido por cross-validation: '' → 'Segurança e Privacidade',"Auto-avaliação, análise de lacunas e planejamento do PPSI","Auto-avaliação, análise de lacunas e planejamento do PPSI",high
3,ANP,delivery,eixo corrigido por cross-validation: '' → 'Segurança e Privacidade',"Auto-avaliação, análise de lacunas e planejamento do PPSI","Auto-avaliação, análise de lacunas e planejamento do PPSI",high
3,ANP,delivery,eixo corrigido por cross-validation: '' → 'Segurança e Privacidade',"Auto-avaliação, análise de lacunas e planejamento do PPSI","Auto-avaliação, análise de lacunas e planejamento do PPSI",high
3,ANP,delivery,eixo corrigido por cross-validation: '' → 'Segurança e Privacidade',"Auto-avaliação, análise de lacunas e planejamento do PPSI","Auto-avaliação, análise de lacunas e planejamento do PPSI",high
3,ANP,delivery,eixo corrigido por cross-validation: '' → 'Segurança e Privacidade',"Auto-avaliação, análise de lacunas e planejamento do PPSI","Auto-avaliação, análise de lacunas e planejamento do PPSI",high
3,ANP,delivery,eixo corrigido por cross-validation: '' → 'Segurança e Privacidade',"Auto-avaliação, análise de lacunas e planejamento do PPSI","Auto-avaliação, análise de lacunas e planejamento do PPSI",high
3,ANP,delivery,eixo corrigido por cross-validation: '' → 'Segurança e Privacidade',"Auto-avaliação, análise de lacunas e planejamento do PPSI","Auto-avaliação, análise de lacunas e planejamento do PPSI",high
3,ANP,delivery,eixo corrigido por cross-validation: '' → 'Segurança e Privacidade',Implementação do PPSI,Implementação do PPSI,high
3,ANP,delivery,eixo corrigido por cross-validation: '' → 'Segurança e Privacidade',Implementação do PPSI,Implementação do PPSI,high
3,ANP,delivery,eixo corrigido por cross-validation: '' → 'Segurança e Privacidade',Implementação do PPSI,Implementação do PPSI,high
3,ANP,delivery,eixo corrigido por cross-validation: '' → 'Segurança e Privacidade',Implementação do PPSI,Implementação do PPSI,high
3,ANP,delivery,eixo corrigido por cross-validation: '' → 'Segurança e Privacidade',Implementação do PPSI,Implementação do PPSI,high
3,ANP,delivery,eixo corrigido por cross-validation: '' → 'Segurança e Privacidade',Implementação do PPSI,Implementação do PPSI,high
3,ANP,delivery,eixo corrigido por cross-validation: '' → 'Segurança e Privacidade',Implementação do PPSI,Implementação do PPSI,high
3,ANP,delivery,eixo corrigido por cross-validation: '' → 'Serviços Digitais e Melhoria da Qualidade',Disponibilização em Acesso Digital,Disponibilização em Acesso Digital,high
3,ANP,delivery,eixo corrigido por cross-validation: '' → 'Serviços Digitais e Melhoria da Qualidade',Disponibilização em Acesso Digital,Disponibilização em Acesso Digital,high
3,ANP,delivery,eixo corrigido por cross-validation: '' → 'Serviços Digitais e Melhoria da Qualidade',Disponibilização em Acesso Digital,Disponibilização em Acesso Digital,high
3,ANP,delivery,eixo corrigido por cross-validation: '' → 'Serviços Digitais e Melhoria da Qualidade',Disponibilização em Acesso Digital,Disponibilização em Acesso Digital,high
3,ANP,delivery,eixo corrigido por cross-validation: '' → 'Serviços Digitais e Melhoria da Qualidade',Evolução do Serviço,Evolução do Serviço,high
3,ANP,delivery,eixo corrigido por cross-validation: '' → 'Serviços Digitais e Melhoria da Qualidade',Evolução do Serviço,Evolução do Serviço,high
3,ANP,delivery,eixo corrigido por cross-validation: '' → 'Serviços Digitais e Melhoria da Qualidade',Evolução do Serviço,Evolução do Serviço,high
3,ANP,delivery,eixo corrigido por cross-validation: '' → 'Serviços Digitais e Melhoria da Qualidade',Evolução do Serviço,Evolução do Serviço,high
3,ANP,delivery,eixo corrigido por cross-validation: '' → 'Serviços Digitais e Melhoria da Qualidade',Evolução do Serviço,Evolução do Serviço,high
3,ANP,delivery,eixo corrigido por cross-validation: '' → 'Serviços Digitais e Melhoria da Qualidade',Evolução do Serviço,Evolução do Serviço,high
3,ANP,delivery,eixo corrigido por cross-validation: '' → 'Serviços Digitais e Melhoria da Qualidade',Evolução do Serviço,Evolução do Serviço,high
3,ANP,delivery,eixo corrigido por cross-validation: '' → 'Serviços Digitais e Melhoria da Qualidade',Evolução do Serviço,Evolução do Serviço,high
3,ANP,delivery,eixo corrigido por cross-validation: '' → 'Serviços Digitais e Melhoria da Qualidade',Evolução do Serviço,Evolução do Serviço,high
3,ANP,delivery,eixo corrigido por cross-validation: '' → 'Serviços Digitais e Melhoria da Qualidade',Evolução do Serviço,Evolução do Serviço,high
3,ANP,delivery,eixo corrigido por cross-validation: '' → 'Serviços Digitais e Melhoria da Qualidade',Evolução do Serviço,Evolução do Serviço,high
3,ANP,delivery,eixo corrigido por cross-validation: '' → 'Serviços Digitais e Melhoria da Qualidade',Evolução do Serviço,Evolução do Serviço,high
3,ANP,delivery,eixo corrigido por cross-validation: '' → 'Serviços Digitais e Melhoria da Qualidade',Evolução do Serviço,Evolução do Serviço,high
3,ANP,delivery,eixo corrigido por cross-validation: '' → 'Serviços Digitais e Melhoria da Qualidade',Evolução do Serviço,Evolução do Serviço,high
3,ANP,delivery,eixo corrigido por cross-validation: '' → 'Serviços Digitais e Melhoria da Qualidade',Evolução do Serviço,Evolução do Serviço,high
3,ANP,delivery,eixo corrigido por cross-validation: '' → 'Serviços Digitais e Melhoria da Qualidade',Evolução do Serviço,Evolução do Serviço,high
3,ANP,delivery,eixo corrigido por cross-validation: '' → 'Serviços Digitais e Melhoria da Qualidade',Evolução do Serviço,Evolução do Serviço,high
3,ANP,delivery,eixo corrigido por cross-validation: '' → 'Serviços Digitais e Melhoria da Qualidade',Evolução do Serviço,Evolução do Serviço,high
3,ANP,delivery,eixo corrigido por cross-validation: '' → 'Serviços Digitais e Melhoria da Qualidade',Evolução do Serviço,Evolução do Serviço,high
3,ANP,delivery,eixo corrigido por cross-validation: '' → 'Serviços Digitais e Melhoria da Qualidade',Evolução do Serviço,Evolução do Serviço,high
3,ANP,delivery,eixo corrigido por cross-validation: '' → 'Serviços Digitais e Melhoria da Qualidade',Evolução do Serviço,Evolução do Serviço,high
3,ANP,delivery,eixo corrigido por cross-validation: '' → 'Serviços Digitais e Melhoria da Qualidade',Evolução do Serviço,Evolução do Serviço,high
3,ANP,delivery,eixo corrigido por cross-validation: '' → 'Serviços Digitais e Melhoria da Qualidade',Integração à ferramenta de avaliação da satisfação dos usuários,Integração à ferramenta de avaliação da satisfação dos usuários,high
3,ANP,delivery,eixo corrigido por cross-validation: '' → 'Serviços Digitais e Melhoria da Qualidade',Integração à ferramenta de avaliação da satisfação dos usuários,Integração à ferramenta de avaliação da satisfação dos usuários,high
3,ANP,delivery,eixo corrigido por cross-validation: '' → 'Serviços Digitais e Melhoria da Qualidade',Integração à ferramenta de avaliação da satisfação dos usuários,Integração à ferramenta de avaliação da satisfação dos usuários,high
3,ANP,delivery,eixo corrigido por cross-validation: '' → 'Serviços Digitais e Melhoria da Qualidade',Integração à ferramenta de avaliação da satisfação dos usuários,Integração à ferramenta de avaliação da satisfação dos usuários,high
3,ANP,delivery,eixo corrigido por cross-validation: '' → 'Serviços Digitais e Melhoria da Qualidade',Integração à ferramenta de avaliação da satisfação dos usuários,Integração à ferramenta de avaliação da satisfação dos usuários,high
3,ANP,delivery,eixo corrigido por cross-validation: '' → 'Serviços Digitais e Melhoria da Qualidade',Integração à ferramenta de avaliação da satisfação dos usuários,Integração à ferramenta de avaliação da satisfação dos usuários,high
3,ANP,delivery,eixo corrigido por cross-validation: '' → 'Serviços Digitais e Melhoria da Qualidade',Integração à ferramenta de avaliação da satisfação dos usuários,Integração à ferramenta de avaliação da satisfação dos usuários,high
3,ANP,delivery,eixo corrigido por cross-validation: '' → 'Serviços Digitais e Melhoria da Qualidade',Integração à ferramenta de avaliação da satisfação dos usuários,Integração à ferramenta de avaliação da satisfação dos usuários,high
3,ANP,delivery,eixo corrigido por cross-validation: '' → 'Serviços Digitais e Melhoria da Qualidade',Integração à ferramenta de avaliação da satisfação dos usuários,Integração à ferramenta de avaliação da satisfação dos usuários,high
3,ANP,delivery,eixo corrigido por cross-validation: '' → 'Serviços Digitais e Melhoria da Qualidade',Integração à ferramenta de avaliação da satisfação dos usuários,Integração à ferramenta de avaliação da satisfação dos usuários,high
3,ANP,delivery,eixo corrigido por cross-validation: '' → 'Serviços Digitais e Melhoria da Qualidade',Integração à ferramenta de avaliação da satisfação dos usuários,Integração à ferramenta de avaliação da satisfação dos usuários,high
3,ANP,delivery,eixo corrigido por cross-validation: '' → 'Serviços Digitais e Melhoria da Qualidade',Integração à ferramenta de avaliação da satisfação dos usuários,Integração à ferramenta de avaliação da satisfação dos usuários,high
3,ANP,delivery,eixo corrigido por cross-validation: '' → 'Serviços Digitais e Melhoria da Qualidade',Integração à ferramenta de avaliação da satisfação dos usuários,Integração à ferramenta de avaliação da satisfação dos usuários,high
3,ANP,delivery,eixo corrigido por cross-validation: '' → 'Serviços Digitais e Melhoria da Qualidade',Integração à ferramenta de avaliação da satisfação dos usuários,Integração à ferramenta de avaliação da satisfação dos usuários,high
3,ANP,delivery,eixo corrigido por cross-validation: '' → 'Serviços Digitais e Melhoria da Qualidade',Integração à ferramenta de avaliação da satisfação dos usuários,Integração à ferramenta de avaliação da satisfação dos usuários,high
3,ANP,delivery,eixo corrigido por cross-validation: '' → 'Serviços Digitais e Melhoria da Qualidade',Integração à ferramenta de avaliação da satisfação dos usuários,Integração à ferramenta de avaliação da satisfação dos usuários,high
3,ANP,delivery,eixo corrigido por cross-validation: '' → 'Serviços Digitais e Melhoria da Qualidade',Integração à ferramenta de avaliação da satisfação dos usuários,Integração à ferramenta de avaliação da satisfação dos usuários,high
3,ANP,delivery,eixo corrigido por cross-validation: '' → 'Serviços Digitais e Melhoria da Qualidade',Integração à ferramenta de avaliação da satisfação dos usuários,Integração à ferramenta de avaliação da satisfação dos usuários,high
3,ANP,delivery,eixo corrigido por cross-validation: '' → 'Serviços Digitais e Melhoria da Qualidade',Integração à ferramenta de avaliação da satisfação dos usuários,Integração à ferramenta de avaliação da satisfação dos usuários,high
3,ANP,delivery,eixo corrigido por cross-validation: '' → 'Serviços Digitais e Melhoria da Qualidade',Integração à ferramenta de avaliação da satisfação dos usuários,Integração à ferramenta de avaliação da satisfação dos usuários,high
3,ANP,delivery,eixo corrigido por cross-validation: '' → 'Serviços Digitais e Melhoria da Qualidade',Integração à ferramenta de avaliação da satisfação dos usuários,Integração à ferramenta de avaliação da satisfação dos usuários,high
3,ANP,delivery,eixo corrigido por cross-validation: '' → 'Serviços Digitais e Melhoria da Qualidade',Integração à ferramenta de avaliação da satisfação dos usuários,Integração à ferramenta de avaliação da satisfação dos usuários,high
3,ANP,delivery,eixo corrigido por cross-validation: '' → 'Serviços Digitais e Melhoria da Qualidade',Integração à ferramenta de avaliação da satisfação dos usuários,Integração à ferramenta de avaliação da satisfação dos usuários,high
3,ANP,delivery,eixo corrigido por cross-validation: '' → 'Serviços Digitais e Melhoria da Qualidade',Integração à ferramenta de avaliação da satisfação dos usuários,Integração à ferramenta de avaliação da satisfação dos usuários,high
3,ANP,delivery,eixo corrigido por cross-validation: '' → 'Serviços Digitais e Melhoria da Qualidade',Integração à ferramenta de avaliação da satisfação dos usuários,Integração à ferramenta de avaliação da satisfação dos usuários,high
3,ANP,delivery,eixo corrigido por cross-validation: '' → 'Serviços Digitais e Melhoria da Qualidade',Integração à ferramenta de avaliação da satisfação dos usuários,Integração à ferramenta de avaliação da satisfação dos usuários,high
3,ANP,delivery,eixo corrigido por cross-validation: '' → 'Serviços Digitais e Melhoria da Qualidade',Realização de Autodiagnóstico de Qualidade,Realização de Autodiagnóstico de Qualidade,high
3,ANP,delivery,eixo corrigido por cross-validation: '' → 'Serviços Digitais e Melhoria da Qualidade',Realização de Autodiagnóstico de Qualidade,Realização de Autodiagnóstico de Qualidade,high
3,ANP,delivery,eixo corrigido por cross-validation: '' → 'Serviços Digitais e Melhoria da Qualidade',Realização de Autodiagnóstico de Qualidade,Realização de Autodiagnóstico de Qualidade,high
3,ANP,delivery,eixo corrigido por cross-validation: '' → 'Serviços Digitais e Melhoria da Qualidade',Realização de Autodiagnóstico de Qualidade,Realização de Autodiagnóstico de Qualidade,high
3,ANP,delivery,eixo corrigido por cross-validation: '' → 'Serviços Digitais e Melhoria da Qualidade',Realização de Autodiagnóstico de Qualidade,Realização de Autodiagnóstico de Qualidade,high
3,ANP,delivery,eixo corrigido por cross-validation: '' → 'Serviços Digitais e Melhoria da Qualidade',Revisão da descrição dos serviços,Revisão da descrição dos serviços,high
3,ANP,delivery,eixo corrigido por cross-validation: '' → 'Serviços Digitais e Melhoria da Qualidade',Revisão da descrição dos serviços,Revisão da descrição dos serviços,high
3,ANP,delivery,eixo corrigido por cross-validation: '' → 'Serviços Digitais e Melhoria da Qualidade',Revisão da descrição dos serviços,Revisão da descrição dos serviços,high
3,ANP,delivery,eixo corrigido por cross-validation: '' → 'Serviços Digitais e Melhoria da Qualidade',Revisão da descrição dos serviços,Revisão da descrição dos serviços,high
3,ANP,delivery,eixo corrigido por cross-validation: '' → 'Unificação de Canais Digitais',Integração ao Login Único,Integração ao Login Único,high
3,ANP,delivery,eixo corrigido por cross-validation: '' → 'Unificação de Canais Digitais',Integração ao Login Único,Integração ao Login Único,high
3,ANP,delivery,eixo corrigido por cross-validation: '' → 'Unificação de Canais Digitais',Integração ao Login Único,Integração ao Login Único,high
3,ANP,delivery,eixo corrigido por cross-validation: '' → 'Unificação de Canais Digitais',Integração ao Login Único,Integração ao Login Único,high
3,ANP,delivery,eixo corrigido por cross-validation: '' → 'Unificação de Canais Digitais',Integração ao Login Único,Integração ao Login Único,high
3,ANP,delivery,eixo corrigido por cross-validation: '' → 'Unificação de Canais Digitais',Integração ao Login Único,Integração ao Login Único,high
3,ANP,delivery,eixo corrigido por cross-validation: '' → 'Unificação de Canais Digitais',Integração ao Login Único,Integração ao Login Único,high
3,ANP,delivery,eixo corrigido por cross-validation: '' → 'Unificação de Canais Digitais',Integração ao Login Único,Integração ao Login Único,high
3,ANP,delivery,eixo corrigido por cross-validation: '' → 'Unificação de Canais Digitais',Integração ao Login Único,Integração ao Login Único,high
3,ANP,delivery,eixo corrigido por cross-validation: '' → 'Unificação de Canais Digitais',Integração ao Login Único,Integração ao Login Único,high
3,ANP,delivery,eixo corrigido por cross-validation: '' → 'Unificação de Canais Digitais',Integração ao Login Único,Integração ao Login Único,high
3,ANP,delivery,eixo corrigido por cross-validation: '' → 'Unificação de Canais Digitais',Integração ao Login Único,Integração ao Login Único,high
3,ANP,delivery,eixo corrigido por cross-validation: '' → 'Unificação de Canais Digitais',Integração ao Login Único,Integração ao Login Único,high
3,ANP,delivery,eixo corrigido por cross-validation: '' → 'Unificação de Canais Digitais',Integração ao Login Único,Integração ao Login Único,high
3,ANP,delivery,eixo corrigido por cross-validation: '' → 'Unificação de Canais Digitais',Integração ao Login Único,Integração ao Login Único,high
3,ANP,delivery,eixo corrigido por cross-validation: '' → 'Unificação de Canais Digitais',Integração ao Login Único,Integração ao Login Único,high
3,ANP,delivery,eixo corrigido por cross-validation: '' → 'Unificação de Canais Digitais',Integração ao Login Único,Integração ao Login Único,high
3,ANP,delivery,eixo corrigido por cross-validation: '' → 'Unificação de Canais Digitais',Integração ao Login Único,Integração ao Login Único,high
3,ANP,delivery,eixo corrigido por cross-validation: '' → 'Unificação de Canais Digitais',Integração ao Login Único,Integração ao Login Único,high
3,ANP,delivery,eixo corrigido por cross-validation: '' → 'Unificação de Canais Digitais',Integração ao Login Único,Integração ao Login Único,high
3,ANP,delivery,eixo corrigido por cross-validation: '' → 'Unificação de Canais Digitais',Integração ao Login Único,Integração ao Login Único,high
3,ANP,delivery,eixo corrigido por cross-validation: '' → 'Unificação de Canais Digitais',Integração ao Login Único,Integração ao Login Único,high
3,ANP,delivery,eixo corrigido por cross-validation: '' → 'Unificação de Canais Digitais',Integração ao Login Único,Integração ao Login Único,high
3,ANP,delivery,eixo corrigido por cross-validation: '' → 'Unificação de Canais Digitais',Integração ao Login Único,Integração ao Login Único,high
3,ANP,delivery,eixo corrigido por cross-validation: '' → 'Unificação de Canais Digitais',Integração ao Login Único,Integração ao Login Único,high
3,ANP,delivery,eixo corrigido por cross-validation: '' → 'Unificação de Canais Digitais',Integração ao Login Único,Integração ao Login Único,high
3,ANP,delivery,eixo corrigido por cross-validation: '' → 'Unificação de Canais Digitais',Integração ao Pagtesouro,Integração ao Pagtesouro,high
3,ANP,delivery,eixo corrigido por cross-validation: '' → 'Unificação de Canais Digitais',Integração ao Pagtesouro,Integração ao Pagtesouro,high
3,ANP,delivery,eixo corrigido por cross-validation: '' → 'Unificação de Canais Digitais',Integração ao Pagtesouro,Integração ao Pagtesouro,high
3,ANS,delivery,produto Outros; eixo corrigido: '' → 'Projetos Especiais',Outros,Outros,high
3,ANS,delivery,produto Outros; eixo corrigido: '' → 'Projetos Especiais',Outros,Outros,high
3,ANS,delivery,produto Outros; eixo corrigido: '' → 'Projetos Especiais',Outros,Outros,high
3,ANS,delivery,eixo corrigido por cross-validation: '' → 'Segurança e Privacidade',"Auto-avaliação, análise de lacunas e planejamento do PPSI","Auto-avaliação, análise de lacunas e planejamento do PPSI",high
3,ANS,delivery,eixo corrigido por cross-validation: '' → 'Segurança e Privacidade',"Auto-avaliação, análise de lacunas e planejamento do PPSI","Auto-avaliação, análise de lacunas e planejamento do PPSI",high
3,ANS,delivery,eixo corrigido por cross-validation: '' → 'Segurança e Privacidade',"Auto-avaliação, análise de lacunas e planejamento do PPSI","Auto-avaliação, análise de lacunas e planejamento do PPSI",high
3,ANS,delivery,eixo corrigido por cross-validation: '' → 'Segurança e Privacidade',"Auto-avaliação, análise de lacunas e planejamento do PPSI","Auto-avaliação, análise de lacunas e planejamento do PPSI",high
3,ANS,delivery,eixo corrigido por cross-validation: '' → 'Segurança e Privacidade',Implementação do PPSI,Implementação do PPSI,high
3,ANS,delivery,eixo corrigido por cross-validation: '' → 'Segurança e Privacidade',Implementação do PPSI,Implementação do PPSI,high
3,ANS,delivery,eixo corrigido por cross-validation: '' → 'Segurança e Privacidade',Implementação do PPSI,Implementação do PPSI,high
3,ANS,delivery,eixo corrigido por cross-validation: '' → 'Segurança e Privacidade',Implementação do PPSI,Implementação do PPSI,high
3,ANS,delivery,eixo corrigido por cross-validation: '' → 'Serviços Digitais e Melhoria da Qualidade',Disponibilização em Acesso Digital,Disponibilização em Acesso Digital,high
3,ANS,delivery,eixo corrigido por cross-validation: '' → 'Serviços Digitais e Melhoria da Qualidade',Disponibilização em Acesso Digital,Disponibilização em Acesso Digital,high
3,ANS,delivery,eixo corrigido por cross-validation: '' → 'Serviços Digitais e Melhoria da Qualidade',Evolução do Serviço,Evolução do Serviço,high
3,ANS,delivery,eixo corrigido por cross-validation: '' → 'Serviços Digitais e Melhoria da Qualidade',Revisão da descrição dos serviços,Revisão da descrição dos serviços,high
3,ANS,delivery,eixo corrigido por cross-validation: '' → 'Serviços Digitais e Melhoria da Qualidade',Revisão da descrição dos serviços,Revisão da descrição dos serviços,high
3,ANS,delivery,eixo corrigido por cross-validation: '' → 'Serviços Digitais e Melhoria da Qualidade',Revisão da descrição dos serviços,Revisão da descrição dos serviços,high
3,ANS,delivery,eixo corrigido por cross-validation: '' → 'Serviços Digitais e Melhoria da Qualidade',Revisão da descrição dos serviços,Revisão da descrição dos serviços,high
3,ANS,delivery,eixo corrigido por cross-validation: '' → 'Unificação de Canais Digitais',Implantação do Design System,Implantação do Design System,high
3,ANS,delivery,eixo corrigido por cross-validation: '' → 'Unificação de Canais Digitais',Integração ao Login Único,Integração ao Login Único,high
3,ANS,delivery,eixo corrigido por cross-validation: '' → 'Unificação de Canais Digitais',Migração de APPs móveis para a loja do Gov.br,Migração de APPs móveis para a loja do Gov.br,high
3,ANTT,delivery,eixo corrigido por cross-validation: '' → 'Governança e Gestão de Dados',Integração à base de dados (OUTROS),Integração à base de dados,high
3,ANTT,delivery,eixo corrigido por cross-validation: '' → 'Governança e Gestão de Dados',Integração à base de dados (OUTROS),Integração à base de dados,high
3,ANTT,delivery,eixo corrigido por cross-validation: '' → 'Governança e Gestão de Dados',Interoperabilidade de Sistemas,Interoperabilidade de Sistemas,high
3,ANTT,delivery,eixo corrigido por cross-validation: '' → 'Governança e Gestão de Dados',Interoperabilidade de Sistemas,Interoperabilidade de Sistemas,high
3,ANTT,delivery,eixo corrigido por cross-validation: '' → 'Governança e Gestão de Dados',Interoperabilidade de Sistemas,Interoperabilidade de Sistemas,high
3,ANTT,delivery,eixo corrigido por cross-validation: '' → 'Governança e Gestão de Dados',Interoperabilidade de Sistemas,Interoperabilidade de Sistemas,high
3,ANTT,delivery,eixo corrigido por cross-validation: '' → 'Governança e Gestão de Dados',Interoperabilidade de Sistemas,Interoperabilidade de Sistemas,high
3,ANTT,delivery,eixo corrigido por cross-validation: '' → 'Governança e Gestão de Dados',Interoperabilidade de Sistemas,Interoperabilidade de Sistemas,high
3,ANTT,delivery,eixo corrigido por cross-validation: '' → 'Governança e Gestão de Dados',Interoperabilidade de Sistemas,Interoperabilidade de Sistemas,high
3,ANTT,delivery,eixo corrigido por cross-validation: '' → 'Governança e Gestão de Dados',Interoperabilidade de Sistemas,Interoperabilidade de Sistemas,high
3,ANTT,delivery,eixo corrigido por cross-validation: '' → 'Governança e Gestão de Dados',Interoperabilidade de Sistemas,Interoperabilidade de Sistemas,high
3,ANTT,delivery,eixo corrigido por cross-validation: '' → 'Governança e Gestão de Dados',Interoperabilidade de Sistemas,Interoperabilidade de Sistemas,high
3,ANTT,delivery,eixo corrigido por cross-validation: '' → 'Governança e Gestão de Dados',Interoperabilidade de Sistemas,Interoperabilidade de Sistemas,high
3,ANTT,delivery,eixo corrigido por cross-validation: '' → 'Governança e Gestão de Dados',Interoperabilidade de Sistemas,Interoperabilidade de Sistemas,high
3,ANTT,delivery,eixo corrigido por cross-validation: '' → 'Governança e Gestão de Dados',Interoperabilidade de Sistemas,Interoperabilidade de Sistemas,high
3,ANTT,delivery,eixo corrigido por cross-validation: '' → 'Governança e Gestão de Dados',Interoperabilidade de Sistemas,Interoperabilidade de Sistemas,high
3,ANTT,delivery,eixo corrigido por cross-validation: '' → 'Serviços Digitais e Melhoria da Qualidade',Disponibilização em Acesso Digital,Disponibilização em Acesso Digital,high
3,ANTT,delivery,eixo corrigido por cross-validation: '' → 'Serviços Digitais e Melhoria da Qualidade',Disponibilização em Acesso Digital,Disponibilização em Acesso Digital,high
3,ANTT,delivery,eixo corrigido por cross-validation: '' → 'Serviços Digitais e Melhoria da Qualidade',Disponibilização em Acesso Digital,Disponibilização em Acesso Digital,high
3,ANTT,delivery,eixo corrigido por cross-validation: '' → 'Serviços Digitais e Melhoria da Qualidade',Disponibilização em Acesso Digital,Disponibilização em Acesso Digital,high
3,ANTT,delivery,eixo corrigido por cross-validation: '' → 'Serviços Digitais e Melhoria da Qualidade',Disponibilização em Acesso Digital,Disponibilização em Acesso Digital,high
3,ANTT,delivery,eixo corrigido por cross-validation: '' → 'Serviços Digitais e Melhoria da Qualidade',Disponibilização em Acesso Digital,Disponibilização em Acesso Digital,high
3,ANTT,delivery,eixo corrigido por cross-validation: '' → 'Serviços Digitais e Melhoria da Qualidade',Disponibilização em Acesso Digital,Disponibilização em Acesso Digital,high
3,ANTT,delivery,eixo corrigido por cross-validation: '' → 'Serviços Digitais e Melhoria da Qualidade',Disponibilização em Acesso Digital,Disponibilização em Acesso Digital,high
3,ANTT,delivery,eixo corrigido por cross-validation: '' → 'Serviços Digitais e Melhoria da Qualidade',Disponibilização em Acesso Digital,Disponibilização em Acesso Digital,high
3,ANTT,delivery,eixo corrigido por cross-validation: '' → 'Serviços Digitais e Melhoria da Qualidade',Disponibilização em Acesso Digital,Disponibilização em Acesso Digital,high
3,ANTT,delivery,eixo corrigido por cross-validation: '' → 'Serviços Digitais e Melhoria da Qualidade',Disponibilização em Acesso Digital,Disponibilização em Acesso Digital,high
3,ANTT,delivery,eixo corrigido por cross-validation: '' → 'Serviços Digitais e Melhoria da Qualidade',Disponibilização em Acesso Digital,Disponibilização em Acesso Digital,high
3,ANTT,delivery,eixo corrigido por cross-validation: '' → 'Serviços Digitais e Melhoria da Qualidade',Disponibilização em Acesso Digital,Disponibilização em Acesso Digital,high
3,ANTT,delivery,eixo corrigido por cross-validation: '' → 'Serviços Digitais e Melhoria da Qualidade',Disponibilização em Acesso Digital,Disponibilização em Acesso Digital,high
3,ANTT,delivery,eixo corrigido por cross-validation: '' → 'Serviços Digitais e Melhoria da Qualidade',Disponibilização em Acesso Digital,Disponibilização em Acesso Digital,high
3,ANTT,delivery,eixo corrigido por cross-validation: '' → 'Serviços Digitais e Melhoria da Qualidade',Evolução do Serviço,Evolução do Serviço,high
3,ANTT,delivery,eixo corrigido por cross-validation: '' → 'Serviços Digitais e Melhoria da Qualidade',Evolução do Serviço,Evolução do Serviço,high
3,ANTT,delivery,eixo corrigido por cross-validation: '' → 'Serviços Digitais e Melhoria da Qualidade',Evolução do Serviço,Evolução do Serviço,high
3,ANTT,delivery,eixo corrigido por cross-validation: '' → 'Serviços Digitais e Melhoria da Qualidade',Evolução do Serviço,Evolução do Serviço,high
3,ANTT,delivery,eixo corrigido por cross-validation: '' → 'Serviços Digitais e Melhoria da Qualidade',Evolução do Serviço,Evolução do Serviço,high
3,ANTT,delivery,eixo corrigido por cross-validation: '' → 'Serviços Digitais e Melhoria da Qualidade',Evolução do Serviço,Evolução do Serviço,high
3,ANTT,delivery,eixo corrigido por cross-validation: '' → 'Serviços Digitais e Melhoria da Qualidade',Evolução do Serviço,Evolução do Serviço,high
3,ANTT,delivery,eixo corrigido por cross-validation: '' → 'Serviços Digitais e Melhoria da Qualidade',Evolução do Serviço,Evolução do Serviço,high
3,ANTT,delivery,eixo corrigido por cross-validation: '' → 'Serviços Digitais e Melhoria da Qualidade',Evolução do Serviço,Evolução do Serviço,high
3,ANTT,delivery,eixo corrigido por cross-validation: '' → 'Serviços Digitais e Melhoria da Qualidade',Evolução do Serviço,Evolução do Serviço,high
3,ANTT,delivery,eixo corrigido por cross-validation: '' → 'Serviços Digitais e Melhoria da Qualidade',Evolução do Serviço,Evolução do Serviço,high
3,ANTT,delivery,eixo corrigido por cross-validation: '' → 'Serviços Digitais e Melhoria da Qualidade',Evolução do Serviço,Evolução do Serviço,high
3,ANTT,delivery,eixo corrigido por cross-validation: '' → 'Serviços Digitais e Melhoria da Qualidade',Evolução do Serviço,Evolução do Serviço,high
3,ANTT,delivery,eixo corrigido por cross-validation: '' → 'Serviços Digitais e Melhoria da Qualidade',Evolução do Serviço,Evolução do Serviço,high
3,ANTT,delivery,eixo corrigido por cross-validation: '' → 'Serviços Digitais e Melhoria da Qualidade',Evolução do Serviço,Evolução do Serviço,high
3,ANTT,delivery,eixo corrigido por cross-validation: '' → 'Serviços Digitais e Melhoria da Qualidade',Evolução do Serviço,Evolução do Serviço,high
3,ANTT,delivery,eixo corrigido por cross-validation: '' → 'Serviços Digitais e Melhoria da Qualidade',Evolução do Serviço,Evolução do Serviço,high
3,ANTT,delivery,eixo corrigido por cross-validation: '' → 'Serviços Digitais e Melhoria da Qualidade',Evolução do Serviço,Evolução do Serviço,high
3,ANTT,delivery,eixo corrigido por cross-validation: '' → 'Serviços Digitais e Melhoria da Qualidade',Evolução do Serviço,Evolução do Serviço,high
3,ANTT,delivery,eixo corrigido por cross-validation: '' → 'Serviços Digitais e Melhoria da Qualidade',Integração à ferramenta de avaliação da satisfação dos usuários,Integração à ferramenta de avaliação da satisfação dos usuários,high
3,ANTT,delivery,eixo corrigido por cross-validation: '' → 'Serviços Digitais e Melhoria da Qualidade',Integração à ferramenta de avaliação da satisfação dos usuários,Integração à ferramenta de avaliação da satisfação dos usuários,high
3,ANTT,delivery,eixo corrigido por cross-validation: '' → 'Unificação de Canais Digitais',Integração ao Login Único,Integração ao Login Único,high
3,ANTT,delivery,eixo corrigido por cross-validation: '' → 'Unificação de Canais Digitais',Integração ao Login Único,Integração ao Login Único,high
3,ANTT,delivery,eixo corrigido por cross-validation: '' → 'Unificação de Canais Digitais',Integração ao Login Único,Integração ao Login Único,high
3,ANTT,delivery,eixo corrigido por cross-validation: '' → 'Unificação de Canais Digitais',Integração ao Login Único,Integração ao Login Único,high
3,ANTT,delivery,eixo corrigido por cross-validation: '' → 'Unificação de Canais Digitais',Integração ao Login Único,Integração ao Login Único,high
3,ANTT,delivery,eixo corrigido por cross-validation: '' → 'Unificação de Canais Digitais',Integração ao Login Único,Integração ao Login Único,high
3,ANTT,delivery,eixo corrigido por cross-validation: '' → 'Unificação de Canais Digitais',Integração ao Login Único,Integração ao Login Único,high
3,ANTT,delivery,eixo corrigido por cross-validation: '' → 'Unificação de Canais Digitais',Integração ao Pagtesouro,Integração ao Pagtesouro,high
3,ANTT,delivery,eixo corrigido por cross-validation: '' → 'Unificação de Canais Digitais',Integração ao Pagtesouro,Integração ao Pagtesouro,high
3,ANTT,delivery,eixo corrigido por cross-validation: '' → 'Unificação de Canais Digitais',Integração ao Pagtesouro,Integração ao Pagtesouro,high
3,ANTT,delivery,eixo corrigido por cross-validation: '' → 'Unificação de Canais Digitais',Integração com Assinatura Digital Gov.br,Integração com Assinatura Digital Gov.br,high
3,ANVISA,delivery,produto Outros; eixo corrigido: '' → 'Projetos Especiais',Outros,Outros,high
3,ANVISA,delivery,produto Outros; eixo corrigido: '' → 'Projetos Especiais',Outros,Outros,high
3,ANVISA,delivery,produto Outros; eixo corrigido: '' → 'Projetos Especiais',Outros,Outros,high
3,ANVISA,delivery,produto Outros; eixo corrigido: '' → 'Projetos Especiais',Outros,Outros,high
3,ANVISA,delivery,eixo corrigido por cross-validation: '' → 'Segurança e Privacidade',"Auto-avaliação, análise de lacunas e planejamento do PPSI","Auto-avaliação, análise de lacunas e planejamento do PPSI",high
3,ANVISA,delivery,eixo corrigido por cross-validation: '' → 'Segurança e Privacidade',"Auto-avaliação, análise de lacunas e planejamento do PPSI","Auto-avaliação, análise de lacunas e planejamento do PPSI",high
3,ANVISA,delivery,eixo corrigido por cross-validation: '' → 'Segurança e Privacidade',"Auto-avaliação, análise de lacunas e planejamento do PPSI","Auto-avaliação, análise de lacunas e planejamento do PPSI",high
3,ANVISA,delivery,eixo corrigido por cross-validation: '' → 'Segurança e Privacidade',"Auto-avaliação, análise de lacunas e planejamento do PPSI","Auto-avaliação, análise de lacunas e planejamento do PPSI",high
3,ANVISA,delivery,eixo corrigido por cross-validation: '' → 'Segurança e Privacidade',Implementação do PPSI,Implementação do PPSI,high
3,ANVISA,delivery,eixo corrigido por cross-validation: '' → 'Segurança e Privacidade',Implementação do PPSI,Implementação do PPSI,high
3,ANVISA,delivery,eixo corrigido por cross-validation: '' → 'Segurança e Privacidade',Implementação do PPSI,Implementação do PPSI,high
3,ANVISA,delivery,eixo corrigido por cross-validation: '' → 'Segurança e Privacidade',Implementação do PPSI,Implementação do PPSI,high
3,ANVISA,delivery,eixo corrigido por cross-validation: '' → 'Serviços Digitais e Melhoria da Qualidade',Disponibilização em Acesso Digital,Disponibilização em Acesso Digital,high
3,ANVISA,delivery,eixo corrigido por cross-validation: '' → 'Serviços Digitais e Melhoria da Qualidade',Disponibilização em Acesso Digital,Disponibilização em Acesso Digital,high
3,ANVISA,delivery,eixo corrigido por cross-validation: '' → 'Serviços Digitais e Melhoria da Qualidade',Disponibilização em Acesso Digital,Disponibilização em Acesso Digital,high
3,ANVISA,delivery,eixo corrigido por cross-validation: '' → 'Serviços Digitais e Melhoria da Qualidade',Disponibilização em Acesso Digital,Disponibilização em Acesso Digital,high
3,ANVISA,delivery,eixo corrigido por cross-validation: '' → 'Serviços Digitais e Melhoria da Qualidade',Disponibilização em Acesso Digital,Disponibilização em Acesso Digital,high
3,ANVISA,delivery,eixo corrigido por cross-validation: '' → 'Serviços Digitais e Melhoria da Qualidade',Disponibilização em Acesso Digital,Disponibilização em Acesso Digital,high
3,ANVISA,delivery,eixo corrigido por cross-validation: '' → 'Serviços Digitais e Melhoria da Qualidade',Disponibilização em Acesso Digital,Disponibilização em Acesso Digital,high
3,ANVISA,delivery,eixo corrigido por cross-validation: '' → 'Serviços Digitais e Melhoria da Qualidade',Disponibilização em Acesso Digital,Disponibilização em Acesso Digital,high
3,ANVISA,delivery,eixo corrigido por cross-validation: '' → 'Serviços Digitais e Melhoria da Qualidade',Disponibilização em Acesso Digital,Disponibilização em Acesso Digital,high
3,ANVISA,delivery,eixo corrigido por cross-validation: '' → 'Serviços Digitais e Melhoria da Qualidade',Disponibilização em Acesso Digital,Disponibilização em Acesso Digital,high
3,ANVISA,delivery,eixo corrigido por cross-validation: '' → 'Serviços Digitais e Melhoria da Qualidade',Disponibilização em Acesso Digital,Disponibilização em Acesso Digital,high
3,ANVISA,delivery,eixo corrigido por cross-validation: '' → 'Serviços Digitais e Melhoria da Qualidade',Disponibilização em Acesso Digital,Disponibilização em Acesso Digital,high
3,ANVISA,delivery,eixo corrigido por cross-validation: '' → 'Serviços Digitais e Melhoria da Qualidade',Disponibilização em Acesso Digital,Disponibilização em Acesso Digital,high
3,ANVISA,delivery,eixo corrigido por cross-validation: '' → 'Serviços Digitais e Melhoria da Qualidade',Disponibilização em Acesso Digital,Disponibilização em Acesso Digital,high
3,ANVISA,delivery,eixo corrigido por cross-validation: '' → 'Serviços Digitais e Melhoria da Qualidade',Disponibilização em Acesso Digital,Disponibilização em Acesso Digital,high
3,ANVISA,delivery,eixo corrigido por cross-validation: '' → 'Serviços Digitais e Melhoria da Qualidade',Disponibilização em Acesso Digital,Disponibilização em Acesso Digital,high
3,ANVISA,delivery,eixo corrigido por cross-validation: '' → 'Serviços Digitais e Melhoria da Qualidade',Disponibilização em Acesso Digital,Disponibilização em Acesso Digital,high
3,ANVISA,delivery,eixo corrigido por cross-validation: '' → 'Serviços Digitais e Melhoria da Qualidade',Disponibilização em Acesso Digital,Disponibilização em Acesso Digital,high
3,ANVISA,delivery,eixo corrigido por cross-validation: '' → 'Serviços Digitais e Melhoria da Qualidade',Disponibilização em Acesso Digital,Disponibilização em Acesso Digital,high
3,ANVISA,delivery,eixo corrigido por cross-validation: '' → 'Serviços Digitais e Melhoria da Qualidade',Disponibilização em Acesso Digital,Disponibilização em Acesso Digital,high
3,ANVISA,delivery,eixo corrigido por cross-validation: '' → 'Serviços Digitais e Melhoria da Qualidade',Disponibilização em Acesso Digital,Disponibilização em Acesso Digital,high
3,ANVISA,delivery,eixo corrigido por cross-validation: '' → 'Serviços Digitais e Melhoria da Qualidade',Disponibilização em Acesso Digital,Disponibilização em Acesso Digital,high
3,ANVISA,delivery,eixo corrigido por cross-validation: '' → 'Serviços Digitais e Melhoria da Qualidade',Disponibilização em Acesso Digital,Disponibilização em Acesso Digital,high
3,ANVISA,delivery,eixo corrigido por cross-validation: '' → 'Serviços Digitais e Melhoria da Qualidade',Disponibilização em Acesso Digital,Disponibilização em Acesso Digital,high
3,ANVISA,delivery,eixo corrigido por cross-validation: '' → 'Serviços Digitais e Melhoria da Qualidade',Disponibilização em Acesso Digital,Disponibilização em Acesso Digital,high
3,ANVISA,delivery,eixo corrigido por cross-validation: '' → 'Serviços Digitais e Melhoria da Qualidade',Disponibilização em Acesso Digital,Disponibilização em Acesso Digital,high
3,ANVISA,delivery,eixo corrigido por cross-validation: '' → 'Serviços Digitais e Melhoria da Qualidade',Disponibilização em Acesso Digital,Disponibilização em Acesso Digital,high
3,ANVISA,delivery,eixo corrigido por cross-validation: '' → 'Serviços Digitais e Melhoria da Qualidade',Disponibilização em Acesso Digital,Disponibilização em Acesso Digital,high
3,ANVISA,delivery,eixo corrigido por cross-validation: '' → 'Serviços Digitais e Melhoria da Qualidade',Disponibilização em Acesso Digital,Disponibilização em Acesso Digital,high
3,ANVISA,delivery,eixo corrigido por cross-validation: '' → 'Serviços Digitais e Melhoria da Qualidade',Disponibilização em Acesso Digital,Disponibilização em Acesso Digital,high
3,ANVISA,delivery,eixo corrigido por cross-validation: '' → 'Serviços Digitais e Melhoria da Qualidade',Disponibilização em Acesso Digital,Disponibilização em Acesso Digital,high
3,ANVISA,delivery,eixo corrigido por cross-validation: '' → 'Serviços Digitais e Melhoria da Qualidade',Disponibilização em Acesso Digital,Disponibilização em Acesso Digital,high
3,ANVISA,delivery,eixo corrigido por cross-validation: '' → 'Serviços Digitais e Melhoria da Qualidade',Disponibilização em Acesso Digital,Disponibilização em Acesso Digital,high
3,ANVISA,delivery,eixo corrigido por cross-validation: '' → 'Serviços Digitais e Melhoria da Qualidade',Disponibilização em Acesso Digital,Disponibilização em Acesso Digital,high
3,ANVISA,delivery,eixo corrigido por cross-validation: '' → 'Serviços Digitais e Melhoria da Qualidade',Disponibilização em Acesso Digital,Disponibilização em Acesso Digital,high
3,ANVISA,delivery,eixo corrigido por cross-validation: '' → 'Serviços Digitais e Melhoria da Qualidade',Disponibilização em Acesso Digital,Disponibilização em Acesso Digital,high
3,ANVISA,delivery,eixo corrigido por cross-validation: '' → 'Serviços Digitais e Melhoria da Qualidade',Disponibilização em Acesso Digital,Disponibilização em Acesso Digital,high
3,ANVISA,delivery,eixo corrigido por cross-validation: '' → 'Serviços Digitais e Melhoria da Qualidade',Disponibilização em Acesso Digital,Disponibilização em Acesso Digital,high
3,ANVISA,delivery,eixo corrigido por cross-validation: '' → 'Serviços Digitais e Melhoria da Qualidade',Disponibilização em Acesso Digital,Disponibilização em Acesso Digital,high
3,ANVISA,delivery,eixo corrigido por cross-validation: '' → 'Serviços Digitais e Melhoria da Qualidade',Disponibilização em Acesso Digital,Disponibilização em Acesso Digital,high
3,ANVISA,delivery,eixo corrigido por cross-validation: '' → 'Serviços Digitais e Melhoria da Qualidade',Disponibilização em Acesso Digital,Disponibilização em Acesso Digital,high
3,ANVISA,delivery,eixo corrigido por cross-validation: '' → 'Serviços Digitais e Melhoria da Qualidade',Disponibilização em Acesso Digital,Disponibilização em Acesso Digital,high
3,ANVISA,delivery,eixo corrigido por cross-validation: '' → 'Serviços Digitais e Melhoria da Qualidade',Disponibilização em Acesso Digital,Disponibilização em Acesso Digital,high
3,ANVISA,delivery,eixo corrigido por cross-validation: '' → 'Serviços Digitais e Melhoria da Qualidade',Disponibilização em Acesso Digital,Disponibilização em Acesso Digital,high
3,ANVISA,delivery,eixo corrigido por cross-validation: '' → 'Serviços Digitais e Melhoria da Qualidade',Disponibilização em Acesso Digital,Disponibilização em Acesso Digital,high
3,ANVISA,delivery,eixo corrigido por cross-validation: '' → 'Serviços Digitais e Melhoria da Qualidade',Disponibilização em Acesso Digital,Disponibilização em Acesso Digital,high
3,ANVISA,delivery,eixo corrigido por cross-validation: '' → 'Serviços Digitais e Melhoria da Qualidade',Disponibilização em Acesso Digital,Disponibilização em Acesso Digital,high
3,ANVISA,delivery,eixo corrigido por cross-validation: '' → 'Serviços Digitais e Melhoria da Qualidade',Disponibilização em Acesso Digital,Disponibilização em Acesso Digital,high
3,ANVISA,delivery,eixo corrigido por cross-validation: '' → 'Serviços Digitais e Melhoria da Qualidade',Disponibilização em Acesso Digital,Disponibilização em Acesso Digital,high
3,ANVISA,delivery,eixo corrigido por cross-validation: '' → 'Serviços Digitais e Melhoria da Qualidade',Disponibilização em Acesso Digital,Disponibilização em Acesso Digital,high
3,ANVISA,delivery,eixo corrigido por cross-validation: '' → 'Serviços Digitais e Melhoria da Qualidade',Disponibilização em Acesso Digital,Disponibilização em Acesso Digital,high
3,ANVISA,delivery,eixo corrigido por cross-validation: '' → 'Serviços Digitais e Melhoria da Qualidade',Disponibilização em Acesso Digital,Disponibilização em Acesso Digital,high
3,ANVISA,delivery,eixo corrigido por cross-validation: '' → 'Serviços Digitais e Melhoria da Qualidade',Disponibilização em Acesso Digital,Disponibilização em Acesso Digital,high
3,ANVISA,delivery,eixo corrigido por cross-validation: '' → 'Serviços Digitais e Melhoria da Qualidade',Disponibilização em Acesso Digital,Disponibilização em Acesso Digital,high
3,ANVISA,delivery,eixo corrigido por cross-validation: '' → 'Serviços Digitais e Melhoria da Qualidade',Disponibilização em Acesso Digital,Disponibilização em Acesso Digital,high
3,ANVISA,delivery,eixo corrigido por cross-validation: '' → 'Serviços Digitais e Melhoria da Qualidade',Disponibilização em Acesso Digital,Disponibilização em Acesso Digital,high
3,ANVISA,delivery,eixo corrigido por cross-validation: '' → 'Serviços Digitais e Melhoria da Qualidade',Disponibilização em Acesso Digital,Disponibilização em Acesso Digital,high
3,ANVISA,delivery,eixo corrigido por cross-validation: '' → 'Serviços Digitais e Melhoria da Qualidade',Disponibilização em Acesso Digital,Disponibilização em Acesso Digital,high
3,ANVISA,delivery,eixo corrigido por cross-validation: '' → 'Serviços Digitais e Melhoria da Qualidade',Disponibilização em Acesso Digital,Disponibilização em Acesso Digital,high
3,ANVISA,delivery,eixo corrigido por cross-validation: '' → 'Serviços Digitais e Melhoria da Qualidade',Disponibilização em Acesso Digital,Disponibilização em Acesso Digital,high
3,ANVISA,delivery,eixo corrigido por cross-validation: '' → 'Serviços Digitais e Melhoria da Qualidade',Disponibilização em Acesso Digital,Disponibilização em Acesso Digital,high
3,ANVISA,delivery,eixo corrigido por cross-validation: '' → 'Serviços Digitais e Melhoria da Qualidade',Disponibilização em Acesso Digital,Disponibilização em Acesso Digital,high
3,ANVISA,delivery,eixo corrigido por cross-validation: '' → 'Serviços Digitais e Melhoria da Qualidade',Disponibilização em Acesso Digital,Disponibilização em Acesso Digital,high
3,ANVISA,delivery,eixo corrigido por cross-validation: '' → 'Serviços Digitais e Melhoria da Qualidade',Disponibilização em Acesso Digital,Disponibilização em Acesso Digital,high
3,ANVISA,delivery,eixo corrigido por cross-validation: '' → 'Serviços Digitais e Melhoria da Qualidade',Disponibilização em Acesso Digital,Disponibilização em Acesso Digital,high
3,ANVISA,delivery,eixo corrigido por cross-validation: '' → 'Serviços Digitais e Melhoria da Qualidade',Disponibilização em Acesso Digital,Disponibilização em Acesso Digital,high
3,ANVISA,delivery,eixo corrigido por cross-validation: '' → 'Serviços Digitais e Melhoria da Qualidade',Disponibilização em Acesso Digital,Disponibilização em Acesso Digital,high
3,ANVISA,delivery,eixo corrigido por cross-validation: '' → 'Serviços Digitais e Melhoria da Qualidade',Disponibilização em Acesso Digital,Disponibilização em Acesso Digital,high
3,ANVISA,delivery,eixo corrigido por cross-validation: '' → 'Serviços Digitais e Melhoria da Qualidade',Disponibilização em Acesso Digital,Disponibilização em Acesso Digital,high
3,ANVISA,delivery,eixo corrigido por cross-validation: '' → 'Serviços Digitais e Melhoria da Qualidade',Evolução do Serviço,Evolução do Serviço,high
3,ANVISA,delivery,eixo corrigido por cross-validation: '' → 'Serviços Digitais e Melhoria da Qualidade',Evolução do Serviço,Evolução do Serviço,high
3,ANVISA,delivery,eixo corrigido por cross-validation: '' → 'Serviços Digitais e Melhoria da Qualidade',Evolução do Serviço,Evolução do Serviço,high
3,ANVISA,delivery,eixo corrigido por cross-validation: '' → 'Serviços Digitais e Melhoria da Qualidade',Evolução do Serviço,Evolução do Serviço,high
3,ANVISA,delivery,eixo corrigido por cross-validation: '' → 'Serviços Digitais e Melhoria da Qualidade',Evolução do Serviço,Evolução do Serviço,high
3,ANVISA,delivery,eixo corrigido por cross-validation: '' → 'Serviços Digitais e Melhoria da Qualidade',Evolução do Serviço,Evolução do Serviço,high
3,ANVISA,delivery,eixo corrigido por cross-validation: '' → 'Serviços Digitais e Melhoria da Qualidade',Evolução do Serviço,Evolução do Serviço,high
3,ANVISA,delivery,eixo corrigido por cross-validation: '' → 'Serviços Digitais e Melhoria da Qualidade',Evolução do Serviço,Evolução do Serviço,high
3,ANVISA,delivery,eixo corrigido por cross-validation: '' → 'Serviços Digitais e Melhoria da Qualidade',Evolução do Serviço,Evolução do Serviço,high
3,ANVISA,delivery,eixo corrigido por cross-validation: '' → 'Serviços Digitais e Melhoria da Qualidade',Evolução do Serviço,Evolução do Serviço,high
3,ANVISA,delivery,eixo corrigido por cross-validation: '' → 'Serviços Digitais e Melhoria da Qualidade',Evolução do Serviço,Evolução do Serviço,high
3,ANVISA,delivery,eixo corrigido por cross-validation: '' → 'Serviços Digitais e Melhoria da Qualidade',Evolução do Serviço,Evolução do Serviço,high
3,ANVISA,delivery,eixo corrigido por cross-validation: '' → 'Serviços Digitais e Melhoria da Qualidade',Evolução do Serviço,Evolução do Serviço,high
3,ANVISA,delivery,eixo corrigido por cross-validation: '' → 'Serviços Digitais e Melhoria da Qualidade',Evolução do Serviço,Evolução do Serviço,high
3,ANVISA,delivery,eixo corrigido por cross-validation: '' → 'Serviços Digitais e Melhoria da Qualidade',Evolução do Serviço,Evolução do Serviço,high
3,ANVISA,delivery,eixo corrigido por cross-validation: '' → 'Serviços Digitais e Melhoria da Qualidade',Evolução do Serviço,Evolução do Serviço,high
3,ANVISA,delivery,eixo corrigido por cross-validation: '' → 'Serviços Digitais e Melhoria da Qualidade',Evolução do Serviço,Evolução do Serviço,high
3,ANVISA,delivery,eixo corrigido por cross-validation: '' → 'Serviços Digitais e Melhoria da Qualidade',Evolução do Serviço,Evolução do Serviço,high
3,ANVISA,delivery,eixo corrigido por cross-validation: '' → 'Serviços Digitais e Melhoria da Qualidade',Evolução do Serviço,Evolução do Serviço,high
3,ANVISA,delivery,eixo corrigido por cross-validation: '' → 'Serviços Digitais e Melhoria da Qualidade',Evolução do Serviço,Evolução do Serviço,high
3,ANVISA,delivery,eixo corrigido por cross-validation: '' → 'Serviços Digitais e Melhoria da Qualidade',Evolução do Serviço,Evolução do Serviço,high
3,ANVISA,delivery,eixo corrigido por cross-validation: '' → 'Serviços Digitais e Melhoria da Qualidade',Evolução do Serviço,Evolução do Serviço,high
3,ANVISA,delivery,eixo corrigido por cross-validation: '' → 'Serviços Digitais e Melhoria da Qualidade',Evolução do Serviço,Evolução do Serviço,high
3,ANVISA,delivery,eixo corrigido por cross-validation: '' → 'Serviços Digitais e Melhoria da Qualidade',Evolução do Serviço,Evolução do Serviço,high
3,ANVISA,delivery,eixo corrigido por cross-validation: '' → 'Serviços Digitais e Melhoria da Qualidade',Evolução do Serviço,Evolução do Serviço,high
3,ANVISA,delivery,eixo corrigido por cross-validation: '' → 'Serviços Digitais e Melhoria da Qualidade',Evolução do Serviço,Evolução do Serviço,high
3,ANVISA,delivery,eixo corrigido por cross-validation: '' → 'Serviços Digitais e Melhoria da Qualidade',Evolução do Serviço,Evolução do Serviço,high
3,ANVISA,delivery,eixo corrigido por cross-validation: '' → 'Serviços Digitais e Melhoria da Qualidade',Evolução do Serviço,Evolução do Serviço,high
3,ANVISA,delivery,eixo corrigido por cross-validation: '' → 'Serviços Digitais e Melhoria da Qualidade',Evolução do Serviço,Evolução do Serviço,high
3,ANVISA,delivery,eixo corrigido por cross-validation: '' → 'Serviços Digitais e Melhoria da Qualidade',Evolução do Serviço,Evolução do Serviço,high
3,ANVISA,delivery,eixo corrigido por cross-validation: '' → 'Serviços Digitais e Melhoria da Qualidade',Evolução do Serviço,Evolução do Serviço,high
3,ANVISA,delivery,eixo corrigido por cross-validation: '' → 'Serviços Digitais e Melhoria da Qualidade',Evolução do Serviço,Evolução do Serviço,high
3,ANVISA,delivery,eixo corrigido por cross-validation: '' → 'Serviços Digitais e Melhoria da Qualidade',Evolução do Serviço,Evolução do Serviço,high
3,ANVISA,delivery,eixo corrigido por cross-validation: '' → 'Serviços Digitais e Melhoria da Qualidade',Evolução do Serviço,Evolução do Serviço,high
3,ANVISA,delivery,eixo corrigido por cross-validation: '' → 'Serviços Digitais e Melhoria da Qualidade',Evolução do Serviço,Evolução do Serviço,high
3,ANVISA,delivery,eixo corrigido por cross-validation: '' → 'Serviços Digitais e Melhoria da Qualidade',Evolução do Serviço,Evolução do Serviço,high
3,ANVISA,delivery,eixo corrigido por cross-validation: '' → 'Serviços Digitais e Melhoria da Qualidade',Evolução do Serviço,Evolução do Serviço,high
3,ANVISA,delivery,eixo corrigido por cross-validation: '' → 'Serviços Digitais e Melhoria da Qualidade',Evolução do Serviço,Evolução do Serviço,high
3,ANVISA,delivery,eixo corrigido por cross-validation: '' → 'Serviços Digitais e Melhoria da Qualidade',Evolução do Serviço,Evolução do Serviço,high
3,ANVISA,delivery,eixo corrigido por cross-validation: '' → 'Serviços Digitais e Melhoria da Qualidade',Evolução do Serviço,Evolução do Serviço,high
3,ANVISA,delivery,eixo corrigido por cross-validation: '' → 'Serviços Digitais e Melhoria da Qualidade',Evolução do Serviço,Evolução do Serviço,high
3,ANVISA,delivery,eixo corrigido por cross-validation: '' → 'Serviços Digitais e Melhoria da Qualidade',Evolução do Serviço,Evolução do Serviço,high
3,ANVISA,delivery,eixo corrigido por cross-validation: '' → 'Serviços Digitais e Melhoria da Qualidade',Evolução do Serviço,Evolução do Serviço,high
3,ANVISA,delivery,eixo corrigido por cross-validation: '' → 'Serviços Digitais e Melhoria da Qualidade',Evolução do Serviço,Evolução do Serviço,high
3,ANVISA,delivery,eixo corrigido por cross-validation: '' → 'Serviços Digitais e Melhoria da Qualidade',Evolução do Serviço,Evolução do Serviço,high
3,ANVISA,delivery,eixo corrigido por cross-validation: '' → 'Serviços Digitais e Melhoria da Qualidade',Evolução do Serviço,Evolução do Serviço,high
3,ANVISA,delivery,eixo corrigido por cross-validation: '' → 'Serviços Digitais e Melhoria da Qualidade',Evolução do Serviço,Evolução do Serviço,high
3,ANVISA,delivery,eixo corrigido por cross-validation: '' → 'Serviços Digitais e Melhoria da Qualidade',Evolução do Serviço,Evolução do Serviço,high
3,ANVISA,delivery,eixo corrigido por cross-validation: '' → 'Serviços Digitais e Melhoria da Qualidade',Evolução do Serviço,Evolução do Serviço,high
3,ANVISA,delivery,eixo corrigido por cross-validation: '' → 'Serviços Digitais e Melhoria da Qualidade',Evolução do Serviço,Evolução do Serviço,high
3,ANVISA,delivery,eixo corrigido por cross-validation: '' → 'Serviços Digitais e Melhoria da Qualidade',Evolução do Serviço,Evolução do Serviço,high
3,ANVISA,delivery,eixo corrigido por cross-validation: '' → 'Serviços Digitais e Melhoria da Qualidade',Evolução do Serviço,Evolução do Serviço,high
3,ANVISA,delivery,eixo corrigido por cross-validation: '' → 'Serviços Digitais e Melhoria da Qualidade',Evolução do Serviço,Evolução do Serviço,high
3,ANVISA,delivery,eixo corrigido por cross-validation: '' → 'Serviços Digitais e Melhoria da Qualidade',Evolução do Serviço,Evolução do Serviço,high
3,ANVISA,delivery,eixo corrigido por cross-validation: '' → 'Serviços Digitais e Melhoria da Qualidade',Evolução do Serviço,Evolução do Serviço,high
3,ANVISA,delivery,eixo corrigido por cross-validation: '' → 'Serviços Digitais e Melhoria da Qualidade',Evolução do Serviço,Evolução do Serviço,high
3,ANVISA,delivery,eixo corrigido por cross-validation: '' → 'Serviços Digitais e Melhoria da Qualidade',Evolução do Serviço,Evolução do Serviço,high
3,ANVISA,delivery,eixo corrigido por cross-validation: '' → 'Serviços Digitais e Melhoria da Qualidade',Evolução do Serviço,Evolução do Serviço,high
3,ANVISA,delivery,eixo corrigido por cross-validation: '' → 'Serviços Digitais e Melhoria da Qualidade',Evolução do Serviço,Evolução do Serviço,high
3,ANVISA,delivery,eixo corrigido por cross-validation: '' → 'Serviços Digitais e Melhoria da Qualidade',Evolução do Serviço,Evolução do Serviço,high
3,ANVISA,delivery,eixo corrigido por cross-validation: '' → 'Serviços Digitais e Melhoria da Qualidade',Evolução do Serviço,Evolução do Serviço,high
3,ANVISA,delivery,eixo corrigido por cross-validation: '' → 'Serviços Digitais e Melhoria da Qualidade',Evolução do Serviço,Evolução do Serviço,high
3,ANVISA,delivery,eixo corrigido por cross-validation: '' → 'Serviços Digitais e Melhoria da Qualidade',Evolução do Serviço,Evolução do Serviço,high
3,ANVISA,delivery,eixo corrigido por cross-validation: '' → 'Serviços Digitais e Melhoria da Qualidade',Evolução do Serviço,Evolução do Serviço,high
3,ANVISA,delivery,eixo corrigido por cross-validation: '' → 'Serviços Digitais e Melhoria da Qualidade',Evolução do Serviço,Evolução do Serviço,high
3,ANVISA,delivery,eixo corrigido por cross-validation: '' → 'Serviços Digitais e Melhoria da Qualidade',Evolução do Serviço,Evolução do Serviço,high
3,ANVISA,delivery,eixo corrigido por cross-validation: '' → 'Unificação de Canais Digitais',Integração ao Login Único,Integração ao Login Único,high
3,ANVISA,delivery,eixo corrigido por cross-validation: '' → 'Unificação de Canais Digitais',Integração ao Login Único,Integração ao Login Único,high
3,ANVISA,delivery,eixo corrigido por cross-validation: '' → 'Unificação de Canais Digitais',Integração ao Login Único,Integração ao Login Único,high
3,ANVISA,delivery,eixo corrigido por cross-validation: '' → 'Unificação de Canais Digitais',Integração ao Login Único,Integração ao Login Único,high
3,ANVISA,delivery,eixo corrigido por cross-validation: '' → 'Unificação de Canais Digitais',Integração ao Login Único,Integração ao Login Único,high
3,ANVISA,delivery,eixo corrigido por cross-validation: '' → 'Unificação de Canais Digitais',Integração ao Login Único,Integração ao Login Único,high
3,ANVISA,delivery,eixo corrigido por cross-validation: '' → 'Unificação de Canais Digitais',Integração ao Login Único,Integração ao Login Único,high
3,ANVISA,delivery,eixo corrigido por cross-validation: '' → 'Unificação de Canais Digitais',Integração ao Login Único,Integração ao Login Único,high
3,ANVISA,delivery,eixo corrigido por cross-validation: '' → 'Unificação de Canais Digitais',Integração ao Login Único,Integração ao Login Único,high
3,ANVISA,delivery,eixo corrigido por cross-validation: '' → 'Unificação de Canais Digitais',Integração ao Login Único,Integração ao Login Único,high
3,ANVISA,delivery,eixo corrigido por cross-validation: '' → 'Unificação de Canais Digitais',Integração ao Login Único,Integração ao Login Único,high
3,ANVISA,delivery,eixo corrigido por cross-validation: '' → 'Unificação de Canais Digitais',Integração ao Login Único,Integração ao Login Único,high
3,ANVISA,delivery,eixo corrigido por cross-validation: '' → 'Unificação de Canais Digitais',Integração ao Login Único,Integração ao Login Único,high
3,ANVISA,delivery,eixo corrigido por cross-validation: '' → 'Unificação de Canais Digitais',Integração ao Login Único,Integração ao Login Único,high
3,ANVISA,delivery,eixo corrigido por cross-validation: '' → 'Unificação de Canais Digitais',Integração ao Login Único,Integração ao Login Único,high
3,ANVISA,delivery,eixo corrigido por cross-validation: '' → 'Unificação de Canais Digitais',Integração ao Login Único,Integração ao Login Único,high
3,ANVISA,delivery,eixo corrigido por cross-validation: '' → 'Unificação de Canais Digitais',Integração ao Login Único,Integração ao Login Único,high
3,ANVISA,delivery,eixo corrigido por cross-validation: '' → 'Unificação de Canais Digitais',Integração ao Login Único,Integração ao Login Único,high
3,ANVISA,delivery,eixo corrigido por cross-validation: '' → 'Unificação de Canais Digitais',Integração ao Login Único,Integração ao Login Único,high
3,ANVISA,delivery,eixo corrigido por cross-validation: '' → 'Unificação de Canais Digitais',Integração ao Login Único,Integração ao Login Único,high
3,ANVISA,delivery,eixo corrigido por cross-validation: '' → 'Unificação de Canais Digitais',Integração ao Login Único,Integração ao Login Único,high
3,ANVISA,delivery,eixo corrigido por cross-validation: '' → 'Unificação de Canais Digitais',Integração ao Login Único,Integração ao Login Único,high
3,ANVISA,delivery,eixo corrigido por cross-validation: '' → 'Unificação de Canais Digitais',Integração ao Login Único,Integração ao Login Único,high
3,ANVISA,delivery,eixo corrigido por cross-validation: '' → 'Unificação de Canais Digitais',Integração ao Login Único,Integração ao Login Único,high
3,ANVISA,delivery,eixo corrigido por cross-validation: '' → 'Unificação de Canais Digitais',Integração ao Login Único,Integração ao Login Único,high
3,ANVISA,delivery,eixo corrigido por cross-validation: '' → 'Unificação de Canais Digitais',Integração ao Login Único,Integração ao Login Único,high
3,ANVISA,delivery,eixo corrigido por cross-validation: '' → 'Unificação de Canais Digitais',Integração ao Login Único,Integração ao Login Único,high
3,ANVISA,delivery,eixo corrigido por cross-validation: '' → 'Unificação de Canais Digitais',Integração ao Login Único,Integração ao Login Único,high
3,ANVISA,delivery,eixo corrigido por cross-validation: '' → 'Unificação de Canais Digitais',Integração ao Login Único,Integração ao Login Único,high
3,ANVISA,delivery,eixo corrigido por cross-validation: '' → 'Unificação de Canais Digitais',Integração ao Login Único,Integração ao Login Único,high
3,ANVISA,delivery,eixo corrigido por cross-validation: '' → 'Unificação de Canais Digitais',Integração ao Login Único,Integração ao Login Único,high
3,ANVISA,delivery,eixo corrigido por cross-validation: '' → 'Unificação de Canais Digitais',Integração ao Login Único,Integração ao Login Único,high
3,ANVISA,delivery,eixo corrigido por cross-validation: '' → 'Unificação de Canais Digitais',Integração ao Login Único,Integração ao Login Único,high
3,ANVISA,delivery,eixo corrigido por cross-validation: '' → 'Unificação de Canais Digitais',Integração ao Login Único,Integração ao Login Único,high
3,ANVISA,delivery,eixo corrigido por cross-validation: '' → 'Unificação de Canais Digitais',Integração ao Login Único,Integração ao Login Único,high
3,ANVISA,delivery,eixo corrigido por cross-validation: '' → 'Unificação de Canais Digitais',Integração ao Login Único,Integração ao Login Único,high
3,ANVISA,delivery,eixo corrigido por cross-validation: '' → 'Unificação de Canais Digitais',Integração ao Login Único,Integração ao Login Único,high
3,ANVISA,delivery,eixo corrigido por cross-validation: '' → 'Unificação de Canais Digitais',Integração ao Login Único,Integração ao Login Único,high
3,ANVISA,delivery,eixo corrigido por cross-validation: '' → 'Unificação de Canais Digitais',Integração ao Login Único,Integração ao Login Único,high
3,ANVISA,delivery,eixo corrigido por cross-validation: '' → 'Unificação de Canais Digitais',Integração ao Login Único,Integração ao Login Único,high
3,ANVISA,delivery,eixo corrigido por cross-validation: '' → 'Unificação de Canais Digitais',Integração ao Login Único,Integração ao Login Único,high
3,ANVISA,delivery,eixo corrigido por cross-validation: '' → 'Unificação de Canais Digitais',Integração ao Login Único,Integração ao Login Único,high
3,ANVISA,delivery,eixo corrigido por cross-validation: '' → 'Unificação de Canais Digitais',Integração ao Login Único,Integração ao Login Único,high
3,ANVISA,delivery,eixo corrigido por cross-validation: '' → 'Unificação de Canais Digitais',Integração ao Login Único,Integração ao Login Único,high
3,ANVISA,delivery,eixo corrigido por cross-validation: '' → 'Unificação de Canais Digitais',Integração ao Login Único,Integração ao Login Único,high
3,ANVISA,delivery,eixo corrigido por cross-validation: '' → 'Unificação de Canais Digitais',Integração ao Login Único,Integração ao Login Único,high
3,ANVISA,delivery,eixo corrigido por cross-validation: '' → 'Unificação de Canais Digitais',Integração ao Login Único,Integração ao Login Único,high
3,ANVISA,delivery,eixo corrigido por cross-validation: '' → 'Unificação de Canais Digitais',Integração ao Login Único,Integração ao Login Único,high
3,ANVISA,delivery,eixo corrigido por cross-validation: '' → 'Unificação de Canais Digitais',Integração ao Login Único,Integração ao Login Único,high
3,ANVISA,delivery,eixo corrigido por cross-validation: '' → 'Unificação de Canais Digitais',Integração ao Login Único,Integração ao Login Único,high
3,ANVISA,delivery,eixo corrigido por cross-validation: '' → 'Unificação de Canais Digitais',Integração ao Login Único,Integração ao Login Único,high
3,ANVISA,delivery,eixo corrigido por cross-validation: '' → 'Unificação de Canais Digitais',Integração ao Login Único,Integração ao Login Único,high
3,ANVISA,delivery,eixo corrigido por cross-validation: '' → 'Unificação de Canais Digitais',Integração ao Login Único,Integração ao Login Único,high
3,ANVISA,delivery,eixo corrigido por cross-validation: '' → 'Unificação de Canais Digitais',Integração ao Login Único,Integração ao Login Único,high
3,ANVISA,delivery,eixo corrigido por cross-validation: '' → 'Unificação de Canais Digitais',Integração ao Login Único,Integração ao Login Único,high
3,ANVISA,delivery,eixo corrigido por cross-validation: '' → 'Unificação de Canais Digitais',Integração ao Login Único,Integração ao Login Único,high
3,ANVISA,delivery,eixo corrigido por cross-validation: '' → 'Unificação de Canais Digitais',Integração ao Login Único,Integração ao Login Único,high
3,ANVISA,delivery,eixo corrigido por cross-validation: '' → 'Unificação de Canais Digitais',Integração ao Login Único,Integração ao Login Único,high
3,ANVISA,delivery,eixo corrigido por cross-validation: '' → 'Unificação de Canais Digitais',Integração ao Login Único,Integração ao Login Único,high
3,ANVISA,delivery,eixo corrigido por cross-validation: '' → 'Unificação de Canais Digitais',Integração ao Login Único,Integração ao Login Único,high
3,ANVISA,delivery,eixo corrigido por cross-validation: '' → 'Unificação de Canais Digitais',Integração ao Login Único,Integração ao Login Único,high
3,ANVISA,delivery,eixo corrigido por cross-validation: '' → 'Unificação de Canais Digitais',Integração ao Login Único,Integração ao Login Único,high
3,ANVISA,delivery,eixo corrigido por cross-validation: '' → 'Unificação de Canais Digitais',Integração ao Login Único,Integração ao Login Único,high
3,ANVISA,delivery,eixo corrigido por cross-validation: '' → 'Unificação de Canais Digitais',Integração ao Login Único,Integração ao Login Único,high
3,ANVISA,delivery,eixo corrigido por cross-validation: '' → 'Unificação de Canais Digitais',Integração ao Login Único,Integração ao Login Único,high
3,ANVISA,delivery,eixo corrigido por cross-validation: '' → 'Unificação de Canais Digitais',Integração ao Login Único,Integração ao Login Único,high
3,ANVISA,delivery,eixo corrigido por cross-validation: '' → 'Unificação de Canais Digitais',Integração ao Login Único,Integração ao Login Único,high
3,ANVISA,delivery,eixo corrigido por cross-validation: '' → 'Unificação de Canais Digitais',Integração ao Login Único,Integração ao Login Único,high
3,ANVISA,delivery,eixo corrigido por cross-validation: '' → 'Unificação de Canais Digitais',Integração ao Pagtesouro,Integração ao Pagtesouro,high
3,ANVISA,delivery,eixo corrigido por cross-validation: '' → 'Unificação de Canais Digitais',Integração ao Pagtesouro,Integração ao Pagtesouro,high
3,ANVISA,delivery,eixo corrigido por cross-validation: '' → 'Unificação de Canais Digitais',Integração ao Pagtesouro,Integração ao Pagtesouro,high
3,ANVISA,delivery,eixo corrigido por cross-validation: '' → 'Unificação de Canais Digitais',Integração ao Pagtesouro,Integração ao Pagtesouro,high
3,ANVISA,delivery,eixo corrigido por cross-validation: '' → 'Unificação de Canais Digitais',Integração ao Pagtesouro,Integração ao Pagtesouro,high
3,ANVISA,delivery,eixo corrigido por cross-validation: '' → 'Unificação de Canais Digitais',Integração ao Pagtesouro,Integração ao Pagtesouro,high
3,ANVISA,delivery,eixo corrigido por cross-validation: '' → 'Unificação de Canais Digitais',Integração ao Pagtesouro,Integração ao Pagtesouro,high
3,ANVISA,delivery,eixo corrigido por cross-validation: '' → 'Unificação de Canais Digitais',Integração ao Pagtesouro,Integração ao Pagtesouro,high
3,ANVISA,delivery,eixo corrigido por cross-validation: '' → 'Unificação de Canais Digitais',Integração ao Pagtesouro,Integração ao Pagtesouro,high
3,ANVISA,delivery,eixo corrigido por cross-validation: '' → 'Unificação de Canais Digitais',Integração ao Pagtesouro,Integração ao Pagtesouro,high
3,ANVISA,delivery,eixo corrigido por cross-validation: '' → 'Unificação de Canais Digitais',Integração ao Pagtesouro,Integração ao Pagtesouro,high
3,ANVISA,delivery,eixo corrigido por cross-validation: '' → 'Unificação de Canais Digitais',Integração ao Pagtesouro,Integração ao Pagtesouro,high
3,ANVISA,delivery,eixo corrigido por cross-validation: '' → 'Unificação de Canais Digitais',Integração ao Pagtesouro,Integração ao Pagtesouro,high
3,ANVISA,delivery,eixo corrigido por cross-validation: '' → 'Unificação de Canais Digitais',Integração ao Pagtesouro,Integração ao Pagtesouro,high
3,ANVISA,delivery,eixo corrigido por cross-validation: '' → 'Unificação de Canais Digitais',Integração ao Pagtesouro,Integração ao Pagtesouro,high
3,ANVISA,delivery,eixo corrigido por cross-validation: '' → 'Unificação de Canais Digitais',Integração ao Pagtesouro,Integração ao Pagtesouro,high
3,ANVISA,delivery,eixo corrigido por cross-validation: '' → 'Unificação de Canais Digitais',Integração ao Pagtesouro,Integração ao Pagtesouro,high
3,ANVISA,delivery,eixo corrigido por cross-validation: '' → 'Unificação de Canais Digitais',Integração ao Pagtesouro,Integração ao Pagtesouro,high
3,ANVISA,delivery,eixo corrigido por cross-validation: '' → 'Unificação de Canais Digitais',Integração ao Pagtesouro,Integração ao Pagtesouro,high
3,ANVISA,delivery,eixo corrigido por cross-validation: '' → 'Unificação de Canais Digitais',Integração ao Pagtesouro,Integração ao Pagtesouro,high
3,ANVISA,delivery,eixo corrigido por cross-validation: '' → 'Unificação de Canais Digitais',Integração ao Pagtesouro,Integração ao Pagtesouro,high
3,ANVISA,delivery,eixo corrigido por cross-validation: '' → 'Unificação de Canais Digitais',Integração ao Pagtesouro,Integração ao Pagtesouro,high
3,ANVISA,delivery,eixo corrigido por cross-validation: '' → 'Unificação de Canais Digitais',Integração ao Pagtesouro,Integração ao Pagtesouro,high
3,ANVISA,delivery,eixo corrigido por cross-validation: '' → 'Unificação de Canais Digitais',Integração ao Pagtesouro,Integração ao Pagtesouro,high
3,ANVISA,delivery,eixo corrigido por cross-validation: '' → 'Unificação de Canais Digitais',Integração ao Pagtesouro,Integração ao Pagtesouro,high
3,ANVISA,delivery,eixo corrigido por cross-validation: '' → 'Unificação de Canais Digitais',Integração ao Pagtesouro,Integração ao Pagtesouro,high
3,ANVISA,delivery,eixo corrigido por cross-validation: '' → 'Unificação de Canais Digitais',Integração ao Pagtesouro,Integração ao Pagtesouro,high
3,ANVISA,delivery,eixo corrigido por cross-validation: '' → 'Unificação de Canais Digitais',Integração ao Pagtesouro,Integração ao Pagtesouro,high
3,ANVISA,delivery,eixo corrigido por cross-validation: '' → 'Unificação de Canais Digitais',Integração ao Pagtesouro,Integração ao Pagtesouro,high
3,ANVISA,delivery,eixo corrigido por cross-validation: '' → 'Unificação de Canais Digitais',Integração ao Pagtesouro,Integração ao Pagtesouro,high
3,ANVISA,delivery,eixo corrigido por cross-validation: '' → 'Unificação de Canais Digitais',Integração ao Pagtesouro,Integração ao Pagtesouro,high
3,ANVISA,delivery,eixo corrigido por cross-validation: '' → 'Unificação de Canais Digitais',Integração ao Pagtesouro,Integração ao Pagtesouro,high
3,ANVISA,delivery,eixo corrigido por cross-validation: '' → 'Unificação de Canais Digitais',Integração ao Pagtesouro,Integração ao Pagtesouro,high
3,ANVISA,delivery,eixo corrigido por cross-validation: '' → 'Unificação de Canais Digitais',Integração ao Pagtesouro,Integração ao Pagtesouro,high
3,ANVISA,delivery,eixo corrigido por cross-validation: '' → 'Unificação de Canais Digitais',Integração ao Pagtesouro,Integração ao Pagtesouro,high
3,ANVISA,delivery,eixo corrigido por cross-validation: '' → 'Unificação de Canais Digitais',Integração ao Pagtesouro,Integração ao Pagtesouro,high
3,ANVISA,delivery,eixo corrigido por cross-validation: '' → 'Unificação de Canais Digitais',Integração ao Pagtesouro,Integração ao Pagtesouro,high
3,ANVISA,delivery,eixo corrigido por cross-validation: '' → 'Unificação de Canais Digitais',Integração ao Pagtesouro,Integração ao Pagtesouro,high
3,ANVISA,delivery,eixo corrigido por cross-validation: '' → 'Unificação de Canais Digitais',Integração ao Pagtesouro,Integração ao Pagtesouro,high
3,ANVISA,delivery,eixo corrigido por cross-validation: '' → 'Unificação de Canais Digitais',Integração ao Pagtesouro,Integração ao Pagtesouro,high
3,ANVISA,delivery,eixo corrigido por cross-validation: '' → 'Unificação de Canais Digitais',Integração ao Pagtesouro,Integração ao Pagtesouro,high
3,ANVISA,delivery,eixo corrigido por cross-validation: '' → 'Unificação de Canais Digitais',Integração ao Pagtesouro,Integração ao Pagtesouro,high
3,ANVISA,delivery,eixo corrigido por cross-validation: '' → 'Unificação de Canais Digitais',Integração ao Pagtesouro,Integração ao Pagtesouro,high
3,ANVISA,delivery,eixo corrigido por cross-validation: '' → 'Unificação de Canais Digitais',Integração ao Pagtesouro,Integração ao Pagtesouro,high
3,ANVISA,delivery,eixo corrigido por cross-validation: '' → 'Unificação de Canais Digitais',Integração ao Pagtesouro,Integração ao Pagtesouro,high
3,ANVISA,delivery,eixo corrigido por cross-validation: '' → 'Unificação de Canais Digitais',Integração ao Pagtesouro,Integração ao Pagtesouro,high
3,ANVISA,delivery,eixo corrigido por cross-validation: '' → 'Unificação de Canais Digitais',Integração ao Pagtesouro,Integração ao Pagtesouro,high
3,ANVISA,delivery,eixo corrigido por cross-validation: '' → 'Unificação de Canais Digitais',Integração ao Pagtesouro,Integração ao Pagtesouro,high
3,ANVISA,delivery,eixo corrigido por cross-validation: '' → 'Unificação de Canais Digitais',Integração ao Pagtesouro,Integração ao Pagtesouro,high
3,ANVISA,delivery,eixo corrigido por cross-validation: '' → 'Unificação de Canais Digitais',Integração ao Pagtesouro,Integração ao Pagtesouro,high
3,ANVISA,delivery,eixo corrigido por cross-validation: '' → 'Unificação de Canais Digitais',Integração ao Pagtesouro,Integração ao Pagtesouro,high
3,ANVISA,delivery,eixo corrigido por cross-validation: '' → 'Unificação de Canais Digitais',Integração ao Pagtesouro,Integração ao Pagtesouro,high
3,ANVISA,delivery,eixo corrigido por cross-validation: '' → 'Unificação de Canais Digitais',Integração ao Pagtesouro,Integração ao Pagtesouro,high
3,ANVISA,delivery,eixo corrigido por cross-validation: '' → 'Unificação de Canais Digitais',Integração ao Pagtesouro,Integração ao Pagtesouro,high
3,ANVISA,delivery,eixo corrigido por cross-validation: '' → 'Unificação de Canais Digitais',Integração ao Pagtesouro,Integração ao Pagtesouro,high
3,ANVISA,delivery,eixo corrigido por cross-validation: '' → 'Unificação de Canais Digitais',Integração ao Pagtesouro,Integração ao Pagtesouro,high
3,ANVISA,delivery,eixo corrigido por cross-validation: '' → 'Unificação de Canais Digitais',Integração ao Pagtesouro,Integração ao Pagtesouro,high
3,ANVISA,delivery,eixo corrigido por cross-validation: '' → 'Unificação de Canais Digitais',Integração ao Pagtesouro,Integração ao Pagtesouro,high
3,ANVISA,delivery,eixo corrigido por cross-validation: '' → 'Unificação de Canais Digitais',Integração ao Pagtesouro,Integração ao Pagtesouro,high
3,ANVISA,delivery,eixo corrigido por cross-validation: '' → 'Unificação de Canais Digitais',Integração ao Pagtesouro,Integração ao Pagtesouro,high
3,ANVISA,delivery,eixo corrigido por cross-validation: '' → 'Unificação de Canais Digitais',Integração ao Pagtesouro,Integração ao Pagtesouro,high
3,ANVISA,delivery,eixo corrigido por cross-validation: '' → 'Unificação de Canais Digitais',Integração ao Pagtesouro,Integração ao Pagtesouro,high
3,ANVISA,delivery,eixo corrigido por cross-validation: '' → 'Unificação de Canais Digitais',Integração ao Pagtesouro,Integração ao Pagtesouro,high
3,ANVISA,delivery,eixo corrigido por cross-validation: '' → 'Unificação de Canais Digitais',Integração ao Pagtesouro,Integração ao Pagtesouro,high
3,ANVISA,delivery,eixo corrigido por cross-validation: '' → 'Unificação de Canais Digitais',Integração ao Pagtesouro,Integração ao Pagtesouro,high
3,ANVISA,delivery,eixo corrigido por cross-validation: '' → 'Unificação de Canais Digitais',Integração ao Pagtesouro,Integração ao Pagtesouro,high
3,ANVISA,delivery,eixo corrigido por cross-validation: '' → 'Unificação de Canais Digitais',Integração ao Pagtesouro,Integração ao Pagtesouro,high
3,ANVISA,delivery,eixo corrigido por cross-validation: '' → 'Unificação de Canais Digitais',Integração ao Pagtesouro,Integração ao Pagtesouro,high
3,ANVISA,delivery,eixo corrigido por cross-validation: '' → 'Unificação de Canais Digitais',Integração ao Pagtesouro,Integração ao Pagtesouro,high
3,ANVISA,delivery,eixo corrigido por cross-validation: '' → 'Unificação de Canais Digitais',Integração ao Pagtesouro,Integração ao Pagtesouro,high
3,ANVISA,delivery,eixo corrigido por cross-validation: '' → 'Unificação de Canais Digitais',Integração ao Pagtesouro,Integração ao Pagtesouro,high
3,ANVISA,delivery,eixo corrigido por cross-validation: '' → 'Unificação de Canais Digitais',Integração ao Pagtesouro,Integração ao Pagtesouro,high
3,ANVISA,delivery,eixo corrigido por cross-validation: '' → 'Unificação de Canais Digitais',Integração ao Pagtesouro,Integração ao Pagtesouro,high
3,ANVISA,delivery,eixo corrigido por cross-validation: '' → 'Unificação de Canais Digitais',Integração ao Pagtesouro,Integração ao Pagtesouro,high
3,ANVISA,delivery,eixo corrigido por cross-validation: '' → 'Unificação de Canais Digitais',Integração ao Pagtesouro,Integração ao Pagtesouro,high
3,ANVISA,delivery,eixo corrigido por cross-validation: '' → 'Unificação de Canais Digitais',Integração ao Pagtesouro,Integração ao Pagtesouro,high
3,ANVISA,delivery,eixo corrigido por cross-validation: '' → 'Unificação de Canais Digitais',Integração ao Pagtesouro,Integração ao Pagtesouro,high
3,ANVISA,delivery,eixo corrigido por cross-validation: '' → 'Unificação de Canais Digitais',Integração ao Pagtesouro,Integração ao Pagtesouro,high
3,ANVISA,delivery,eixo corrigido por cross-validation: '' → 'Unificação de Canais Digitais',Integração ao Pagtesouro,Integração ao Pagtesouro,high
3,ANVISA,delivery,eixo corrigido por cross-validation: '' → 'Unificação de Canais Digitais',Integração ao Pagtesouro,Integração ao Pagtesouro,high
3,ANVISA,delivery,eixo corrigido por cross-validation: '' → 'Unificação de Canais Digitais',Integração ao Pagtesouro,Integração ao Pagtesouro,high
3,ANVISA,delivery,eixo corrigido por cross-validation: '' → 'Unificação de Canais Digitais',Integração ao Pagtesouro,Integração ao Pagtesouro,high
3,ANVISA,delivery,eixo corrigido por cross-validation: '' → 'Unificação de Canais Digitais',Integração ao Pagtesouro,Integração ao Pagtesouro,high
3,ANVISA,delivery,eixo corrigido por cross-validation: '' → 'Unificação de Canais Digitais',Integração ao Pagtesouro,Integração ao Pagtesouro,high
3,ANVISA,delivery,eixo corrigido por cross-validation: '' → 'Unificação de Canais Digitais',Integração ao Pagtesouro,Integração ao Pagtesouro,high
3,ANVISA,delivery,eixo corrigido por cross-validation: '' → 'Unificação de Canais Digitais',Integração ao Pagtesouro,Integração ao Pagtesouro,high
3,ANVISA,delivery,eixo corrigido por cross-validation: '' → 'Unificação de Canais Digitais',Integração ao Pagtesouro,Integração ao Pagtesouro,high
3,ANVISA,delivery,eixo corrigido por cross-validation: '' → 'Unificação de Canais Digitais',Integração ao Pagtesouro,Integração ao Pagtesouro,high
3,ANVISA,delivery,eixo corrigido por cross-validation: '' → 'Unificação de Canais Digitais',Integração ao Pagtesouro,Integração ao Pagtesouro,high
3,ANVISA,delivery,eixo corrigido por cross-validation: '' → 'Unificação de Canais Digitais',Integração ao Pagtesouro,Integração ao Pagtesouro,high
3,ANVISA,delivery,eixo corrigido por cross-validation: '' → 'Unificação de Canais Digitais',Integração ao Pagtesouro,Integração ao Pagtesouro,high
3,ANVISA,delivery,eixo corrigido por cross-validation: '' → 'Unificação de Canais Digitais',Integração ao Pagtesouro,Integração ao Pagtesouro,high
3,ANVISA,delivery,eixo corrigido por cross-validation: '' → 'Unificação de Canais Digitais',Integração ao Pagtesouro,Integração ao Pagtesouro,high
3,ANVISA,delivery,eixo corrigido por cross-validation: '' → 'Unificação de Canais Digitais',Integração ao Pagtesouro,Integração ao Pagtesouro,high
3,ANVISA,delivery,eixo corrigido por cross-validation: '' → 'Unificação de Canais Digitais',Integração ao Pagtesouro,Integração ao Pagtesouro,high
3,ANVISA,delivery,eixo corrigido por cross-validation: '' → 'Unificação de Canais Digitais',Integração ao Pagtesouro,Integração ao Pagtesouro,high
3,ANVISA,delivery,eixo corrigido por cross-validation: '' → 'Unificação de Canais Digitais',Integração ao Pagtesouro,Integração ao Pagtesouro,high
3,ANVISA,delivery,eixo corrigido por cross-validation: '' → 'Unificação de Canais Digitais',Integração ao Pagtesouro,Integração ao Pagtesouro,high
3,ANVISA,delivery,eixo corrigido por cross-validation: '' → 'Unificação de Canais Digitais',Integração ao Pagtesouro,Integração ao Pagtesouro,high
3,ANVISA,delivery,eixo corrigido por cross-validation: '' → 'Unificação de Canais Digitais',Integração ao Pagtesouro,Integração ao Pagtesouro,high
3,ANVISA,delivery,eixo corrigido por cross-validation: '' → 'Unificação de Canais Digitais',Integração ao Pagtesouro,Integração ao Pagtesouro,high
3,ANVISA,delivery,eixo corrigido por cross-validation: '' → 'Unificação de Canais Digitais',Integração ao Pagtesouro,Integração ao Pagtesouro,high
3,ANVISA,delivery,eixo corrigido por cross-validation: '' → 'Unificação de Canais Digitais',Integração ao Pagtesouro,Integração ao Pagtesouro,high
3,ANVISA,delivery,eixo corrigido por cross-validation: '' → 'Unificação de Canais Digitais',Integração ao Pagtesouro,Integração ao Pagtesouro,high
3,ANVISA,delivery,eixo corrigido por cross-validation: '' → 'Unificação de Canais Digitais',Integração ao Pagtesouro,Integração ao Pagtesouro,high
3,ANVISA,delivery,eixo corrigido por cross-validation: '' → 'Unificação de Canais Digitais',Integração ao Pagtesouro,Integração ao Pagtesouro,high
3,ANVISA,delivery,eixo corrigido por cross-validation: '' → 'Unificação de Canais Digitais',Integração ao Pagtesouro,Integração ao Pagtesouro,high
3,ANVISA,delivery,eixo corrigido por cross-validation: '' → 'Unificação de Canais Digitais',Integração ao Pagtesouro,Integração ao Pagtesouro,high
3,ANVISA,delivery,eixo corrigido por cross-validation: '' → 'Unificação de Canais Digitais',Integração ao Pagtesouro,Integração ao Pagtesouro,high
3,ANVISA,delivery,eixo corrigido por cross-validation: '' → 'Unificação de Canais Digitais',Integração com Assinatura Digital Gov.br,Integração com Assinatura Digital Gov.br,high
3,ANVISA,delivery,eixo corrigido por cross-validation: '' → 'Unificação de Canais Digitais',Integração com Assinatura Digital Gov.br,Integração com Assinatura Digital Gov.br,high
3,ANVISA,delivery,eixo corrigido por cross-validation: '' → 'Unificação de Canais Digitais',Integração com Assinatura Digital Gov.br,Integração com Assinatura Digital Gov.br,high
3,ANVISA,delivery,eixo corrigido por cross-validation: '' → 'Unificação de Canais Digitais',Integração com Assinatura Digital Gov.br,Integração com Assinatura Digital Gov.br,high
3,ANVISA,delivery,eixo corrigido por cross-validation: '' → 'Unificação de Canais Digitais',Integração com Assinatura Digital Gov.br,Integração com Assinatura Digital Gov.br,high
3,ANVISA,delivery,eixo corrigido por cross-validation: '' → 'Unificação de Canais Digitais',Integração com Assinatura Digital Gov.br,Integração com Assinatura Digital Gov.br,high
3,ANVISA,delivery,eixo corrigido por cross-validation: '' → 'Unificação de Canais Digitais',Integração com Assinatura Digital Gov.br,Integração com Assinatura Digital Gov.br,high
3,ANVISA,delivery,eixo corrigido por cross-validation: '' → 'Unificação de Canais Digitais',Integração com Assinatura Digital Gov.br,Integração com Assinatura Digital Gov.br,high
3,ANVISA,delivery,eixo corrigido por cross-validation: '' → 'Unificação de Canais Digitais',Integração com Assinatura Digital Gov.br,Integração com Assinatura Digital Gov.br,high
3,ANVISA,delivery,eixo corrigido por cross-validation: '' → 'Unificação de Canais Digitais',Integração com Assinatura Digital Gov.br,Integração com Assinatura Digital Gov.br,high
3,ANVISA,delivery,eixo corrigido por cross-validation: '' → 'Unificação de Canais Digitais',Integração com Assinatura Digital Gov.br,Integração com Assinatura Digital Gov.br,high
3,ANVISA,delivery,eixo corrigido por cross-validation: '' → 'Unificação de Canais Digitais',Integração com Assinatura Digital Gov.br,Integração com Assinatura Digital Gov.br,high
3,ANVISA,delivery,eixo corrigido por cross-validation: '' → 'Unificação de Canais Digitais',Integração com Assinatura Digital Gov.br,Integração com Assinatura Digital Gov.br,high
3,ANVISA,delivery,eixo corrigido por cross-validation: '' → 'Unificação de Canais Digitais',Integração com Assinatura Digital Gov.br,Integração com Assinatura Digital Gov.br,high
3,ANVISA,delivery,eixo corrigido por cross-validation: '' → 'Unificação de Canais Digitais',Integração com Assinatura Digital Gov.br,Integração com Assinatura Digital Gov.br,high
3,ANVISA,delivery,eixo corrigido por cross-validation: '' → 'Unificação de Canais Digitais',Integração com Assinatura Digital Gov.br,Integração com Assinatura Digital Gov.br,high
3,ANVISA,delivery,eixo corrigido por cross-validation: '' → 'Unificação de Canais Digitais',Integração com Assinatura Digital Gov.br,Integração com Assinatura Digital Gov.br,high
3,ANVISA,delivery,eixo corrigido por cross-validation: '' → 'Unificação de Canais Digitais',Integração com Assinatura Digital Gov.br,Integração com Assinatura Digital Gov.br,high
3,ANVISA,delivery,eixo corrigido por cross-validation: '' → 'Unificação de Canais Digitais',Integração com Assinatura Digital Gov.br,Integração com Assinatura Digital Gov.br,high
3,ANVISA,delivery,eixo corrigido por cross-validation: '' → 'Unificação de Canais Digitais',Integração com Assinatura Digital Gov.br,Integração com Assinatura Digital Gov.br,high
3,ANVISA,delivery,eixo corrigido por cross-validation: '' → 'Unificação de Canais Digitais',Migração de APPs móveis para a loja do Gov.br,Migração de APPs móveis para a loja do Gov.br,high
3,ANVISA,delivery,eixo corrigido por cross-validation: '' → 'Unificação de Canais Digitais',Migração de Portal Institucional,Migração de Portal Institucional,high
3,ANVISA,delivery,eixo corrigido por cross-validation: '' → 'Unificação de Canais Digitais',Migração de Portal Institucional,Migração de Portal Institucional,high
3,ANVISA,delivery,eixo corrigido por cross-validation: '' → 'Unificação de Canais Digitais',Migração de Portal Institucional,Migração de Portal Institucional,high
3,BCB,delivery,eixo corrigido por cross-validation: '' → 'Segurança e Privacidade',"Auto-avaliação, análise de lacunas e planejamento do PPSI","Auto-avaliação, análise de lacunas e planejamento do PPSI",high
3,BCB,delivery,eixo corrigido por cross-validation: '' → 'Segurança e Privacidade',"Auto-avaliação, análise de lacunas e planejamento do PPSI","Auto-avaliação, análise de lacunas e planejamento do PPSI",high
3,BCB,delivery,eixo corrigido por cross-validation: '' → 'Segurança e Privacidade',"Auto-avaliação, análise de lacunas e planejamento do PPSI","Auto-avaliação, análise de lacunas e planejamento do PPSI",high
3,BCB,delivery,eixo corrigido por cross-validation: '' → 'Segurança e Privacidade',"Auto-avaliação, análise de lacunas e planejamento do PPSI","Auto-avaliação, análise de lacunas e planejamento do PPSI",high
3,BCB,delivery,eixo corrigido por cross-validation: '' → 'Segurança e Privacidade',"Auto-avaliação, análise de lacunas e planejamento do PPSI","Auto-avaliação, análise de lacunas e planejamento do PPSI",high
3,BCB,delivery,eixo corrigido por cross-validation: '' → 'Segurança e Privacidade',Implementação do PPSI,Implementação do PPSI,high
3,BCB,delivery,eixo corrigido por cross-validation: '' → 'Segurança e Privacidade',Implementação do PPSI,Implementação do PPSI,high
3,BCB,delivery,eixo corrigido por cross-validation: '' → 'Segurança e Privacidade',Implementação do PPSI,Implementação do PPSI,high
3,BCB,delivery,eixo corrigido por cross-validation: '' → 'Segurança e Privacidade',Implementação do PPSI,Implementação do PPSI,high
3,BCB,delivery,eixo corrigido por cross-validation: '' → 'Serviços Digitais e Melhoria da Qualidade',Disponibilização em Acesso Digital,Disponibilização em Acesso Digital,high
3,BCB,delivery,eixo corrigido por cross-validation: '' → 'Serviços Digitais e Melhoria da Qualidade',Disponibilização em Acesso Digital,Disponibilização em Acesso Digital,high
3,BCB,delivery,eixo corrigido por cross-validation: '' → 'Serviços Digitais e Melhoria da Qualidade',Disponibilização em Acesso Digital,Disponibilização em Acesso Digital,high
3,BCB,delivery,eixo corrigido por cross-validation: '' → 'Serviços Digitais e Melhoria da Qualidade',Disponibilização em Acesso Digital,Disponibilização em Acesso Digital,high
3,BCB,delivery,eixo corrigido por cross-validation: '' → 'Serviços Digitais e Melhoria da Qualidade',Disponibilização em Acesso Digital,Disponibilização em Acesso Digital,high
3,BCB,delivery,eixo corrigido por cross-validation: '' → 'Serviços Digitais e Melhoria da Qualidade',Disponibilização em Acesso Digital,Disponibilização em Acesso Digital,high
3,BCB,delivery,eixo corrigido por cross-validation: '' → 'Serviços Digitais e Melhoria da Qualidade',Evolução do Serviço,Evolução do Serviço,high
3,BCB,delivery,eixo corrigido por cross-validation: '' → 'Serviços Digitais e Melhoria da Qualidade',Implantação da Experiência LabQ,Implantação da Experiência LabQ,high
3,BCB,delivery,eixo corrigido por cross-validation: '' → 'Serviços Digitais e Melhoria da Qualidade',Implantação da Experiência LabQ,Implantação da Experiência LabQ,high
3,BCB,delivery,eixo corrigido por cross-validation: '' → 'Serviços Digitais e Melhoria da Qualidade',Implantação da Experiência LabQ,Implantação da Experiência LabQ,high
3,BCB,delivery,eixo corrigido por cross-validation: '' → 'Serviços Digitais e Melhoria da Qualidade',Implantação da Experiência LabQ,Implantação da Experiência LabQ,high
3,BCB,delivery,eixo corrigido por cross-validation: '' → 'Serviços Digitais e Melhoria da Qualidade',Implantação da Experiência LabQ,Implantação da Experiência LabQ,high
3,BCB,delivery,eixo corrigido por cross-validation: '' → 'Serviços Digitais e Melhoria da Qualidade',Implantação da Experiência LabQ,Implantação da Experiência LabQ,high
3,BCB,delivery,eixo corrigido por cross-validation: '' → 'Serviços Digitais e Melhoria da Qualidade',Implantação da Experiência LabQ,Implantação da Experiência LabQ,high
3,BCB,delivery,eixo corrigido por cross-validation: '' → 'Serviços Digitais e Melhoria da Qualidade',Integração à ferramenta de avaliação da satisfação dos usuários,Integração à ferramenta de avaliação da satisfação dos usuários,high
3,BCB,delivery,eixo corrigido por cross-validation: '' → 'Serviços Digitais e Melhoria da Qualidade',Integração à ferramenta de avaliação da satisfação dos usuários,Integração à ferramenta de avaliação da satisfação dos usuários,high
3,BCB,delivery,eixo corrigido por cross-validation: '' → 'Serviços Digitais e Melhoria da Qualidade',Integração à ferramenta de avaliação da satisfação dos usuários,Integração à ferramenta de avaliação da satisfação dos usuários,high
3,BCB,delivery,eixo corrigido por cross-validation: '' → 'Serviços Digitais e Melhoria da Qualidade',Integração à ferramenta de avaliação da satisfação dos usuários,Integração à ferramenta de avaliação da satisfação dos usuários,high
3,BCB,delivery,eixo corrigido por cross-validation: '' → 'Serviços Digitais e Melhoria da Qualidade',Integração à ferramenta de avaliação da satisfação dos usuários,Integração à ferramenta de avaliação da satisfação dos usuários,high
3,BCB,delivery,eixo corrigido por cross-validation: '' → 'Serviços Digitais e Melhoria da Qualidade',Integração à ferramenta de avaliação da satisfação dos usuários,Integração à ferramenta de avaliação da satisfação dos usuários,high
3,BCB,delivery,eixo corrigido por cross-validation: '' → 'Serviços Digitais e Melhoria da Qualidade',Integração à ferramenta de avaliação da satisfação dos usuários,Integração à ferramenta de avaliação da satisfação dos usuários,high
3,BCB,delivery,eixo corrigido por cross-validation: '' → 'Serviços Digitais e Melhoria da Qualidade',Integração à ferramenta de avaliação da satisfação dos usuários,Integração à ferramenta de avaliação da satisfação dos usuários,high
3,BCB,delivery,eixo corrigido por cross-validation: '' → 'Serviços Digitais e Melhoria da Qualidade',Integração à ferramenta de avaliação da satisfação dos usuários,Integração à ferramenta de avaliação da satisfação dos usuários,high
3,BCB,delivery,eixo corrigido por cross-validation: '' → 'Serviços Digitais e Melhoria da Qualidade',Integração à ferramenta de avaliação da satisfação dos usuários,Integração à ferramenta de avaliação da satisfação dos usuários,high
3,BCB,delivery,eixo corrigido por cross-validation: '' → 'Serviços Digitais e Melhoria da Qualidade',Revisão da descrição dos serviços,Revisão da descrição dos serviços,high
3,BCB,delivery,eixo corrigido por cross-validation: '' → 'Serviços Digitais e Melhoria da Qualidade',Revisão da descrição dos serviços,Revisão da descrição dos serviços,high
3,BCB,delivery,eixo corrigido por cross-validation: '' → 'Serviços Digitais e Melhoria da Qualidade',Revisão da descrição dos serviços,Revisão da descrição dos serviços,high
3,BCB,delivery,eixo corrigido por cross-validation: '' → 'Serviços Digitais e Melhoria da Qualidade',Revisão da descrição dos serviços,Revisão da descrição dos serviços,high
3,BCB,delivery,eixo corrigido por cross-validation: '' → 'Serviços Digitais e Melhoria da Qualidade',Revisão da descrição dos serviços,Revisão da descrição dos serviços,high
3,BCB,delivery,eixo corrigido por cross-validation: '' → 'Serviços Digitais e Melhoria da Qualidade',Revisão da descrição dos serviços,Revisão da descrição dos serviços,high
3,BCB,delivery,eixo corrigido por cross-validation: '' → 'Serviços Digitais e Melhoria da Qualidade',Revisão da descrição dos serviços,Revisão da descrição dos serviços,high
3,BCB,delivery,eixo corrigido por cross-validation: '' → 'Serviços Digitais e Melhoria da Qualidade',Revisão da descrição dos serviços,Revisão da descrição dos serviços,high
3,BCB,delivery,eixo corrigido por cross-validation: '' → 'Serviços Digitais e Melhoria da Qualidade',Revisão da descrição dos serviços,Revisão da descrição dos serviços,high
3,BCB,delivery,eixo corrigido por cross-validation: '' → 'Serviços Digitais e Melhoria da Qualidade',Revisão da descrição dos serviços,Revisão da descrição dos serviços,high
3,BCB,delivery,eixo corrigido por cross-validation: '' → 'Serviços Digitais e Melhoria da Qualidade',Revisão da descrição dos serviços,Revisão da descrição dos serviços,high
3,BCB,delivery,eixo corrigido por cross-validation: '' → 'Serviços Digitais e Melhoria da Qualidade',Revisão da descrição dos serviços,Revisão da descrição dos serviços,high
3,BCB,delivery,eixo corrigido por cross-validation: '' → 'Serviços Digitais e Melhoria da Qualidade',Revisão da descrição dos serviços,Revisão da descrição dos serviços,high
3,BCB,delivery,eixo corrigido por cross-validation: '' → 'Serviços Digitais e Melhoria da Qualidade',Revisão da descrição dos serviços,Revisão da descrição dos serviços,high
3,BCB,delivery,eixo corrigido por cross-validation: '' → 'Serviços Digitais e Melhoria da Qualidade',Revisão da descrição dos serviços,Revisão da descrição dos serviços,high
3,BCB,delivery,eixo corrigido por cross-validation: '' → 'Serviços Digitais e Melhoria da Qualidade',Revisão da descrição dos serviços,Revisão da descrição dos serviços,high
3,BCB,delivery,eixo corrigido por cross-validation: '' → 'Serviços Digitais e Melhoria da Qualidade',Revisão da descrição dos serviços,Revisão da descrição dos serviços,high
3,BCB,delivery,eixo corrigido por cross-validation: '' → 'Serviços Digitais e Melhoria da Qualidade',Revisão da descrição dos serviços,Revisão da descrição dos serviços,high
3,BCB,delivery,eixo corrigido por cross-validation: '' → 'Serviços Digitais e Melhoria da Qualidade',Revisão da descrição dos serviços,Revisão da descrição dos serviços,high
3,BCB,delivery,eixo corrigido por cross-validation: '' → 'Serviços Digitais e Melhoria da Qualidade',Revisão da descrição dos serviços,Revisão da descrição dos serviços,high
3,BCB,delivery,eixo corrigido por cross-validation: '' → 'Serviços Digitais e Melhoria da Qualidade',Revisão da descrição dos serviços,Revisão da descrição dos serviços,high
3,BCB,delivery,eixo corrigido por cross-validation: '' → 'Serviços Digitais e Melhoria da Qualidade',Revisão da descrição dos serviços,Revisão da descrição dos serviços,high
3,BCB,delivery,eixo corrigido por cross-validation: '' → 'Serviços Digitais e Melhoria da Qualidade',Revisão da descrição dos serviços,Revisão da descrição dos serviços,high
3,BCB,delivery,eixo corrigido por cross-validation: '' → 'Serviços Digitais e Melhoria da Qualidade',Revisão da descrição dos serviços,Revisão da descrição dos serviços,high
3,BCB,delivery,eixo corrigido por cross-validation: '' → 'Serviços Digitais e Melhoria da Qualidade',Revisão da descrição dos serviços,Revisão da descrição dos serviços,high
3,BCB,delivery,eixo corrigido por cross-validation: '' → 'Serviços Digitais e Melhoria da Qualidade',Revisão da descrição dos serviços,Revisão da descrição dos serviços,high
3,BCB,delivery,eixo corrigido por cross-validation: '' → 'Serviços Digitais e Melhoria da Qualidade',Revisão da descrição dos serviços,Revisão da descrição dos serviços,high
3,BCB,delivery,eixo corrigido por cross-validation: '' → 'Serviços Digitais e Melhoria da Qualidade',Revisão da descrição dos serviços,Revisão da descrição dos serviços,high
3,BCB,delivery,eixo corrigido por cross-validation: '' → 'Serviços Digitais e Melhoria da Qualidade',Revisão da descrição dos serviços,Revisão da descrição dos serviços,high
3,BCB,delivery,eixo corrigido por cross-validation: '' → 'Serviços Digitais e Melhoria da Qualidade',Revisão da descrição dos serviços,Revisão da descrição dos serviços,high
3,BCB,delivery,eixo corrigido por cross-validation: '' → 'Serviços Digitais e Melhoria da Qualidade',Revisão da descrição dos serviços,Revisão da descrição dos serviços,high
3,BCB,delivery,eixo corrigido por cross-validation: '' → 'Serviços Digitais e Melhoria da Qualidade',Revisão da descrição dos serviços,Revisão da descrição dos serviços,high
3,BCB,delivery,eixo corrigido por cross-validation: '' → 'Serviços Digitais e Melhoria da Qualidade',Revisão da descrição dos serviços,Revisão da descrição dos serviços,high
3,BCB,delivery,eixo corrigido por cross-validation: '' → 'Serviços Digitais e Melhoria da Qualidade',Revisão da descrição dos serviços,Revisão da descrição dos serviços,high
3,BCB,delivery,eixo corrigido por cross-validation: '' → 'Serviços Digitais e Melhoria da Qualidade',Revisão da descrição dos serviços,Revisão da descrição dos serviços,high
3,BCB,delivery,eixo corrigido por cross-validation: '' → 'Unificação de Canais Digitais',Integração ao Login Único,Integração ao Login Único,high
3,BCB,delivery,eixo corrigido por cross-validation: '' → 'Unificação de Canais Digitais',Integração ao Login Único,Integração ao Login Único,high
3,BCB,delivery,eixo corrigido por cross-validation: '' → 'Unificação de Canais Digitais',Integração ao Login Único,Integração ao Login Único,high
3,BCB,delivery,eixo corrigido por cross-validation: '' → 'Unificação de Canais Digitais',Integração ao Login Único,Integração ao Login Único,high
3,CADE,delivery,produto Outros; eixo corrigido: '' → 'Projetos Especiais',Outros,Outros,high
3,CADE,delivery,eixo corrigido por cross-validation: '' → 'Segurança e Privacidade',Implementação do PPSI,Implementação do PPSI,high
3,CADE,delivery,eixo corrigido por cross-validation: '' → 'Segurança e Privacidade',Implementação do PPSI,Implementação do PPSI,high
3,CADE,delivery,eixo corrigido por cross-validation: '' → 'Segurança e Privacidade',Implementação do PPSI,Implementação do PPSI,high
3,CADE,delivery,eixo corrigido por cross-validation: '' → 'Segurança e Privacidade',Implementação do PPSI,Implementação do PPSI,high
3,CADE,delivery,eixo corrigido por cross-validation: '' → 'Segurança e Privacidade',Implementação do PPSI,Implementação do PPSI,high
3,CADE,delivery,eixo corrigido por cross-validation: '' → 'Segurança e Privacidade',Implementação do PPSI,Implementação do PPSI,high
3,CADE,delivery,eixo corrigido por cross-validation: '' → 'Segurança e Privacidade',Implementação do PPSI,Implementação do PPSI,high
3,CADE,delivery,eixo corrigido por cross-validation: '' → 'Serviços Digitais e Melhoria da Qualidade',Disponibilização em Acesso Digital,Disponibilização em Acesso Digital,high
3,CADE,delivery,eixo corrigido por cross-validation: '' → 'Serviços Digitais e Melhoria da Qualidade',Disponibilização em Acesso Digital,Disponibilização em Acesso Digital,high
3,CADE,delivery,eixo corrigido por cross-validation: '' → 'Serviços Digitais e Melhoria da Qualidade',Disponibilização em Acesso Digital,Disponibilização em Acesso Digital,high
3,CADE,delivery,eixo corrigido por cross-validation: '' → 'Serviços Digitais e Melhoria da Qualidade',Disponibilização em Acesso Digital,Disponibilização em Acesso Digital,high
3,CADE,delivery,eixo corrigido por cross-validation: '' → 'Serviços Digitais e Melhoria da Qualidade',Disponibilização em Acesso Digital,Disponibilização em Acesso Digital,high
3,CADE,delivery,eixo corrigido por cross-validation: '' → 'Serviços Digitais e Melhoria da Qualidade',Disponibilização em Acesso Digital,Disponibilização em Acesso Digital,high
3,CADE,delivery,eixo corrigido por cross-validation: '' → 'Serviços Digitais e Melhoria da Qualidade',Implantação da Experiência LabQ,Implantação da Experiência LabQ,high
3,CADE,delivery,eixo corrigido por cross-validation: '' → 'Serviços Digitais e Melhoria da Qualidade',Implementação do VLIBRAS,Implementação do VLIBRAS,high
3,CADE,delivery,eixo corrigido por cross-validation: '' → 'Serviços Digitais e Melhoria da Qualidade',Integração à ferramenta de avaliação da satisfação dos usuários,Integração à ferramenta de avaliação da satisfação dos usuários,high
3,CADE,delivery,eixo corrigido por cross-validation: '' → 'Serviços Digitais e Melhoria da Qualidade',Integração à ferramenta de avaliação da satisfação dos usuários,Integração à ferramenta de avaliação da satisfação dos usuários,high
3,CADE,delivery,eixo corrigido por cross-validation: '' → 'Serviços Digitais e Melhoria da Qualidade',Integração à ferramenta de avaliação da satisfação dos usuários,Integração à ferramenta de avaliação da satisfação dos usuários,high
3,CADE,delivery,eixo corrigido por cross-validation: '' → 'Serviços Digitais e Melhoria da Qualidade',Integração à ferramenta de avaliação da satisfação dos usuários,Integração à ferramenta de avaliação da satisfação dos usuários,high
3,CADE,delivery,eixo corrigido por cross-validation: '' → 'Serviços Digitais e Melhoria da Qualidade',Integração à ferramenta de avaliação da satisfação dos usuários,Integração à ferramenta de avaliação da satisfação dos usuários,high
3,CADE,delivery,eixo corrigido por cross-validation: '' → 'Serviços Digitais e Melhoria da Qualidade',Integração à ferramenta de avaliação da satisfação dos usuários,Integração à ferramenta de avaliação da satisfação dos usuários,high
3,CADE,delivery,eixo corrigido por cross-validation: '' → 'Serviços Digitais e Melhoria da Qualidade',Revisão da descrição dos serviços,Revisão da descrição dos serviços,high
3,CADE,delivery,eixo corrigido por cross-validation: '' → 'Unificação de Canais Digitais',Implantação do Design System,Implantação do Design System,high
3,CADE,delivery,eixo corrigido por cross-validation: '' → 'Unificação de Canais Digitais',Implantação do Design System,Implantação do Design System,high
3,CADE,delivery,eixo corrigido por cross-validation: '' → 'Unificação de Canais Digitais',Implantação do Design System,Implantação do Design System,high
3,CADE,delivery,eixo corrigido por cross-validation: '' → 'Unificação de Canais Digitais',Implantação do Design System,Implantação do Design System,high
3,CADE,delivery,eixo corrigido por cross-validation: '' → 'Unificação de Canais Digitais',Implantação do Design System,Implantação do Design System,high
3,CADE,delivery,eixo corrigido por cross-validation: '' → 'Unificação de Canais Digitais',Implantação do Design System,Implantação do Design System,high
3,CADE,delivery,eixo corrigido por cross-validation: '' → 'Unificação de Canais Digitais',Implantação do Design System,Implantação do Design System,high
3,CADE,delivery,eixo corrigido por cross-validation: '' → 'Unificação de Canais Digitais',Integração ao Login Único,Integração ao Login Único,high
3,CADE,delivery,eixo corrigido por cross-validation: '' → 'Unificação de Canais Digitais',Integração ao Pagtesouro,Integração ao Pagtesouro,high
3,CADE,delivery,eixo corrigido por cross-validation: '' → 'Unificação de Canais Digitais',Migração de APPs móveis para a loja do Gov.br,Migração de APPs móveis para a loja do Gov.br,high
3,CAPES,delivery,eixo corrigido por cross-validation: '' → 'Governança e Gestão de Dados',Integração à base de dados (OUTROS),Integração à base de dados,high
3,CAPES,delivery,eixo corrigido por cross-validation: '' → 'Governança e Gestão de Dados',Integração à base de dados (OUTROS),Integração à base de dados,high
3,CAPES,delivery,eixo corrigido por cross-validation: '' → 'Governança e Gestão de Dados',Integração à base de dados (OUTROS),Integração à base de dados,high
3,CAPES,delivery,eixo corrigido por cross-validation: '' → 'Governança e Gestão de Dados',Integração à base de dados (OUTROS),Integração à base de dados,high
3,CAPES,delivery,eixo corrigido por cross-validation: '' → 'Governança e Gestão de Dados',Integração à base de dados (OUTROS),Integração à base de dados,high
3,CAPES,delivery,eixo corrigido por cross-validation: '' → 'Governança e Gestão de Dados',Integração à base de dados (OUTROS),Integração à base de dados,high
3,CAPES,delivery,eixo corrigido por cross-validation: '' → 'Governança e Gestão de Dados',Integração à base de dados (OUTROS),Integração à base de dados,high
3,CAPES,delivery,eixo corrigido por cross-validation: '' → 'Governança e Gestão de Dados',Integração à base de dados (OUTROS),Integração à base de dados,high
3,CAPES,delivery,eixo corrigido por cross-validation: '' → 'Governança e Gestão de Dados',Integração à base de dados (OUTROS),Integração à base de dados,high
3,CAPES,delivery,eixo corrigido por cross-validation: '' → 'Governança e Gestão de Dados',Integração à base de dados (OUTROS),Integração à base de dados,high
3,CAPES,delivery,produto Outros; eixo corrigido: '' → 'Projetos Especiais',Outros,Outros,high
3,CAPES,delivery,produto Outros; eixo corrigido: '' → 'Projetos Especiais',Outros,Outros,high
3,CAPES,delivery,produto Outros; eixo corrigido: '' → 'Projetos Especiais',Outros,Outros,high
3,CAPES,delivery,produto Outros; eixo corrigido: '' → 'Projetos Especiais',Outros,Outros,high
3,CAPES,delivery,produto Outros; eixo corrigido: '' → 'Projetos Especiais',Outros,Outros,high
3,CAPES,delivery,produto Outros; eixo corrigido: '' → 'Projetos Especiais',Outros,Outros,high
3,CAPES,delivery,produto Outros; eixo corrigido: '' → 'Projetos Especiais',Outros,Outros,high
3,CAPES,delivery,produto Outros; eixo corrigido: '' → 'Projetos Especiais',Outros,Outros,high
3,CAPES,delivery,produto Outros; eixo corrigido: '' → 'Projetos Especiais',Outros,Outros,high
3,CAPES,delivery,produto Outros; eixo corrigido: '' → 'Projetos Especiais',Outros,Outros,high
3,CAPES,delivery,produto Outros; eixo corrigido: '' → 'Projetos Especiais',Outros,Outros,high
3,CAPES,delivery,produto Outros; eixo corrigido: '' → 'Projetos Especiais',Outros,Outros,high
3,CAPES,delivery,produto Outros; eixo corrigido: '' → 'Projetos Especiais',Outros,Outros,high
3,CAPES,delivery,eixo corrigido por cross-validation: '' → 'Segurança e Privacidade',Implementação do PPSI,Implementação do PPSI,high
3,CAPES,delivery,eixo corrigido por cross-validation: '' → 'Segurança e Privacidade',Implementação do PPSI,Implementação do PPSI,high
3,CAPES,delivery,eixo corrigido por cross-validation: '' → 'Segurança e Privacidade',Implementação do PPSI,Implementação do PPSI,high
3,CAPES,delivery,eixo corrigido por cross-validation: '' → 'Segurança e Privacidade',Implementação do PPSI,Implementação do PPSI,high
3,CAPES,delivery,eixo corrigido por cross-validation: '' → 'Segurança e Privacidade',Implementação do PPSI,Implementação do PPSI,high
3,CAPES,delivery,eixo corrigido por cross-validation: '' → 'Segurança e Privacidade',Implementação do PPSI,Implementação do PPSI,high
3,CAPES,delivery,eixo corrigido por cross-validation: '' → 'Segurança e Privacidade',Implementação do PPSI,Implementação do PPSI,high
3,CAPES,delivery,eixo corrigido por cross-validation: '' → 'Segurança e Privacidade',Implementação do PPSI,Implementação do PPSI,high
3,CAPES,delivery,eixo corrigido por cross-validation: '' → 'Segurança e Privacidade',Implementação do PPSI,Implementação do PPSI,high
3,CAPES,delivery,eixo corrigido por cross-validation: '' → 'Segurança e Privacidade',Implementação do PPSI,Implementação do PPSI,high
3,CAPES,delivery,eixo corrigido por cross-validation: '' → 'Serviços Digitais e Melhoria da Qualidade',Evolução do Serviço,Evolução do Serviço,high
3,CAPES,delivery,eixo corrigido por cross-validation: '' → 'Serviços Digitais e Melhoria da Qualidade',Evolução do Serviço,Evolução do Serviço,high
3,CAPES,delivery,eixo corrigido por cross-validation: '' → 'Serviços Digitais e Melhoria da Qualidade',Evolução do Serviço,Evolução do Serviço,high
3,CAPES,delivery,eixo corrigido por cross-validation: '' → 'Serviços Digitais e Melhoria da Qualidade',Evolução do Serviço,Evolução do Serviço,high
3,CAPES,delivery,eixo corrigido por cross-validation: '' → 'Serviços Digitais e Melhoria da Qualidade',Evolução do Serviço,Evolução do Serviço,high
3,CAPES,delivery,eixo corrigido por cross-validation: '' → 'Serviços Digitais e Melhoria da Qualidade',Evolução do Serviço,Evolução do Serviço,high
3,CAPES,delivery,eixo corrigido por cross-validation: '' → 'Serviços Digitais e Melhoria da Qualidade',Evolução do Serviço,Evolução do Serviço,high
3,CAPES,delivery,eixo corrigido por cross-validation: '' → 'Serviços Digitais e Melhoria da Qualidade',Evolução do Serviço,Evolução do Serviço,high
3,CAPES,delivery,eixo corrigido por cross-validation: '' → 'Serviços Digitais e Melhoria da Qualidade',Evolução do Serviço,Evolução do Serviço,high
3,CAPES,delivery,eixo corrigido por cross-validation: '' → 'Serviços Digitais e Melhoria da Qualidade',Evolução do Serviço,Evolução do Serviço,high
3,CAPES,delivery,eixo corrigido por cross-validation: '' → 'Serviços Digitais e Melhoria da Qualidade',Evolução do Serviço,Evolução do Serviço,high
3,CAPES,delivery,eixo corrigido por cross-validation: '' → 'Serviços Digitais e Melhoria da Qualidade',Evolução do Serviço,Evolução do Serviço,high
3,CAPES,delivery,eixo corrigido por cross-validation: '' → 'Serviços Digitais e Melhoria da Qualidade',Evolução do Serviço,Evolução do Serviço,high
3,CAPES,delivery,eixo corrigido por cross-validation: '' → 'Serviços Digitais e Melhoria da Qualidade',Evolução do Serviço,Evolução do Serviço,high
3,CAPES,delivery,eixo corrigido por cross-validation: '' → 'Serviços Digitais e Melhoria da Qualidade',Evolução do Serviço,Evolução do Serviço,high
3,CAPES,delivery,eixo corrigido por cross-validation: '' → 'Serviços Digitais e Melhoria da Qualidade',Evolução do Serviço,Evolução do Serviço,high
3,CAPES,delivery,eixo corrigido por cross-validation: '' → 'Serviços Digitais e Melhoria da Qualidade',Evolução do Serviço,Evolução do Serviço,high
3,CAPES,delivery,eixo corrigido por cross-validation: '' → 'Serviços Digitais e Melhoria da Qualidade',Evolução do Serviço,Evolução do Serviço,high
3,CAPES,delivery,eixo corrigido por cross-validation: '' → 'Serviços Digitais e Melhoria da Qualidade',Evolução do Serviço,Evolução do Serviço,high
3,CAPES,delivery,eixo corrigido por cross-validation: '' → 'Serviços Digitais e Melhoria da Qualidade',Evolução do Serviço,Evolução do Serviço,high
3,CAPES,delivery,eixo corrigido por cross-validation: '' → 'Serviços Digitais e Melhoria da Qualidade',Evolução do Serviço,Evolução do Serviço,high
3,CAPES,delivery,eixo corrigido por cross-validation: '' → 'Serviços Digitais e Melhoria da Qualidade',Evolução do Serviço,Evolução do Serviço,high
3,CAPES,delivery,eixo corrigido por cross-validation: '' → 'Serviços Digitais e Melhoria da Qualidade',Evolução do Serviço,Evolução do Serviço,high
3,CAPES,delivery,eixo corrigido por cross-validation: '' → 'Serviços Digitais e Melhoria da Qualidade',Evolução do Serviço,Evolução do Serviço,high
3,CAPES,delivery,eixo corrigido por cross-validation: '' → 'Serviços Digitais e Melhoria da Qualidade',Evolução do Serviço,Evolução do Serviço,high
3,CAPES,delivery,eixo corrigido por cross-validation: '' → 'Serviços Digitais e Melhoria da Qualidade',Evolução do Serviço,Evolução do Serviço,high
3,CAPES,delivery,eixo corrigido por cross-validation: '' → 'Serviços Digitais e Melhoria da Qualidade',Evolução do Serviço,Evolução do Serviço,high
3,CAPES,delivery,eixo corrigido por cross-validation: '' → 'Serviços Digitais e Melhoria da Qualidade',Evolução do Serviço,Evolução do Serviço,high
3,CAPES,delivery,eixo corrigido por cross-validation: '' → 'Serviços Digitais e Melhoria da Qualidade',Evolução do Serviço,Evolução do Serviço,high
3,CAPES,delivery,eixo corrigido por cross-validation: '' → 'Serviços Digitais e Melhoria da Qualidade',Evolução do Serviço,Evolução do Serviço,high
3,CAPES,delivery,eixo corrigido por cross-validation: '' → 'Serviços Digitais e Melhoria da Qualidade',Evolução do Serviço,Evolução do Serviço,high
3,CAPES,delivery,eixo corrigido por cross-validation: '' → 'Serviços Digitais e Melhoria da Qualidade',Evolução do Serviço,Evolução do Serviço,high
3,CAPES,delivery,eixo corrigido por cross-validation: '' → 'Serviços Digitais e Melhoria da Qualidade',Evolução do Serviço,Evolução do Serviço,high
3,CAPES,delivery,eixo corrigido por cross-validation: '' → 'Serviços Digitais e Melhoria da Qualidade',Evolução do Serviço,Evolução do Serviço,high
3,CAPES,delivery,eixo corrigido por cross-validation: '' → 'Serviços Digitais e Melhoria da Qualidade',Evolução do Serviço,Evolução do Serviço,high
3,CAPES,delivery,eixo corrigido por cross-validation: '' → 'Serviços Digitais e Melhoria da Qualidade',Implantação da Experiência LabQ,Implantação da Experiência LabQ,high
3,CAPES,delivery,eixo corrigido por cross-validation: '' → 'Serviços Digitais e Melhoria da Qualidade',Implantação da Experiência LabQ,Implantação da Experiência LabQ,high
3,CAPES,delivery,eixo corrigido por cross-validation: '' → 'Serviços Digitais e Melhoria da Qualidade',Implantação da Experiência LabQ,Implantação da Experiência LabQ,high
3,CAPES,delivery,eixo corrigido por cross-validation: '' → 'Serviços Digitais e Melhoria da Qualidade',Implantação da Experiência LabQ,Implantação da Experiência LabQ,high
3,CAPES,delivery,eixo corrigido por cross-validation: '' → 'Serviços Digitais e Melhoria da Qualidade',Implantação da Experiência LabQ,Implantação da Experiência LabQ,high
3,CAPES,delivery,eixo corrigido por cross-validation: '' → 'Serviços Digitais e Melhoria da Qualidade',Implantação da Experiência LabQ,Implantação da Experiência LabQ,high
3,CAPES,delivery,eixo corrigido por cross-validation: '' → 'Serviços Digitais e Melhoria da Qualidade',Integração à ferramenta de avaliação da,Integração à ferramenta de avaliação da satisfação dos usuários,high
3,CAPES,delivery,eixo corrigido por cross-validation: '' → 'Serviços Digitais e Melhoria da Qualidade',Integração à ferramenta de avaliação da,Integração à ferramenta de avaliação da satisfação dos usuários,high
3,CAPES,delivery,eixo corrigido por cross-validation: '' → 'Serviços Digitais e Melhoria da Qualidade',Integração à ferramenta de avaliação da,Integração à ferramenta de avaliação da satisfação dos usuários,high
3,CAPES,delivery,eixo corrigido por cross-validation: '' → 'Serviços Digitais e Melhoria da Qualidade',Integração à ferramenta de avaliação da,Integração à ferramenta de avaliação da satisfação dos usuários,high
3,CAPES,delivery,eixo corrigido por cross-validation: '' → 'Serviços Digitais e Melhoria da Qualidade',Integração à ferramenta de avaliação da,Integração à ferramenta de avaliação da satisfação dos usuários,high
3,CAPES,delivery,eixo corrigido por cross-validation: '' → 'Serviços Digitais e Melhoria da Qualidade',Integração à ferramenta de avaliação da,Integração à ferramenta de avaliação da satisfação dos usuários,high
3,CAPES,delivery,eixo corrigido por cross-validation: '' → 'Serviços Digitais e Melhoria da Qualidade',Integração à ferramenta de avaliação da,Integração à ferramenta de avaliação da satisfação dos usuários,high
3,CAPES,delivery,eixo corrigido por cross-validation: '' → 'Serviços Digitais e Melhoria da Qualidade',Integração à ferramenta de avaliação da,Integração à ferramenta de avaliação da satisfação dos usuários,high
3,CAPES,delivery,eixo corrigido por cross-validation: '' → 'Serviços Digitais e Melhoria da Qualidade',Integração à ferramenta de avaliação da,Integração à ferramenta de avaliação da satisfação dos usuários,high
3,CAPES,delivery,eixo corrigido por cross-validation: '' → 'Serviços Digitais e Melhoria da Qualidade',Integração à ferramenta de avaliação da,Integração à ferramenta de avaliação da satisfação dos usuários,high
3,CAPES,delivery,eixo corrigido por cross-validation: '' → 'Serviços Digitais e Melhoria da Qualidade',Integração à ferramenta de avaliação da,Integração à ferramenta de avaliação da satisfação dos usuários,high
3,CAPES,delivery,eixo corrigido por cross-validation: '' → 'Serviços Digitais e Melhoria da Qualidade',Integração à ferramenta de avaliação da,Integração à ferramenta de avaliação da satisfação dos usuários,high
3,CAPES,delivery,eixo corrigido por cross-validation: '' → 'Serviços Digitais e Melhoria da Qualidade',Integração à ferramenta de avaliação da,Integração à ferramenta de avaliação da satisfação dos usuários,high
3,CAPES,delivery,eixo corrigido por cross-validation: '' → 'Serviços Digitais e Melhoria da Qualidade',Integração à ferramenta de avaliação da,Integração à ferramenta de avaliação da satisfação dos usuários,high
3,CAPES,delivery,eixo corrigido por cross-validation: '' → 'Serviços Digitais e Melhoria da Qualidade',Integração à ferramenta de avaliação da,Integração à ferramenta de avaliação da satisfação dos usuários,high
3,CAPES,delivery,eixo corrigido por cross-validation: '' → 'Serviços Digitais e Melhoria da Qualidade',Integração à ferramenta de avaliação da,Integração à ferramenta de avaliação da satisfação dos usuários,high
3,CAPES,delivery,eixo corrigido por cross-validation: '' → 'Serviços Digitais e Melhoria da Qualidade',Integração à ferramenta de avaliação da,Integração à ferramenta de avaliação da satisfação dos usuários,high
3,CAPES,delivery,eixo corrigido por cross-validation: '' → 'Serviços Digitais e Melhoria da Qualidade',Integração à ferramenta de avaliação da,Integração à ferramenta de avaliação da satisfação dos usuários,high
3,CAPES,delivery,eixo corrigido por cross-validation: '' → 'Serviços Digitais e Melhoria da Qualidade',Integração à ferramenta de avaliação da,Integração à ferramenta de avaliação da satisfação dos usuários,high
3,CAPES,delivery,eixo corrigido por cross-validation: '' → 'Serviços Digitais e Melhoria da Qualidade',Integração à ferramenta de avaliação da,Integração à ferramenta de avaliação da satisfação dos usuários,high
3,CAPES,delivery,eixo corrigido por cross-validation: '' → 'Serviços Digitais e Melhoria da Qualidade',Integração à ferramenta de avaliação da,Integração à ferramenta de avaliação da satisfação dos usuários,high
3,CAPES,delivery,eixo corrigido por cross-validation: '' → 'Serviços Digitais e Melhoria da Qualidade',Integração à ferramenta de avaliação da,Integração à ferramenta de avaliação da satisfação dos usuários,high
3,CAPES,delivery,eixo corrigido por cross-validation: '' → 'Serviços Digitais e Melhoria da Qualidade',Revisão da descrição dos serviços,Revisão da descrição dos serviços,high
3,CAPES,delivery,eixo corrigido por cross-validation: '' → 'Serviços Digitais e Melhoria da Qualidade',Revisão da descrição dos serviços,Revisão da descrição dos serviços,high
3,CAPES,delivery,eixo corrigido por cross-validation: '' → 'Serviços Digitais e Melhoria da Qualidade',Revisão da descrição dos serviços,Revisão da descrição dos serviços,high
3,CAPES,delivery,eixo corrigido por cross-validation: '' → 'Serviços Digitais e Melhoria da Qualidade',Revisão da descrição dos serviços,Revisão da descrição dos serviços,high
3,CAPES,delivery,eixo corrigido por cross-validation: '' → 'Serviços Digitais e Melhoria da Qualidade',Revisão da descrição dos serviços,Revisão da descrição dos serviços,high
3,CAPES,delivery,eixo corrigido por cross-validation: '' → 'Serviços Digitais e Melhoria da Qualidade',Revisão da descrição dos serviços,Revisão da descrição dos serviços,high
3,CAPES,delivery,eixo corrigido por cross-validation: '' → 'Serviços Digitais e Melhoria da Qualidade',Revisão da descrição dos serviços,Revisão da descrição dos serviços,high
3,CAPES,delivery,eixo corrigido por cross-validation: '' → 'Serviços Digitais e Melhoria da Qualidade',Revisão da descrição dos serviços,Revisão da descrição dos serviços,high
3,CAPES,delivery,eixo corrigido por cross-validation: '' → 'Serviços Digitais e Melhoria da Qualidade',Revisão da descrição dos serviços,Revisão da descrição dos serviços,high
3,CAPES,delivery,eixo corrigido por cross-validation: '' → 'Serviços Digitais e Melhoria da Qualidade',Revisão da descrição dos serviços,Revisão da descrição dos serviços,high
3,CAPES,delivery,eixo corrigido por cross-validation: '' → 'Serviços Digitais e Melhoria da Qualidade',Revisão da descrição dos serviços,Revisão da descrição dos serviços,high
3,CAPES,delivery,eixo corrigido por cross-validation: '' → 'Serviços Digitais e Melhoria da Qualidade',Revisão da descrição dos serviços,Revisão da descrição dos serviços,high
3,CAPES,delivery,eixo corrigido por cross-validation: '' → 'Serviços Digitais e Melhoria da Qualidade',Revisão da descrição dos serviços,Revisão da descrição dos serviços,high
3,CAPES,delivery,eixo corrigido por cross-validation: '' → 'Serviços Digitais e Melhoria da Qualidade',Revisão da descrição dos serviços,Revisão da descrição dos serviços,high
3,CAPES,delivery,eixo corrigido por cross-validation: '' → 'Serviços Digitais e Melhoria da Qualidade',Revisão da descrição dos serviços,Revisão da descrição dos serviços,high
3,CAPES,delivery,eixo corrigido por cross-validation: '' → 'Serviços Digitais e Melhoria da Qualidade',Revisão da descrição dos serviços,Revisão da descrição dos serviços,high
3,CAPES,delivery,eixo corrigido por cross-validation: '' → 'Serviços Digitais e Melhoria da Qualidade',Revisão da descrição dos serviços,Revisão da descrição dos serviços,high
3,CAPES,delivery,eixo corrigido por cross-validation: '' → 'Serviços Digitais e Melhoria da Qualidade',Revisão da descrição dos serviços,Revisão da descrição dos serviços,high
3,CAPES,delivery,eixo corrigido por cross-validation: '' → 'Serviços Digitais e Melhoria da Qualidade',Revisão da descrição dos serviços,Revisão da descrição dos serviços,high
3,CAPES,delivery,eixo corrigido por cross-validation: '' → 'Serviços Digitais e Melhoria da Qualidade',Revisão da descrição dos serviços,Revisão da descrição dos serviços,high
3,CAPES,delivery,eixo corrigido por cross-validation: '' → 'Serviços Digitais e Melhoria da Qualidade',Revisão da descrição dos serviços,Revisão da descrição dos serviços,high
3,CAPES,delivery,eixo corrigido por cross-validation: '' → 'Serviços Digitais e Melhoria da Qualidade',Revisão da descrição dos serviços,Revisão da descrição dos serviços,high
3,CAPES,delivery,eixo corrigido por cross-validation: '' → 'Serviços Digitais e Melhoria da Qualidade',Revisão da descrição dos serviços,Revisão da descrição dos serviços,high
3,CAPES,delivery,eixo corrigido por cross-validation: '' → 'Serviços Digitais e Melhoria da Qualidade',Revisão da descrição dos serviços,Revisão da descrição dos serviços,high
3,CAPES,delivery,eixo corrigido por cross-validation: '' → 'Serviços Digitais e Melhoria da Qualidade',Revisão da descrição dos serviços,Revisão da descrição dos serviços,high
3,CAPES,delivery,eixo corrigido por cross-validation: '' → 'Serviços Digitais e Melhoria da Qualidade',Revisão da descrição dos serviços,Revisão da descrição dos serviços,high
3,CAPES,delivery,eixo corrigido por cross-validation: '' → 'Serviços Digitais e Melhoria da Qualidade',Revisão da descrição dos serviços,Revisão da descrição dos serviços,high
3,CAPES,delivery,eixo corrigido por cross-validation: '' → 'Serviços Digitais e Melhoria da Qualidade',Revisão da descrição dos serviços,Revisão da descrição dos serviços,high
3,CAPES,delivery,eixo corrigido por cross-validation: '' → 'Serviços Digitais e Melhoria da Qualidade',Revisão da descrição dos serviços,Revisão da descrição dos serviços,high
3,CAPES,delivery,eixo corrigido por cross-validation: '' → 'Serviços Digitais e Melhoria da Qualidade',Revisão da descrição dos serviços,Revisão da descrição dos serviços,high
3,CAPES,delivery,eixo corrigido por cross-validation: '' → 'Serviços Digitais e Melhoria da Qualidade',Revisão da descrição dos serviços,Revisão da descrição dos serviços,high
3,CAPES,delivery,eixo corrigido por cross-validation: '' → 'Serviços Digitais e Melhoria da Qualidade',Revisão da descrição dos serviços,Revisão da descrição dos serviços,high
3,CAPES,delivery,eixo corrigido por cross-validation: '' → 'Serviços Digitais e Melhoria da Qualidade',Revisão da descrição dos serviços,Revisão da descrição dos serviços,high
3,CAPES,delivery,eixo corrigido por cross-validation: '' → 'Serviços Digitais e Melhoria da Qualidade',Revisão da descrição dos serviços,Revisão da descrição dos serviços,high
3,CAPES,delivery,eixo corrigido por cross-validation: '' → 'Serviços Digitais e Melhoria da Qualidade',Revisão da descrição dos serviços,Revisão da descrição dos serviços,high
3,CAPES,delivery,eixo corrigido por cross-validation: '' → 'Serviços Digitais e Melhoria da Qualidade',Revisão da descrição dos serviços,Revisão da descrição dos serviços,high
3,CAPES,delivery,eixo corrigido por cross-validation: '' → 'Unificação de Canais Digitais',Migração de Serviço para Plataforma,Migração de Serviço para Plataforma Unificada,high
3,CAPES,delivery,eixo corrigido por cross-validation: '' → 'Unificação de Canais Digitais',Migração de Serviço para Plataforma,Migração de Serviço para Plataforma Unificada,high
3,CAPES,delivery,eixo corrigido por cross-validation: '' → 'Unificação de Canais Digitais',Migração de Serviço para Plataforma,Migração de Serviço para Plataforma Unificada,high
3,CAPES,delivery,eixo corrigido por cross-validation: '' → 'Unificação de Canais Digitais',Migração de Serviço para Plataforma,Migração de Serviço para Plataforma Unificada,high
3,CAPES,delivery,eixo corrigido por cross-validation: '' → 'Unificação de Canais Digitais',Migração de Serviço para Plataforma,Migração de Serviço para Plataforma Unificada,high
3,CAPES,delivery,eixo corrigido por cross-validation: '' → 'Unificação de Canais Digitais',Migração de Serviço para Plataforma,Migração de Serviço para Plataforma Unificada,high
3,CAPES,delivery,eixo corrigido por cross-validation: '' → 'Unificação de Canais Digitais',Migração de Serviço para Plataforma,Migração de Serviço para Plataforma Unificada,high
3,CAPES,delivery,eixo corrigido por cross-validation: '' → 'Unificação de Canais Digitais',Migração de Serviço para Plataforma,Migração de Serviço para Plataforma Unificada,high
3,CAPES,delivery,eixo corrigido por cross-validation: '' → 'Unificação de Canais Digitais',Migração de Serviço para Plataforma,Migração de Serviço para Plataforma Unificada,high
3,CAPES,delivery,eixo corrigido por cross-validation: '' → 'Unificação de Canais Digitais',Migração de Serviço para Plataforma,Migração de Serviço para Plataforma Unificada,high
3,CAPES,delivery,eixo corrigido por cross-validation: '' → 'Unificação de Canais Digitais',Migração de Serviço para Plataforma,Migração de Serviço para Plataforma Unificada,high
3,CAPES,delivery,eixo corrigido por cross-validation: '' → 'Unificação de Canais Digitais',Migração de Serviço para Plataforma,Migração de Serviço para Plataforma Unificada,high
3,CAPES,delivery,eixo corrigido por cross-validation: '' → 'Unificação de Canais Digitais',Migração de Serviço para Plataforma,Migração de Serviço para Plataforma Unificada,high
3,CAPES,delivery,eixo corrigido por cross-validation: '' → 'Unificação de Canais Digitais',Migração de Serviço para Plataforma,Migração de Serviço para Plataforma Unificada,high
3,CAPES,delivery,eixo corrigido por cross-validation: '' → 'Unificação de Canais Digitais',Migração de Serviço para Plataforma,Migração de Serviço para Plataforma Unificada,high
3,CAPES,delivery,eixo corrigido por cross-validation: '' → 'Unificação de Canais Digitais',Migração de Serviço para Plataforma,Migração de Serviço para Plataforma Unificada,high
3,CAPES,delivery,eixo corrigido por cross-validation: '' → 'Unificação de Canais Digitais',Migração de Serviço para Plataforma,Migração de Serviço para Plataforma Unificada,high
3,CENSIPAM,delivery,eixo corrigido por cross-validation: '' → 'Governança e Gestão de Dados',Integração à base de dados (OUTROS),Integração à base de dados,high
3,CENSIPAM,delivery,eixo corrigido por cross-validation: '' → 'Segurança e Privacidade',Implementação do PPSI,Implementação do PPSI,high
3,CENSIPAM,delivery,eixo corrigido por cross-validation: '' → 'Segurança e Privacidade',Implementação do PPSI,Implementação do PPSI,high
3,CENSIPAM,delivery,eixo corrigido por cross-validation: '' → 'Segurança e Privacidade',Implementação do PPSI,Implementação do PPSI,high
3,CENSIPAM,delivery,eixo corrigido por cross-validation: '' → 'Segurança e Privacidade',Implementação do PPSI,Implementação do PPSI,high
3,CENSIPAM,delivery,eixo corrigido por cross-validation: '' → 'Segurança e Privacidade',Implementação do PPSI,Implementação do PPSI,high
3,CENSIPAM,delivery,eixo corrigido por cross-validation: '' → 'Segurança e Privacidade',Implementação do PPSI,Implementação do PPSI,high
3,CENSIPAM,delivery,eixo corrigido por cross-validation: '' → 'Segurança e Privacidade',Implementação do PPSI,Implementação do PPSI,high
3,CENSIPAM,delivery,eixo corrigido por cross-validation: '' → 'Segurança e Privacidade',Implementação do PPSI,Implementação do PPSI,high
3,CENSIPAM,delivery,eixo corrigido por cross-validation: '' → 'Segurança e Privacidade',Implementação do PPSI,Implementação do PPSI,high
3,CENSIPAM,delivery,eixo corrigido por cross-validation: '' → 'Segurança e Privacidade',Implementação do PPSI,Implementação do PPSI,high
3,CENSIPAM,delivery,eixo corrigido por cross-validation: '' → 'Segurança e Privacidade',Implementação do PPSI,Implementação do PPSI,high
3,CENSIPAM,delivery,eixo corrigido por cross-validation: '' → 'Segurança e Privacidade',Implementação do PPSI,Implementação do PPSI,high
3,CENSIPAM,delivery,eixo corrigido por cross-validation: '' → 'Segurança e Privacidade',Implementação do PPSI,Implementação do PPSI,high
3,CENSIPAM,delivery,eixo corrigido por cross-validation: '' → 'Segurança e Privacidade',Implementação do PPSI,Implementação do PPSI,high
3,CENSIPAM,delivery,eixo corrigido por cross-validation: '' → 'Segurança e Privacidade',Implementação do PPSI,Implementação do PPSI,high
3,CENSIPAM,delivery,eixo corrigido por cross-validation: '' → 'Segurança e Privacidade',Implementação do PPSI,Implementação do PPSI,high
3,CENSIPAM,delivery,eixo corrigido por cross-validation: '' → 'Segurança e Privacidade',Implementação do PPSI,Implementação do PPSI,high
3,CENSIPAM,delivery,eixo corrigido por cross-validation: '' → 'Segurança e Privacidade',Implementação do PPSI,Implementação do PPSI,high
3,CENSIPAM,delivery,eixo corrigido por cross-validation: '' → 'Serviços Digitais e Melhoria da Qualidade',Disponibilização em Acesso Digital,Disponibilização em Acesso Digital,high
3,CENSIPAM,delivery,eixo corrigido por cross-validation: '' → 'Serviços Digitais e Melhoria da Qualidade',Disponibilização em Acesso Digital,Disponibilização em Acesso Digital,high
3,CENSIPAM,delivery,eixo corrigido por cross-validation: '' → 'Serviços Digitais e Melhoria da Qualidade',Disponibilização em Acesso Digital,Disponibilização em Acesso Digital,high
3,CENSIPAM,delivery,eixo corrigido por cross-validation: '' → 'Serviços Digitais e Melhoria da Qualidade',Disponibilização em Acesso Digital,Disponibilização em Acesso Digital,high
3,CENSIPAM,delivery,eixo corrigido por cross-validation: '' → 'Serviços Digitais e Melhoria da Qualidade',Disponibilização em Acesso Digital,Disponibilização em Acesso Digital,high
3,CENSIPAM,delivery,eixo corrigido por cross-validation: '' → 'Serviços Digitais e Melhoria da Qualidade',Disponibilização em Acesso Digital,Disponibilização em Acesso Digital,high
3,CENSIPAM,delivery,eixo corrigido por cross-validation: '' → 'Serviços Digitais e Melhoria da Qualidade',Disponibilização em Acesso Digital,Disponibilização em Acesso Digital,high
3,CENSIPAM,delivery,eixo corrigido por cross-validation: '' → 'Serviços Digitais e Melhoria da Qualidade',Disponibilização em Acesso Digital,Disponibilização em Acesso Digital,high
3,CENSIPAM,delivery,eixo corrigido por cross-validation: '' → 'Serviços Digitais e Melhoria da Qualidade',Disponibilização em Acesso Digital,Disponibilização em Acesso Digital,high
3,CENSIPAM,delivery,eixo corrigido por cross-validation: '' → 'Serviços Digitais e Melhoria da Qualidade',Disponibilização em Acesso Digital,Disponibilização em Acesso Digital,high
3,CENSIPAM,delivery,eixo corrigido por cross-validation: '' → 'Serviços Digitais e Melhoria da Qualidade',Disponibilização em Acesso Digital,Disponibilização em Acesso Digital,high
3,CENSIPAM,delivery,eixo corrigido por cross-validation: '' → 'Serviços Digitais e Melhoria da Qualidade',Disponibilização em Acesso Digital,Disponibilização em Acesso Digital,high
3,CENSIPAM,delivery,eixo corrigido por cross-validation: '' → 'Serviços Digitais e Melhoria da Qualidade',Disponibilização em Acesso Digital,Disponibilização em Acesso Digital,high
3,CENSIPAM,delivery,eixo corrigido por cross-validation: '' → 'Serviços Digitais e Melhoria da Qualidade',Disponibilização em Acesso Digital,Disponibilização em Acesso Digital,high
3,CENSIPAM,delivery,eixo corrigido por cross-validation: '' → 'Serviços Digitais e Melhoria da Qualidade',Integração à ferramenta de avaliação da,Integração à ferramenta de avaliação da satisfação dos usuários,high
3,CENSIPAM,delivery,eixo corrigido por cross-validation: '' → 'Serviços Digitais e Melhoria da Qualidade',Integração à ferramenta de avaliação da,Integração à ferramenta de avaliação da satisfação dos usuários,high
3,CENSIPAM,delivery,eixo corrigido por cross-validation: '' → 'Serviços Digitais e Melhoria da Qualidade',Integração à ferramenta de avaliação da,Integração à ferramenta de avaliação da satisfação dos usuários,high
3,CENSIPAM,delivery,eixo corrigido por cross-validation: '' → 'Serviços Digitais e Melhoria da Qualidade',Integração à ferramenta de avaliação da,Integração à ferramenta de avaliação da satisfação dos usuários,high
3,CENSIPAM,delivery,eixo corrigido por cross-validation: '' → 'Serviços Digitais e Melhoria da Qualidade',Integração à ferramenta de avaliação da,Integração à ferramenta de avaliação da satisfação dos usuários,high
3,CENSIPAM,delivery,eixo corrigido por cross-validation: '' → 'Serviços Digitais e Melhoria da Qualidade',Integração à ferramenta de avaliação da,Integração à ferramenta de avaliação da satisfação dos usuários,high
3,CENSIPAM,delivery,eixo corrigido por cross-validation: '' → 'Serviços Digitais e Melhoria da Qualidade',Integração à ferramenta de avaliação da,Integração à ferramenta de avaliação da satisfação dos usuários,high
3,CENSIPAM,delivery,eixo corrigido por cross-validation: '' → 'Serviços Digitais e Melhoria da Qualidade',Integração à ferramenta de avaliação da,Integração à ferramenta de avaliação da satisfação dos usuários,high
3,CENSIPAM,delivery,eixo corrigido por cross-validation: '' → 'Serviços Digitais e Melhoria da Qualidade',Integração à ferramenta de avaliação da,Integração à ferramenta de avaliação da satisfação dos usuários,high
3,CENSIPAM,delivery,eixo corrigido por cross-validation: '' → 'Serviços Digitais e Melhoria da Qualidade',Integração à ferramenta de avaliação da,Integração à ferramenta de avaliação da satisfação dos usuários,high
3,CENSIPAM,delivery,eixo corrigido por cross-validation: '' → 'Serviços Digitais e Melhoria da Qualidade',Integração à ferramenta de avaliação da,Integração à ferramenta de avaliação da satisfação dos usuários,high
3,CENSIPAM,delivery,eixo corrigido por cross-validation: '' → 'Serviços Digitais e Melhoria da Qualidade',Integração à ferramenta de avaliação da,Integração à ferramenta de avaliação da satisfação dos usuários,high
3,CENSIPAM,delivery,eixo corrigido por cross-validation: '' → 'Serviços Digitais e Melhoria da Qualidade',Integração à ferramenta de avaliação da,Integração à ferramenta de avaliação da satisfação dos usuários,high
3,CENSIPAM,delivery,eixo corrigido por cross-validation: '' → 'Serviços Digitais e Melhoria da Qualidade',Integração à ferramenta de avaliação da,Integração à ferramenta de avaliação da satisfação dos usuários,high
3,CENSIPAM,delivery,eixo corrigido por cross-validation: '' → 'Serviços Digitais e Melhoria da Qualidade',Integração à ferramenta de avaliação da,Integração à ferramenta de avaliação da satisfação dos usuários,high
3,CENSIPAM,delivery,eixo corrigido por cross-validation: '' → 'Serviços Digitais e Melhoria da Qualidade',Integração à ferramenta de avaliação da,Integração à ferramenta de avaliação da satisfação dos usuários,high
3,CENSIPAM,delivery,eixo corrigido por cross-validation: '' → 'Serviços Digitais e Melhoria da Qualidade',Integração à ferramenta de avaliação da,Integração à ferramenta de avaliação da satisfação dos usuários,high
3,CENSIPAM,delivery,eixo corrigido por cross-validation: '' → 'Serviços Digitais e Melhoria da Qualidade',Integração à ferramenta de avaliação da,Integração à ferramenta de avaliação da satisfação dos usuários,high
3,CENSIPAM,delivery,eixo corrigido por cross-validation: '' → 'Serviços Digitais e Melhoria da Qualidade',Integração à ferramenta de avaliação da,Integração à ferramenta de avaliação da satisfação dos usuários,high
3,CENSIPAM,delivery,eixo corrigido por cross-validation: '' → 'Serviços Digitais e Melhoria da Qualidade',Integração à ferramenta de avaliação da,Integração à ferramenta de avaliação da satisfação dos usuários,high
3,CENSIPAM,delivery,eixo corrigido por cross-validation: '' → 'Serviços Digitais e Melhoria da Qualidade',Integração à ferramenta de avaliação da,Integração à ferramenta de avaliação da satisfação dos usuários,high
3,CENSIPAM,delivery,eixo corrigido por cross-validation: '' → 'Serviços Digitais e Melhoria da Qualidade',Integração à ferramenta de avaliação da,Integração à ferramenta de avaliação da satisfação dos usuários,high
3,CENSIPAM,delivery,eixo corrigido por cross-validation: '' → 'Serviços Digitais e Melhoria da Qualidade',Integração à ferramenta de avaliação da,Integração à ferramenta de avaliação da satisfação dos usuários,high
3,CENSIPAM,delivery,eixo corrigido por cross-validation: '' → 'Serviços Digitais e Melhoria da Qualidade',Integração à ferramenta de avaliação da,Integração à ferramenta de avaliação da satisfação dos usuários,high
3,CENSIPAM,delivery,eixo corrigido por cross-validation: '' → 'Serviços Digitais e Melhoria da Qualidade',Integração à ferramenta de avaliação da,Integração à ferramenta de avaliação da satisfação dos usuários,high
3,CENSIPAM,delivery,eixo corrigido por cross-validation: '' → 'Serviços Digitais e Melhoria da Qualidade',Integração à ferramenta de avaliação da,Integração à ferramenta de avaliação da satisfação dos usuários,high
3,CENSIPAM,delivery,eixo corrigido por cross-validation: '' → 'Serviços Digitais e Melhoria da Qualidade',Integração à ferramenta de avaliação da,Integração à ferramenta de avaliação da satisfação dos usuários,high
3,CENSIPAM,delivery,eixo corrigido por cross-validation: '' → 'Serviços Digitais e Melhoria da Qualidade',Revisão da descrição dos serviços,Revisão da descrição dos serviços,high
3,CENSIPAM,delivery,eixo corrigido por cross-validation: '' → 'Serviços Digitais e Melhoria da Qualidade',Revisão da descrição dos serviços,Revisão da descrição dos serviços,high
3,CENSIPAM,delivery,eixo corrigido por cross-validation: '' → 'Serviços Digitais e Melhoria da Qualidade',Revisão da descrição dos serviços,Revisão da descrição dos serviços,high
3,CENSIPAM,delivery,eixo corrigido por cross-validation: '' → 'Serviços Digitais e Melhoria da Qualidade',Revisão da descrição dos serviços,Revisão da descrição dos serviços,high
3,CENSIPAM,delivery,eixo corrigido por cross-validation: '' → 'Serviços Digitais e Melhoria da Qualidade',Revisão da descrição dos serviços,Revisão da descrição dos serviços,high
3,CENSIPAM,delivery,eixo corrigido por cross-validation: '' → 'Serviços Digitais e Melhoria da Qualidade',Revisão da descrição dos serviços,Revisão da descrição dos serviços,high
3,CENSIPAM,delivery,eixo corrigido por cross-validation: '' → 'Serviços Digitais e Melhoria da Qualidade',Revisão da descrição dos serviços,Revisão da descrição dos serviços,high
3,CENSIPAM,delivery,eixo corrigido por cross-validation: '' → 'Serviços Digitais e Melhoria da Qualidade',Revisão da descrição dos serviços,Revisão da descrição dos serviços,high
3,CENSIPAM,delivery,eixo corrigido por cross-validation: '' → 'Serviços Digitais e Melhoria da Qualidade',Revisão da descrição dos serviços,Revisão da descrição dos serviços,high
3,CENSIPAM,delivery,eixo corrigido por cross-validation: '' → 'Serviços Digitais e Melhoria da Qualidade',Revisão da descrição dos serviços,Revisão da descrição dos serviços,high
3,CENSIPAM,delivery,eixo corrigido por cross-validation: '' → 'Serviços Digitais e Melhoria da Qualidade',Revisão da descrição dos serviços,Revisão da descrição dos serviços,high
3,CENSIPAM,delivery,eixo corrigido por cross-validation: '' → 'Serviços Digitais e Melhoria da Qualidade',Revisão da descrição dos serviços,Revisão da descrição dos serviços,high
3,CENSIPAM,delivery,eixo corrigido por cross-validation: '' → 'Serviços Digitais e Melhoria da Qualidade',Revisão da descrição dos serviços,Revisão da descrição dos serviços,high
3,CENSIPAM,delivery,eixo corrigido por cross-validation: '' → 'Serviços Digitais e Melhoria da Qualidade',Revisão da descrição dos serviços,Revisão da descrição dos serviços,high
3,CENSIPAM,delivery,eixo corrigido por cross-validation: '' → 'Serviços Digitais e Melhoria da Qualidade',Revisão da descrição dos serviços,Revisão da descrição dos serviços,high
3,CENSIPAM,delivery,eixo corrigido por cross-validation: '' → 'Serviços Digitais e Melhoria da Qualidade',Revisão da descrição dos serviços,Revisão da descrição dos serviços,high
3,CENSIPAM,delivery,eixo corrigido por cross-validation: '' → 'Unificação de Canais Digitais',Integração ao Login Único,Integração ao Login Único,high
3,CENSIPAM,delivery,eixo corrigido por cross-validation: '' → 'Unificação de Canais Digitais',Integração ao Login Único,Integração ao Login Único,high
3,CENSIPAM,delivery,eixo corrigido por cross-validation: '' → 'Unificação de Canais Digitais',Integração ao Login Único,Integração ao Login Único,high
3,CENSIPAM,delivery,eixo corrigido por cross-validation: '' → 'Unificação de Canais Digitais',Integração ao Login Único,Integração ao Login Único,high
3,CENSIPAM,delivery,eixo corrigido por cross-validation: '' → 'Unificação de Canais Digitais',Integração ao Login Único,Integração ao Login Único,high
3,CENSIPAM,delivery,eixo corrigido por cross-validation: '' → 'Unificação de Canais Digitais',Integração ao Login Único,Integração ao Login Único,high
3,CENSIPAM,delivery,eixo corrigido por cross-validation: '' → 'Unificação de Canais Digitais',Integração ao Login Único,Integração ao Login Único,high
3,CENSIPAM,delivery,eixo corrigido por cross-validation: '' → 'Unificação de Canais Digitais',Integração ao Login Único,Integração ao Login Único,high
3,CENSIPAM,delivery,eixo corrigido por cross-validation: '' → 'Unificação de Canais Digitais',Integração ao Login Único,Integração ao Login Único,high
3,CENSIPAM,delivery,eixo corrigido por cross-validation: '' → 'Unificação de Canais Digitais',Integração ao Login Único,Integração ao Login Único,high
3,CENSIPAM,delivery,eixo corrigido por cross-validation: '' → 'Unificação de Canais Digitais',Integração ao Login Único,Integração ao Login Único,high
3,CENSIPAM,delivery,eixo corrigido por cross-validation: '' → 'Unificação de Canais Digitais',Integração ao Login Único,Integração ao Login Único,high
3,CENSIPAM,delivery,eixo corrigido por cross-validation: '' → 'Unificação de Canais Digitais',Integração ao Login Único,Integração ao Login Único,high
3,CENSIPAM,delivery,eixo corrigido por cross-validation: '' → 'Unificação de Canais Digitais',Integração ao Login Único,Integração ao Login Único,high
3,CENSIPAM,delivery,eixo corrigido por cross-validation: '' → 'Unificação de Canais Digitais',Integração ao Login Único,Integração ao Login Único,high
3,CENSIPAM,delivery,eixo corrigido por cross-validation: '' → 'Unificação de Canais Digitais',Integração ao Login Único,Integração ao Login Único,high
3,CENSIPAM,delivery,eixo corrigido por cross-validation: '' → 'Unificação de Canais Digitais',Integração ao Login Único,Integração ao Login Único,high
3,CENSIPAM,delivery,eixo corrigido por cross-validation: '' → 'Unificação de Canais Digitais',Integração ao Login Único,Integração ao Login Único,high
3,CENSIPAM,delivery,eixo corrigido por cross-validation: '' → 'Unificação de Canais Digitais',Integração ao Login Único,Integração ao Login Único,high
3,CENSIPAM,delivery,eixo corrigido por cross-validation: '' → 'Unificação de Canais Digitais',Integração ao Login Único,Integração ao Login Único,high
3,CENSIPAM,delivery,eixo corrigido por cross-validation: '' → 'Unificação de Canais Digitais',Integração ao Login Único,Integração ao Login Único,high
3,CENSIPAM,delivery,eixo corrigido por cross-validation: '' → 'Unificação de Canais Digitais',Integração ao Login Único,Integração ao Login Único,high
3,CENSIPAM,delivery,eixo corrigido por cross-validation: '' → 'Unificação de Canais Digitais',Integração ao Login Único,Integração ao Login Único,high
3,CENSIPAM,delivery,eixo corrigido por cross-validation: '' → 'Unificação de Canais Digitais',Integração ao Login Único,Integração ao Login Único,high
3,CENSIPAM,delivery,eixo corrigido por cross-validation: '' → 'Unificação de Canais Digitais',Integração ao Login Único,Integração ao Login Único,high
3,CENSIPAM,delivery,eixo corrigido por cross-validation: '' → 'Unificação de Canais Digitais',Integração ao Login Único,Integração ao Login Único,high
3,CENSIPAM,delivery,eixo corrigido por cross-validation: '' → 'Unificação de Canais Digitais',Integração ao Login Único,Integração ao Login Único,high
3,CENSIPAM,delivery,eixo corrigido por cross-validation: '' → 'Unificação de Canais Digitais',Integração ao Pagtesouro,Integração ao Pagtesouro,high
3,CENSIPAM,delivery,eixo corrigido por cross-validation: '' → 'Unificação de Canais Digitais',Integração ao Pagtesouro,Integração ao Pagtesouro,high
3,CENSIPAM,delivery,eixo corrigido por cross-validation: '' → 'Unificação de Canais Digitais',Integração ao Pagtesouro,Integração ao Pagtesouro,high
3,CENSIPAM,delivery,eixo corrigido por cross-validation: '' → 'Unificação de Canais Digitais',Integração ao Pagtesouro,Integração ao Pagtesouro,high
3,CENSIPAM,delivery,eixo corrigido por cross-validation: '' → 'Unificação de Canais Digitais',Integração ao Pagtesouro,Integração ao Pagtesouro,high
3,CENSIPAM,delivery,eixo corrigido por cross-validation: '' → 'Unificação de Canais Digitais',Integração ao Pagtesouro,Integração ao Pagtesouro,high
3,CENSIPAM,delivery,eixo corrigido por cross-validation: '' → 'Unificação de Canais Digitais',Integração ao PagTesouro,Integração ao Pagtesouro,high
3,CENSIPAM,delivery,eixo corrigido por cross-validation: '' → 'Unificação de Canais Digitais',Integração ao PagTesouro,Integração ao Pagtesouro,high
3,CENSIPAM,delivery,eixo corrigido por cross-validation: '' → 'Unificação de Canais Digitais',Integração ao Pagtesouro,Integração ao Pagtesouro,high
3,CENSIPAM,delivery,eixo corrigido por cross-validation: '' → 'Unificação de Canais Digitais',Integração ao Pagtesouro,Integração ao Pagtesouro,high
3,CONAB,delivery,eixo corrigido por cross-validation: '' → 'Governança e Gestão de Dados',Integração à base de dados (OUTROS),Integração à base de dados,high
3,CONAB,delivery,eixo corrigido por cross-validation: '' → 'Governança e Gestão de Dados',Integração à base de dados (OUTROS),Integração à base de dados,high
3,CONAB,delivery,eixo corrigido por cross-validation: '' → 'Governança e Gestão de Dados',Integração à base de dados (OUTROS),Integração à base de dados,high
3,CONAB,delivery,eixo corrigido por cross-validation: '' → 'Governança e Gestão de Dados',Integração à base de dados (OUTROS),Integração à base de dados,high
3,CONAB,delivery,eixo corrigido por cross-validation: '' → 'Governança e Gestão de Dados',Integração à base de dados (OUTROS),Integração à base de dados,high
3,CONAB,delivery,eixo corrigido por cross-validation: '' → 'Governança e Gestão de Dados',Integração à base de dados (OUTROS),Integração à base de dados,high
3,CONAB,delivery,eixo corrigido por cross-validation: '' → 'Governança e Gestão de Dados',Integração à base de dados (OUTROS),Integração à base de dados,high
3,CONAB,delivery,eixo corrigido por cross-validation: '' → 'Governança e Gestão de Dados',Integração à base de dados (OUTROS),Integração à base de dados,high
3,CONAB,delivery,eixo corrigido por cross-validation: '' → 'Governança e Gestão de Dados',Integração à base de dados (OUTROS),Integração à base de dados,high
3,CONAB,delivery,eixo corrigido por cross-validation: '' → 'Governança e Gestão de Dados',Integração à base de dados (OUTROS),Integração à base de dados,high
3,CONAB,delivery,eixo corrigido por cross-validation: '' → 'Governança e Gestão de Dados',Integração à base de dados (OUTROS),Integração à base de dados,high
3,CONAB,delivery,eixo corrigido por cross-validation: '' → 'Governança e Gestão de Dados',Integração à base de dados (OUTROS),Integração à base de dados,high
3,CONAB,delivery,eixo corrigido por cross-validation: '' → 'Governança e Gestão de Dados',Integração à base de dados (OUTROS),Integração à base de dados,high
3,CONAB,delivery,eixo corrigido por cross-validation: '' → 'Governança e Gestão de Dados',Integração à base de dados (OUTROS),Integração à base de dados,high
3,CONAB,delivery,eixo corrigido por cross-validation: '' → 'Governança e Gestão de Dados',Integração à base de dados (OUTROS),Integração à base de dados,high
3,CONAB,delivery,eixo corrigido por cross-validation: '' → 'Governança e Gestão de Dados',Integração à base de dados (OUTROS),Integração à base de dados,high
3,CONAB,delivery,eixo corrigido por cross-validation: '' → 'Governança e Gestão de Dados',Integração à base de dados (OUTROS),Integração à base de dados,high
3,CONAB,delivery,eixo corrigido por cross-validation: '' → 'Segurança e Privacidade',Implementação do PPSI,Implementação do PPSI,high
3,CONAB,delivery,eixo corrigido por cross-validation: '' → 'Segurança e Privacidade',Implementação do PPSI,Implementação do PPSI,high
3,CONAB,delivery,eixo corrigido por cross-validation: '' → 'Segurança e Privacidade',Implementação do PPSI,Implementação do PPSI,high
3,CONAB,delivery,eixo corrigido por cross-validation: '' → 'Segurança e Privacidade',Implementação do PPSI,Implementação do PPSI,high
3,CONAB,delivery,eixo corrigido por cross-validation: '' → 'Segurança e Privacidade',Implementação do PPSI,Implementação do PPSI,high
3,CONAB,delivery,eixo corrigido por cross-validation: '' → 'Segurança e Privacidade',Implementação do PPSI,Implementação do PPSI,high
3,CONAB,delivery,eixo corrigido por cross-validation: '' → 'Segurança e Privacidade',Implementação do PPSI,Implementação do PPSI,high
3,CONAB,delivery,eixo corrigido por cross-validation: '' → 'Segurança e Privacidade',Implementação do PPSI,Implementação do PPSI,high
3,CONAB,delivery,eixo corrigido por cross-validation: '' → 'Segurança e Privacidade',Implementação do PPSI,Implementação do PPSI,high
3,CONAB,delivery,eixo corrigido por cross-validation: '' → 'Segurança e Privacidade',Implementação do PPSI,Implementação do PPSI,high
3,CONAB,delivery,eixo corrigido por cross-validation: '' → 'Segurança e Privacidade',Implementação do PPSI,Implementação do PPSI,high
3,CONAB,delivery,eixo corrigido por cross-validation: '' → 'Segurança e Privacidade',Implementação do PPSI,Implementação do PPSI,high
3,CONAB,delivery,eixo corrigido por cross-validation: '' → 'Segurança e Privacidade',Implementação do PPSI,Implementação do PPSI,high
3,CONAB,delivery,eixo corrigido por cross-validation: '' → 'Serviços Digitais e Melhoria da Qualidade',Disponibilização em Acesso Digital,Disponibilização em Acesso Digital,high
3,CONAB,delivery,eixo corrigido por cross-validation: '' → 'Serviços Digitais e Melhoria da Qualidade',Disponibilização em Acesso Digital,Disponibilização em Acesso Digital,high
3,CONAB,delivery,eixo corrigido por cross-validation: '' → 'Serviços Digitais e Melhoria da Qualidade',Disponibilização em Acesso Digital,Disponibilização em Acesso Digital,high
3,CONAB,delivery,eixo corrigido por cross-validation: '' → 'Serviços Digitais e Melhoria da Qualidade',Disponibilização em Acesso Digital,Disponibilização em Acesso Digital,high
3,CONAB,delivery,eixo corrigido por cross-validation: '' → 'Serviços Digitais e Melhoria da Qualidade',Disponibilização em Acesso Digital,Disponibilização em Acesso Digital,high
3,CONAB,delivery,eixo corrigido por cross-validation: '' → 'Serviços Digitais e Melhoria da Qualidade',Disponibilização em Acesso Digital,Disponibilização em Acesso Digital,high
3,CONAB,delivery,eixo corrigido por cross-validation: '' → 'Serviços Digitais e Melhoria da Qualidade',Disponibilização em Acesso Digital,Disponibilização em Acesso Digital,high
3,CONAB,delivery,eixo corrigido por cross-validation: '' → 'Serviços Digitais e Melhoria da Qualidade',Disponibilização em Acesso Digital,Disponibilização em Acesso Digital,high
3,CONAB,delivery,eixo corrigido por cross-validation: '' → 'Serviços Digitais e Melhoria da Qualidade',Disponibilização em Acesso Digital,Disponibilização em Acesso Digital,high
3,CONAB,delivery,eixo corrigido por cross-validation: '' → 'Serviços Digitais e Melhoria da Qualidade',Disponibilização em Acesso Digital,Disponibilização em Acesso Digital,high
3,CONAB,delivery,eixo corrigido por cross-validation: '' → 'Serviços Digitais e Melhoria da Qualidade',Disponibilização em Acesso Digital,Disponibilização em Acesso Digital,high
3,CONAB,delivery,eixo corrigido por cross-validation: '' → 'Serviços Digitais e Melhoria da Qualidade',Disponibilização em Acesso Digital,Disponibilização em Acesso Digital,high
3,CONAB,delivery,eixo corrigido por cross-validation: '' → 'Serviços Digitais e Melhoria da Qualidade',Disponibilização em Acesso Digital,Disponibilização em Acesso Digital,high
3,CONAB,delivery,eixo corrigido por cross-validation: '' → 'Serviços Digitais e Melhoria da Qualidade',Evolução do serviço,Evolução do Serviço,high
3,CONAB,delivery,eixo corrigido por cross-validation: '' → 'Serviços Digitais e Melhoria da Qualidade',Integração à ferramenta de avaliação da,Integração à ferramenta de avaliação da satisfação dos usuários,high
3,CONAB,delivery,eixo corrigido por cross-validation: '' → 'Serviços Digitais e Melhoria da Qualidade',Integração à ferramenta de avaliação da,Integração à ferramenta de avaliação da satisfação dos usuários,high
3,CONAB,delivery,eixo corrigido por cross-validation: '' → 'Serviços Digitais e Melhoria da Qualidade',Integração à ferramenta de avaliação da,Integração à ferramenta de avaliação da satisfação dos usuários,high
3,CONAB,delivery,eixo corrigido por cross-validation: '' → 'Serviços Digitais e Melhoria da Qualidade',Integração à ferramenta de avaliação da,Integração à ferramenta de avaliação da satisfação dos usuários,high
3,CONAB,delivery,eixo corrigido por cross-validation: '' → 'Serviços Digitais e Melhoria da Qualidade',Integração à ferramenta de avaliação da,Integração à ferramenta de avaliação da satisfação dos usuários,high
3,CONAB,delivery,eixo corrigido por cross-validation: '' → 'Serviços Digitais e Melhoria da Qualidade',Integração à ferramenta de avaliação da,Integração à ferramenta de avaliação da satisfação dos usuários,high
3,CONAB,delivery,eixo corrigido por cross-validation: '' → 'Serviços Digitais e Melhoria da Qualidade',Integração à ferramenta de avaliação da,Integração à ferramenta de avaliação da satisfação dos usuários,high
3,CONAB,delivery,eixo corrigido por cross-validation: '' → 'Serviços Digitais e Melhoria da Qualidade',Integração à ferramenta de avaliação da,Integração à ferramenta de avaliação da satisfação dos usuários,high
3,CONAB,delivery,eixo corrigido por cross-validation: '' → 'Serviços Digitais e Melhoria da Qualidade',Integração à ferramenta de avaliação da,Integração à ferramenta de avaliação da satisfação dos usuários,high
3,CONAB,delivery,eixo corrigido por cross-validation: '' → 'Serviços Digitais e Melhoria da Qualidade',Integração à ferramenta de avaliação da,Integração à ferramenta de avaliação da satisfação dos usuários,high
3,CONAB,delivery,eixo corrigido por cross-validation: '' → 'Serviços Digitais e Melhoria da Qualidade',Integração à ferramenta de avaliação da,Integração à ferramenta de avaliação da satisfação dos usuários,high
3,CONAB,delivery,eixo corrigido por cross-validation: '' → 'Unificação de Canais Digitais',Implantação do Design System,Implantação do Design System,high
3,CONAB,delivery,eixo corrigido por cross-validation: '' → 'Unificação de Canais Digitais',Implantação do Design System,Implantação do Design System,high
3,CONAB,delivery,eixo corrigido por cross-validation: '' → 'Unificação de Canais Digitais',Implantação do Design System,Implantação do Design System,high
3,CONAB,delivery,eixo corrigido por cross-validation: '' → 'Unificação de Canais Digitais',Implantação do Design System,Implantação do Design System,high
3,CONAB,delivery,eixo corrigido por cross-validation: '' → 'Unificação de Canais Digitais',Integração ao Login Único,Integração ao Login Único,high
3,CONAB,delivery,eixo corrigido por cross-validation: '' → 'Unificação de Canais Digitais',Integração ao Login Único,Integração ao Login Único,high
3,CONAB,delivery,eixo corrigido por cross-validation: '' → 'Unificação de Canais Digitais',Integração ao Login Único,Integração ao Login Único,high
3,CONAB,delivery,eixo corrigido por cross-validation: '' → 'Unificação de Canais Digitais',Integração ao Login Único,Integração ao Login Único,high
3,CONAB,delivery,eixo corrigido por cross-validation: '' → 'Unificação de Canais Digitais',Integração ao Login Único,Integração ao Login Único,high
3,CONAB,delivery,eixo corrigido por cross-validation: '' → 'Unificação de Canais Digitais',Integração ao Login Único,Integração ao Login Único,high
3,CONAB,delivery,eixo corrigido por cross-validation: '' → 'Unificação de Canais Digitais',Integração ao Login Único,Integração ao Login Único,high
3,CONAB,delivery,eixo corrigido por cross-validation: '' → 'Unificação de Canais Digitais',Integração ao Login Único,Integração ao Login Único,high
3,CONAB,delivery,eixo corrigido por cross-validation: '' → 'Unificação de Canais Digitais',Integração ao Login Único,Integração ao Login Único,high
3,CONAB,delivery,eixo corrigido por cross-validation: '' → 'Unificação de Canais Digitais',Integração ao Login Único,Integração ao Login Único,high
3,CONAB,delivery,eixo corrigido por cross-validation: '' → 'Unificação de Canais Digitais',Integração ao Login Único,Integração ao Login Único,high
3,CONAB,delivery,eixo corrigido por cross-validation: '' → 'Unificação de Canais Digitais',Integração ao Login Único,Integração ao Login Único,high
3,CONAB,delivery,eixo corrigido por cross-validation: '' → 'Unificação de Canais Digitais',Integração ao Login Único,Integração ao Login Único,high
3,CONAB,delivery,eixo corrigido por cross-validation: '' → 'Unificação de Canais Digitais',Integração ao Login Único,Integração ao Login Único,high
3,CONAB,delivery,eixo corrigido por cross-validation: '' → 'Unificação de Canais Digitais',Integração ao Login Único,Integração ao Login Único,high
3,CONAB,delivery,eixo corrigido por cross-validation: '' → 'Unificação de Canais Digitais',Integração ao Login Único,Integração ao Login Único,high
3,CONAB,delivery,eixo corrigido por cross-validation: '' → 'Unificação de Canais Digitais',Integração ao Pagtesouro,Integração ao Pagtesouro,high
3,CONAB,delivery,eixo corrigido por cross-validation: '' → 'Unificação de Canais Digitais',Integração com Assinatura Digital Gov.br,Integração com Assinatura Digital Gov.br,high
3,CONAB,delivery,eixo corrigido por cross-validation: '' → 'Unificação de Canais Digitais',Migração de Portal Institucional,Migração de Portal Institucional,high
3,CONAB,delivery,eixo corrigido por cross-validation: '' → 'Unificação de Canais Digitais',Migração de Serviço para Plataforma,Migração de Serviço para Plataforma Unificada,high
3,CVM,delivery,eixo corrigido por cross-validation: '' → 'Governança e Gestão de Dados',Integração à base de dados (OUTROS),Integração à base de dados,high
3,CVM,delivery,eixo corrigido por cross-validation: '' → 'Segurança e Privacidade',"Autoavaliação, análise de lacunas e planejamento do PPSI","Auto-avaliação, análise de lacunas e planejamento do PPSI",high
3,CVM,delivery,eixo corrigido por cross-validation: '' → 'Segurança e Privacidade',"Autoavaliação, análise de lacunas e planejamento do PPSI","Auto-avaliação, análise de lacunas e planejamento do PPSI",high
3,CVM,delivery,eixo corrigido por cross-validation: '' → 'Segurança e Privacidade',"Autoavaliação, análise de lacunas e planejamento do PPSI","Auto-avaliação, análise de lacunas e planejamento do PPSI",high
3,CVM,delivery,eixo corrigido por cross-validation: '' → 'Segurança e Privacidade',Implementação do PPSI,Implementação do PPSI,high
3,CVM,delivery,eixo corrigido por cross-validation: '' → 'Segurança e Privacidade',Implementação do PPSI,Implementação do PPSI,high
3,CVM,delivery,eixo corrigido por cross-validation: '' → 'Segurança e Privacidade',Implementação do PPSI,Implementação do PPSI,high
3,CVM,delivery,eixo corrigido por cross-validation: '' → 'Serviços Digitais e Melhoria da Qualidade',Evolução do Serviço,Evolução do Serviço,high
3,CVM,delivery,eixo corrigido por cross-validation: '' → 'Serviços Digitais e Melhoria da Qualidade',Evolução do Serviço,Evolução do Serviço,high
3,CVM,delivery,eixo corrigido por cross-validation: '' → 'Serviços Digitais e Melhoria da Qualidade',Revisão da descrição dos serviços,Revisão da descrição dos serviços,high
3,CVM,delivery,eixo corrigido por cross-validation: '' → 'Serviços Digitais e Melhoria da Qualidade',Revisão da descrição dos serviços,Revisão da descrição dos serviços,high
3,CVM,delivery,eixo corrigido por cross-validation: '' → 'Serviços Digitais e Melhoria da Qualidade',Revisão da descrição dos serviços,Revisão da descrição dos serviços,high
3,CVM,delivery,eixo corrigido por cross-validation: '' → 'Serviços Digitais e Melhoria da Qualidade',Revisão da descrição dos serviços,Revisão da descrição dos serviços,high
3,CVM,delivery,eixo corrigido por cross-validation: '' → 'Serviços Digitais e Melhoria da Qualidade',Revisão da descrição dos serviços,Revisão da descrição dos serviços,high
3,CVM,delivery,eixo corrigido por cross-validation: '' → 'Serviços Digitais e Melhoria da Qualidade',Revisão da descrição dos serviços,Revisão da descrição dos serviços,high
3,DNOCS,delivery,eixo corrigido por cross-validation: '' → 'Segurança e Privacidade',"Auto-avaliação, análise de lacunas e planejamento do","Auto-avaliação, análise de lacunas e planejamento do PPSI",high
3,DNOCS,delivery,eixo corrigido por cross-validation: '' → 'Segurança e Privacidade',"Auto-avaliação, análise de lacunas e planejamento do","Auto-avaliação, análise de lacunas e planejamento do PPSI",high
3,DNOCS,delivery,eixo corrigido por cross-validation: '' → 'Segurança e Privacidade',"Auto-avaliação, análise de lacunas e planejamento do","Auto-avaliação, análise de lacunas e planejamento do PPSI",high
3,DNOCS,delivery,eixo corrigido por cross-validation: '' → 'Segurança e Privacidade',Implementação do PPSI,Implementação do PPSI,high
3,DNOCS,delivery,eixo corrigido por cross-validation: '' → 'Segurança e Privacidade',Implementação do PPSI,Implementação do PPSI,high
3,DNOCS,delivery,eixo corrigido por cross-validation: '' → 'Segurança e Privacidade',Implementação do PPSI,Implementação do PPSI,high
3,DNOCS,delivery,eixo corrigido por cross-validation: '' → 'Segurança e Privacidade',Implementação do PPSI,Implementação do PPSI,high
3,DNOCS,delivery,eixo corrigido por cross-validation: '' → 'Segurança e Privacidade',Implementação do PPSI,Implementação do PPSI,high
3,DNOCS,delivery,eixo corrigido por cross-validation: '' → 'Segurança e Privacidade',Implementação do PPSI,Implementação do PPSI,high
3,DNOCS,delivery,eixo corrigido por cross-validation: '' → 'Segurança e Privacidade',Implementação do PPSI,Implementação do PPSI,high
3,DNOCS,delivery,eixo corrigido por cross-validation: '' → 'Serviços Digitais e Melhoria da Qualidade',Disponibilização em Acesso Digital,Disponibilização em Acesso Digital,high
3,DNOCS,delivery,eixo corrigido por cross-validation: '' → 'Serviços Digitais e Melhoria da Qualidade',Evolução do Serviço,Evolução do Serviço,high
3,DNOCS,delivery,eixo corrigido por cross-validation: '' → 'Serviços Digitais e Melhoria da Qualidade',Evolução do Serviço,Evolução do Serviço,high
3,DNOCS,delivery,eixo corrigido por cross-validation: '' → 'Serviços Digitais e Melhoria da Qualidade',Evolução do Serviço,Evolução do Serviço,high
3,DNOCS,delivery,eixo corrigido por cross-validation: '' → 'Serviços Digitais e Melhoria da Qualidade',Evolução do Serviço,Evolução do Serviço,high
3,DNOCS,delivery,eixo corrigido por cross-validation: '' → 'Serviços Digitais e Melhoria da Qualidade',Evolução do Serviço,Evolução do Serviço,high
3,DNOCS,delivery,eixo corrigido por cross-validation: '' → 'Serviços Digitais e Melhoria da Qualidade',Evolução do Serviço,Evolução do Serviço,high
3,DNOCS,delivery,eixo corrigido por cross-validation: '' → 'Serviços Digitais e Melhoria da Qualidade',Evolução do Serviço,Evolução do Serviço,high
3,DNOCS,delivery,eixo corrigido por cross-validation: '' → 'Serviços Digitais e Melhoria da Qualidade',Evolução do Serviço,Evolução do Serviço,high
3,DNOCS,delivery,eixo corrigido por cross-validation: '' → 'Serviços Digitais e Melhoria da Qualidade',Evolução do Serviço,Evolução do Serviço,high
3,DNOCS,delivery,eixo corrigido por cross-validation: '' → 'Serviços Digitais e Melhoria da Qualidade',Evolução do Serviço,Evolução do Serviço,high
3,DNOCS,delivery,eixo corrigido por cross-validation: '' → 'Serviços Digitais e Melhoria da Qualidade',Evolução do Serviço,Evolução do Serviço,high
3,DNOCS,delivery,eixo corrigido por cross-validation: '' → 'Serviços Digitais e Melhoria da Qualidade',Evolução do Serviço,Evolução do Serviço,high
3,DNOCS,delivery,eixo corrigido por cross-validation: '' → 'Serviços Digitais e Melhoria da Qualidade',Evolução do Serviço,Evolução do Serviço,high
3,DNOCS,delivery,eixo corrigido por cross-validation: '' → 'Serviços Digitais e Melhoria da Qualidade',Evolução do Serviço,Evolução do Serviço,high
3,DNOCS,delivery,eixo corrigido por cross-validation: '' → 'Serviços Digitais e Melhoria da Qualidade',Evolução do Serviço,Evolução do Serviço,high
3,DNOCS,delivery,eixo corrigido por cross-validation: '' → 'Serviços Digitais e Melhoria da Qualidade',Evolução do Serviço,Evolução do Serviço,high
3,DNOCS,delivery,eixo corrigido por cross-validation: '' → 'Serviços Digitais e Melhoria da Qualidade',Evolução do Serviço,Evolução do Serviço,high
3,DNOCS,delivery,eixo corrigido por cross-validation: '' → 'Serviços Digitais e Melhoria da Qualidade',Evolução do Serviço,Evolução do Serviço,high
3,DNOCS,delivery,eixo corrigido por cross-validation: '' → 'Serviços Digitais e Melhoria da Qualidade',Evolução do Serviço,Evolução do Serviço,high
3,DNOCS,delivery,eixo corrigido por cross-validation: '' → 'Serviços Digitais e Melhoria da Qualidade',Evolução do Serviço,Evolução do Serviço,high
3,DNOCS,delivery,eixo corrigido por cross-validation: '' → 'Serviços Digitais e Melhoria da Qualidade',Implantação da Experiência LabQ,Implantação da Experiência LabQ,high
3,DNOCS,delivery,eixo corrigido por cross-validation: '' → 'Serviços Digitais e Melhoria da Qualidade',Revisão da descrição dos serviços,Revisão da descrição dos serviços,high
3,DNOCS,delivery,eixo corrigido por cross-validation: '' → 'Serviços Digitais e Melhoria da Qualidade',Revisão da descrição dos serviços,Revisão da descrição dos serviços,high
3,DNOCS,delivery,eixo corrigido por cross-validation: '' → 'Serviços Digitais e Melhoria da Qualidade',Revisão da descrição dos serviços,Revisão da descrição dos serviços,high
3,DNOCS,delivery,eixo corrigido por cross-validation: '' → 'Serviços Digitais e Melhoria da Qualidade',Revisão da descrição dos serviços,Revisão da descrição dos serviços,high
3,DNOCS,delivery,eixo corrigido por cross-validation: '' → 'Serviços Digitais e Melhoria da Qualidade',Revisão da descrição dos serviços,Revisão da descrição dos serviços,high
3,DNOCS,delivery,eixo corrigido por cross-validation: '' → 'Serviços Digitais e Melhoria da Qualidade',Revisão da descrição dos serviços,Revisão da descrição dos serviços,high
3,DNOCS,delivery,eixo corrigido por cross-validation: '' → 'Serviços Digitais e Melhoria da Qualidade',Revisão da descrição dos serviços,Revisão da descrição dos serviços,high
3,DNOCS,delivery,eixo corrigido por cross-validation: '' → 'Serviços Digitais e Melhoria da Qualidade',Revisão da descrição dos serviços,Revisão da descrição dos serviços,high
3,DNOCS,delivery,eixo corrigido por cross-validation: '' → 'Serviços Digitais e Melhoria da Qualidade',Revisão da descrição dos serviços,Revisão da descrição dos serviços,high
3,DNOCS,delivery,eixo corrigido por cross-validation: '' → 'Serviços Digitais e Melhoria da Qualidade',Revisão da descrição dos serviços,Revisão da descrição dos serviços,high
3,DNOCS,delivery,eixo corrigido por cross-validation: '' → 'Serviços Digitais e Melhoria da Qualidade',Revisão da descrição dos serviços,Revisão da descrição dos serviços,high
3,DNOCS,delivery,eixo corrigido por cross-validation: '' → 'Serviços Digitais e Melhoria da Qualidade',Revisão da descrição dos serviços,Revisão da descrição dos serviços,high
3,DNOCS,delivery,eixo corrigido por cross-validation: '' → 'Serviços Digitais e Melhoria da Qualidade',Revisão da descrição dos serviços,Revisão da descrição dos serviços,high
3,DNOCS,delivery,eixo corrigido por cross-validation: '' → 'Serviços Digitais e Melhoria da Qualidade',Revisão da descrição dos serviços,Revisão da descrição dos serviços,high
3,DNOCS,delivery,eixo corrigido por cross-validation: '' → 'Serviços Digitais e Melhoria da Qualidade',Revisão da descrição dos serviços,Revisão da descrição dos serviços,high
3,DNOCS,delivery,eixo corrigido por cross-validation: '' → 'Serviços Digitais e Melhoria da Qualidade',Revisão da descrição dos serviços,Revisão da descrição dos serviços,high
3,DNOCS,delivery,eixo corrigido por cross-validation: '' → 'Serviços Digitais e Melhoria da Qualidade',Revisão da descrição dos serviços,Revisão da descrição dos serviços,high
3,DNOCS,delivery,eixo corrigido por cross-validation: '' → 'Serviços Digitais e Melhoria da Qualidade',Revisão da descrição dos serviços,Revisão da descrição dos serviços,high
3,DNOCS,delivery,eixo corrigido por cross-validation: '' → 'Serviços Digitais e Melhoria da Qualidade',Revisão da descrição dos serviços,Revisão da descrição dos serviços,high
3,DNOCS,delivery,eixo corrigido por cross-validation: '' → 'Serviços Digitais e Melhoria da Qualidade',Revisão da descrição dos serviços,Revisão da descrição dos serviços,high
3,DNOCS,delivery,eixo corrigido por cross-validation: '' → 'Unificação de Canais Digitais',Integração ao Login Único,Integração ao Login Único,high
3,DNOCS,delivery,eixo corrigido por cross-validation: '' → 'Unificação de Canais Digitais',Integração ao Pagtesouro,Integração ao Pagtesouro,high
3,DNOCS,delivery,eixo corrigido por cross-validation: '' → 'Unificação de Canais Digitais',Integração com Assinatura Digital GOV.BR,Integração com Assinatura Digital Gov.br,high
3,DNOCS,delivery,eixo corrigido por cross-validation: '' → 'Unificação de Canais Digitais',Integração com Assinatura Digital GOV.BR,Integração com Assinatura Digital Gov.br,high
3,DNOCS,delivery,eixo corrigido por cross-validation: '' → 'Unificação de Canais Digitais',Integração com Assinatura Digital Gov.br,Integração com Assinatura Digital Gov.br,high
3,FBN,delivery,eixo corrigido por cross-validation: '' → 'Segurança e Privacidade',"Auto-avaliação, análise de lacunas e planejamento do PPSI","Auto-avaliação, análise de lacunas e planejamento do PPSI",high
3,FBN,delivery,eixo corrigido por cross-validation: '' → 'Segurança e Privacidade',"Auto-avaliação, análise de lacunas e planejamento do PPSI","Auto-avaliação, análise de lacunas e planejamento do PPSI",high
3,FBN,delivery,eixo corrigido por cross-validation: '' → 'Segurança e Privacidade',"Auto-avaliação, análise de lacunas e planejamento do PPSI","Auto-avaliação, análise de lacunas e planejamento do PPSI",high
3,FBN,delivery,eixo corrigido por cross-validation: '' → 'Segurança e Privacidade',"Auto-avaliação, análise de lacunas e planejamento do PPSI","Auto-avaliação, análise de lacunas e planejamento do PPSI",high
3,FBN,delivery,eixo corrigido por cross-validation: '' → 'Segurança e Privacidade',Implementação do PPSI,Implementação do PPSI,high
3,FBN,delivery,eixo corrigido por cross-validation: '' → 'Segurança e Privacidade',Implementação do PPSI,Implementação do PPSI,high
3,FBN,delivery,eixo corrigido por cross-validation: '' → 'Segurança e Privacidade',Implementação do PPSI,Implementação do PPSI,high
3,FBN,delivery,eixo corrigido por cross-validation: '' → 'Segurança e Privacidade',Implementação do PPSI,Implementação do PPSI,high
3,FBN,delivery,eixo corrigido por cross-validation: '' → 'Serviços Digitais e Melhoria da Qualidade',Evolução do Serviço,Evolução do Serviço,high
3,FBN,delivery,eixo corrigido por cross-validation: '' → 'Serviços Digitais e Melhoria da Qualidade',Evolução do Serviço,Evolução do Serviço,high
3,FBN,delivery,eixo corrigido por cross-validation: '' → 'Serviços Digitais e Melhoria da Qualidade',Evolução do Serviço,Evolução do Serviço,high
3,FBN,delivery,eixo corrigido por cross-validation: '' → 'Serviços Digitais e Melhoria da Qualidade',Evolução do Serviço,Evolução do Serviço,high
3,FBN,delivery,eixo corrigido por cross-validation: '' → 'Serviços Digitais e Melhoria da Qualidade',Evolução do Serviço,Evolução do Serviço,high
3,FBN,delivery,eixo corrigido por cross-validation: '' → 'Serviços Digitais e Melhoria da Qualidade',Evolução do Serviço,Evolução do Serviço,high
3,FBN,delivery,eixo corrigido por cross-validation: '' → 'Serviços Digitais e Melhoria da Qualidade',Evolução do Serviço,Evolução do Serviço,high
3,FBN,delivery,eixo corrigido por cross-validation: '' → 'Serviços Digitais e Melhoria da Qualidade',Evolução do Serviço,Evolução do Serviço,high
3,FBN,delivery,eixo corrigido por cross-validation: '' → 'Serviços Digitais e Melhoria da Qualidade',Evolução do Serviço,Evolução do Serviço,high
3,FBN,delivery,eixo corrigido por cross-validation: '' → 'Serviços Digitais e Melhoria da Qualidade',Evolução do Serviço,Evolução do Serviço,high
3,FBN,delivery,eixo corrigido por cross-validation: '' → 'Serviços Digitais e Melhoria da Qualidade',Realização de Autodiagnóstico de Qualidade,Realização de Autodiagnóstico de Qualidade,high
3,FBN,delivery,eixo corrigido por cross-validation: '' → 'Serviços Digitais e Melhoria da Qualidade',Realização de Autodiagnóstico de Qualidade,Realização de Autodiagnóstico de Qualidade,high
3,FBN,delivery,eixo corrigido por cross-validation: '' → 'Serviços Digitais e Melhoria da Qualidade',Realização de Autodiagnóstico de Qualidade,Realização de Autodiagnóstico de Qualidade,high
3,FBN,delivery,eixo corrigido por cross-validation: '' → 'Serviços Digitais e Melhoria da Qualidade',Realização de Autodiagnóstico de Qualidade,Realização de Autodiagnóstico de Qualidade,high
3,FBN,delivery,eixo corrigido por cross-validation: '' → 'Serviços Digitais e Melhoria da Qualidade',Realização de Autodiagnóstico de Qualidade,Realização de Autodiagnóstico de Qualidade,high
3,FBN,delivery,eixo corrigido por cross-validation: '' → 'Serviços Digitais e Melhoria da Qualidade',Realização de Autodiagnóstico de Qualidade,Realização de Autodiagnóstico de Qualidade,high
3,FBN,delivery,eixo corrigido por cross-validation: '' → 'Serviços Digitais e Melhoria da Qualidade',Realização de Autodiagnóstico de Qualidade,Realização de Autodiagnóstico de Qualidade,high
3,FBN,delivery,eixo corrigido por cross-validation: '' → 'Serviços Digitais e Melhoria da Qualidade',Realização de Autodiagnóstico de Qualidade,Realização de Autodiagnóstico de Qualidade,high
3,FBN,delivery,eixo corrigido por cross-validation: '' → 'Serviços Digitais e Melhoria da Qualidade',Realização de Autodiagnóstico de Qualidade,Realização de Autodiagnóstico de Qualidade,high
3,FBN,delivery,eixo corrigido por cross-validation: '' → 'Serviços Digitais e Melhoria da Qualidade',Realização de Autodiagnóstico de Qualidade,Realização de Autodiagnóstico de Qualidade,high
3,FBN,delivery,eixo corrigido por cross-validation: '' → 'Serviços Digitais e Melhoria da Qualidade',Realização de Autodiagnóstico de Qualidade,Realização de Autodiagnóstico de Qualidade,high
3,FBN,delivery,eixo corrigido por cross-validation: '' → 'Serviços Digitais e Melhoria da Qualidade',Revisão da descrição dos serviços,Revisão da descrição dos serviços,high
3,FBN,delivery,eixo corrigido por cross-validation: '' → 'Serviços Digitais e Melhoria da Qualidade',Revisão da descrição dos serviços,Revisão da descrição dos serviços,high
3,FBN,delivery,eixo corrigido por cross-validation: '' → 'Serviços Digitais e Melhoria da Qualidade',Revisão da descrição dos serviços,Revisão da descrição dos serviços,high
3,FBN,delivery,eixo corrigido por cross-validation: '' → 'Serviços Digitais e Melhoria da Qualidade',Revisão da descrição dos serviços,Revisão da descrição dos serviços,high
3,FBN,delivery,eixo corrigido por cross-validation: '' → 'Serviços Digitais e Melhoria da Qualidade',Revisão da descrição dos serviços,Revisão da descrição dos serviços,high
3,FBN,delivery,eixo corrigido por cross-validation: '' → 'Serviços Digitais e Melhoria da Qualidade',Revisão da descrição dos serviços,Revisão da descrição dos serviços,high
3,FBN,delivery,eixo corrigido por cross-validation: '' → 'Serviços Digitais e Melhoria da Qualidade',Revisão da descrição dos serviços,Revisão da descrição dos serviços,high
3,FBN,delivery,eixo corrigido por cross-validation: '' → 'Serviços Digitais e Melhoria da Qualidade',Revisão da descrição dos serviços,Revisão da descrição dos serviços,high
3,FBN,delivery,eixo corrigido por cross-validation: '' → 'Serviços Digitais e Melhoria da Qualidade',Revisão da descrição dos serviços,Revisão da descrição dos serviços,high
3,FBN,delivery,eixo corrigido por cross-validation: '' → 'Serviços Digitais e Melhoria da Qualidade',Revisão da descrição dos serviços,Revisão da descrição dos serviços,high
3,FBN,delivery,eixo corrigido por cross-validation: '' → 'Serviços Digitais e Melhoria da Qualidade',Revisão da descrição dos serviços,Revisão da descrição dos serviços,high
3,FBN,delivery,eixo corrigido por cross-validation: '' → 'Serviços Digitais e Melhoria da Qualidade',Revisão da descrição dos serviços,Revisão da descrição dos serviços,high
3,FBN,delivery,eixo corrigido por cross-validation: '' → 'Unificação de Canais Digitais',Integração ao Login Único,Integração ao Login Único,high
3,FUNARTE,delivery,eixo corrigido por cross-validation: '' → 'Governança e Gestão de Dados',Integração à base de dados (OUTROS),Integração à base de dados,high
3,FUNARTE,delivery,eixo corrigido por cross-validation: '' → 'Segurança e Privacidade',"Auto-avaliação, análise de lacunas e planejamento do PPSI","Auto-avaliação, análise de lacunas e planejamento do PPSI",high
3,FUNARTE,delivery,eixo corrigido por cross-validation: '' → 'Segurança e Privacidade',Implementação do PPSI,Implementação do PPSI,high
3,FUNARTE,delivery,eixo corrigido por cross-validation: '' → 'Segurança e Privacidade',Implementação do PPSI,Implementação do PPSI,high
3,FUNARTE,delivery,eixo corrigido por cross-validation: '' → 'Segurança e Privacidade',Implementação do PPSI,Implementação do PPSI,high
3,FUNARTE,delivery,eixo corrigido por cross-validation: '' → 'Segurança e Privacidade',Implementação do PPSI,Implementação do PPSI,high
3,FUNARTE,delivery,eixo corrigido por cross-validation: '' → 'Segurança e Privacidade',Implementação do PPSI,Implementação do PPSI,high
3,FUNARTE,delivery,eixo corrigido por cross-validation: '' → 'Segurança e Privacidade',Implementação do PPSI,Implementação do PPSI,high
3,FUNARTE,delivery,eixo corrigido por cross-validation: '' → 'Segurança e Privacidade',Implementação do PPSI,Implementação do PPSI,high
3,FUNARTE,delivery,eixo corrigido por cross-validation: '' → 'Segurança e Privacidade',Implementação do PPSI,Implementação do PPSI,high
3,FUNARTE,delivery,eixo corrigido por cross-validation: '' → 'Serviços Digitais e Melhoria da Qualidade',Disponibilização em Acesso Digital,Disponibilização em Acesso Digital,high
3,FUNARTE,delivery,eixo corrigido por cross-validation: '' → 'Serviços Digitais e Melhoria da Qualidade',Disponibilização em Acesso Digital,Disponibilização em Acesso Digital,high
3,FUNARTE,delivery,eixo corrigido por cross-validation: '' → 'Serviços Digitais e Melhoria da Qualidade',Disponibilização em Acesso Digital,Disponibilização em Acesso Digital,high
3,FUNARTE,delivery,eixo corrigido por cross-validation: '' → 'Serviços Digitais e Melhoria da Qualidade',Disponibilização em Acesso Digital,Disponibilização em Acesso Digital,high
3,FUNARTE,delivery,eixo corrigido por cross-validation: '' → 'Serviços Digitais e Melhoria da Qualidade',Disponibilização em Acesso Digital,Disponibilização em Acesso Digital,high
3,FUNARTE,delivery,eixo corrigido por cross-validation: '' → 'Serviços Digitais e Melhoria da Qualidade',Disponibilização em Acesso Digital,Disponibilização em Acesso Digital,high
3,FUNARTE,delivery,eixo corrigido por cross-validation: '' → 'Serviços Digitais e Melhoria da Qualidade',Disponibilização em Acesso Digital,Disponibilização em Acesso Digital,high
3,FUNARTE,delivery,eixo corrigido por cross-validation: '' → 'Serviços Digitais e Melhoria da Qualidade',Evolução do Serviço,Evolução do Serviço,high
3,FUNARTE,delivery,eixo corrigido por cross-validation: '' → 'Serviços Digitais e Melhoria da Qualidade',Implantação da Experiência LabQ,Implantação da Experiência LabQ,high
3,FUNARTE,delivery,eixo corrigido por cross-validation: '' → 'Serviços Digitais e Melhoria da Qualidade',Implantação da Área Logada,Implantação da Área Logada Gov.Br,high
3,FUNARTE,delivery,eixo corrigido por cross-validation: '' → 'Serviços Digitais e Melhoria da Qualidade',Implementação do VLIBRAS,Implementação do VLIBRAS,high
3,FUNARTE,delivery,eixo corrigido por cross-validation: '' → 'Serviços Digitais e Melhoria da Qualidade',Integração à ferramenta de avaliação da satisfação dos usuários,Integração à ferramenta de avaliação da satisfação dos usuários,high
3,FUNARTE,delivery,eixo corrigido por cross-validation: '' → 'Serviços Digitais e Melhoria da Qualidade',Realização de Autodiagnóstico de Qualidade,Realização de Autodiagnóstico de Qualidade,high
3,FUNARTE,delivery,eixo corrigido por cross-validation: '' → 'Serviços Digitais e Melhoria da Qualidade',Revisão da descrição dos serviços,Revisão da descrição dos serviços,high
3,FUNARTE,delivery,eixo corrigido por cross-validation: '' → 'Unificação de Canais Digitais',Implantação do Design System,Implantação do Design System,high
3,FUNARTE,delivery,eixo corrigido por cross-validation: '' → 'Unificação de Canais Digitais',Integração ao Login Único,Integração ao Login Único,high
3,FUNARTE,delivery,eixo corrigido por cross-validation: '' → 'Unificação de Canais Digitais',Integração ao Login Único,Integração ao Login Único,high
3,FUNARTE,delivery,eixo corrigido por cross-validation: '' → 'Unificação de Canais Digitais',Integração ao Login Único,Integração ao Login Único,high
3,FUNARTE,delivery,eixo corrigido por cross-validation: '' → 'Unificação de Canais Digitais',Integração ao Login Único,Integração ao Login Único,high
3,FUNARTE,delivery,eixo corrigido por cross-validation: '' → 'Unificação de Canais Digitais',Integração ao Login Único,Integração ao Login Único,high
3,FUNARTE,delivery,eixo corrigido por cross-validation: '' → 'Unificação de Canais Digitais',Integração ao Login Único,Integração ao Login Único,high
3,FUNARTE,delivery,eixo corrigido por cross-validation: '' → 'Unificação de Canais Digitais',Integração ao Login Único,Integração ao Login Único,high
3,FUNARTE,delivery,eixo corrigido por cross-validation: '' → 'Unificação de Canais Digitais',Integração ao Pagtesouro,Integração ao Pagtesouro,high
3,FUNARTE,delivery,eixo corrigido por cross-validation: '' → 'Unificação de Canais Digitais',Integração com Assinatura Digital Gov.br,Integração com Assinatura Digital Gov.br,high
3,FUNARTE,delivery,eixo corrigido por cross-validation: '' → 'Unificação de Canais Digitais',Migração de APPs móveis para a loja do Gov.br,Migração de APPs móveis para a loja do Gov.br,high
3,FUNARTE,delivery,eixo corrigido por cross-validation: '' → 'Unificação de Canais Digitais',Migração de Portal Institucional,Migração de Portal Institucional,high
3,FUNARTE,delivery,eixo corrigido por cross-validation: '' → 'Unificação de Canais Digitais',Migração de Serviço para Plataforma Unificada,Migração de Serviço para Plataforma Unificada,high
3,IBAMA,delivery,eixo corrigido por cross-validation: 'Serviços Digitais e Melhoria da Qualidade' → 'Segurança e Privacidade',"Auto-avaliação, análise de lacunas e planejamento do PP","Auto-avaliação, análise de lacunas e planejamento do PPSI",high
3,INMETRO,delivery,eixo corrigido por cross-validation: '' → 'Segurança e Privacidade',Implementação do PPSI,Implementação do PPSI,high
3,INMETRO,delivery,eixo corrigido por cross-validation: '' → 'Segurança e Privacidade',Implementação do PPSI,Implementação do PPSI,high
3,INMETRO,delivery,eixo corrigido por cross-validation: '' → 'Segurança e Privacidade',Implementação do PPSI,Implementação do PPSI,high
3,INMETRO,delivery,eixo corrigido por cross-validation: '' → 'Segurança e Privacidade',Implementação do PPSI,Implementação do PPSI,high
3,INMETRO,delivery,eixo corrigido por cross-validation: '' → 'Segurança e Privacidade',Implementação do PPSI,Implementação do PPSI,high
3,INMETRO,delivery,eixo corrigido por cross-validation: '' → 'Segurança e Privacidade',Implementação do PPSI,Implementação do PPSI,high
3,INMETRO,delivery,eixo corrigido por cross-validation: '' → 'Serviços Digitais e Melhoria da Qualidade',Evolução do Serviço,Evolução do Serviço,high
3,INMETRO,delivery,eixo corrigido por cross-validation: '' → 'Serviços Digitais e Melhoria da Qualidade',Evolução do Serviço,Evolução do Serviço,high
3,INMETRO,delivery,eixo corrigido por cross-validation: '' → 'Serviços Digitais e Melhoria da Qualidade',Evolução do Serviço,Evolução do Serviço,high
3,INMETRO,delivery,eixo corrigido por cross-validation: '' → 'Serviços Digitais e Melhoria da Qualidade',Evolução do Serviço,Evolução do Serviço,high
3,INMETRO,delivery,eixo corrigido por cross-validation: '' → 'Unificação de Canais Digitais',Integração ao Pagtesouro,Integração ao Pagtesouro,high
3,INSS,delivery,eixo corrigido por cross-validation: 'Serviços Digitais e Melhoria da Qualidade' → 'Governança e Gestão de Dados',Integração à base de dados (OUTROS),Integração à base de dados,high
3,IPHAN,delivery,eixo corrigido por cross-validation: '' → 'Governança e Gestão de Dados',Integração à base de dados (OUTROS),Integração à base de dados,high
3,IPHAN,delivery,eixo corrigido por cross-validation: '' → 'Segurança e Privacidade',"Auto-avaliação, análise de lacunas e planejamento do PPSI","Auto-avaliação, análise de lacunas e planejamento do PPSI",high
3,IPHAN,delivery,eixo corrigido por cross-validation: '' → 'Segurança e Privacidade',Implementação do PPSI,Implementação do PPSI,high
3,IPHAN,delivery,eixo corrigido por cross-validation: '' → 'Segurança e Privacidade',Implementação do PPSI,Implementação do PPSI,high
3,IPHAN,delivery,eixo corrigido por cross-validation: '' → 'Segurança e Privacidade',Implementação do PPSI,Implementação do PPSI,high
3,IPHAN,delivery,eixo corrigido por cross-validation: '' → 'Segurança e Privacidade',Implementação do PPSI,Implementação do PPSI,high
3,IPHAN,delivery,eixo corrigido por cross-validation: '' → 'Segurança e Privacidade',Implementação do PPSI,Implementação do PPSI,high
3,IPHAN,delivery,eixo corrigido por cross-validation: '' → 'Segurança e Privacidade',Implementação do PPSI,Implementação do PPSI,high
3,IPHAN,delivery,eixo corrigido por cross-validation: '' → 'Segurança e Privacidade',Implementação do PPSI,Implementação do PPSI,high
3,IPHAN,delivery,eixo corrigido por cross-validation: '' → 'Segurança e Privacidade',Implementação do PPSI,Implementação do PPSI,high
3,IPHAN,delivery,eixo corrigido por cross-validation: '' → 'Serviços Digitais e Melhoria da Qualidade',Disponibilização em Acesso Digital,Disponibilização em Acesso Digital,high
3,IPHAN,delivery,eixo corrigido por cross-validation: '' → 'Serviços Digitais e Melhoria da Qualidade',Disponibilização em Acesso Digital,Disponibilização em Acesso Digital,high
3,IPHAN,delivery,eixo corrigido por cross-validation: '' → 'Serviços Digitais e Melhoria da Qualidade',Disponibilização em Acesso Digital,Disponibilização em Acesso Digital,high
3,IPHAN,delivery,eixo corrigido por cross-validation: '' → 'Serviços Digitais e Melhoria da Qualidade',Disponibilização em Acesso Digital,Disponibilização em Acesso Digital,high
3,IPHAN,delivery,eixo corrigido por cross-validation: '' → 'Serviços Digitais e Melhoria da Qualidade',Disponibilização em Acesso Digital,Disponibilização em Acesso Digital,high
3,IPHAN,delivery,eixo corrigido por cross-validation: '' → 'Serviços Digitais e Melhoria da Qualidade',Disponibilização em Acesso Digital,Disponibilização em Acesso Digital,high
3,IPHAN,delivery,eixo corrigido por cross-validation: '' → 'Serviços Digitais e Melhoria da Qualidade',Disponibilização em Acesso Digital,Disponibilização em Acesso Digital,high
3,IPHAN,delivery,eixo corrigido por cross-validation: '' → 'Serviços Digitais e Melhoria da Qualidade',Disponibilização em Acesso Digital,Disponibilização em Acesso Digital,high
3,IPHAN,delivery,eixo corrigido por cross-validation: '' → 'Serviços Digitais e Melhoria da Qualidade',Disponibilização em Acesso Digital,Disponibilização em Acesso Digital,high
3,IPHAN,delivery,eixo corrigido por cross-validation: '' → 'Serviços Digitais e Melhoria da Qualidade',Disponibilização em Acesso Digital,Disponibilização em Acesso Digital,high
3,IPHAN,delivery,eixo corrigido por cross-validation: '' → 'Serviços Digitais e Melhoria da Qualidade',Disponibilização em Acesso Digital,Disponibilização em Acesso Digital,high
3,IPHAN,delivery,eixo corrigido por cross-validation: '' → 'Serviços Digitais e Melhoria da Qualidade',Disponibilização em Acesso Digital,Disponibilização em Acesso Digital,high
3,IPHAN,delivery,eixo corrigido por cross-validation: '' → 'Serviços Digitais e Melhoria da Qualidade',Evolução do Serviço,Evolução do Serviço,high
3,IPHAN,delivery,eixo corrigido por cross-validation: '' → 'Serviços Digitais e Melhoria da Qualidade',Evolução do Serviço,Evolução do Serviço,high
3,IPHAN,delivery,eixo corrigido por cross-validation: '' → 'Serviços Digitais e Melhoria da Qualidade',Evolução do Serviço,Evolução do Serviço,high
3,IPHAN,delivery,eixo corrigido por cross-validation: '' → 'Serviços Digitais e Melhoria da Qualidade',Evolução do Serviço,Evolução do Serviço,high
3,IPHAN,delivery,eixo corrigido por cross-validation: '' → 'Serviços Digitais e Melhoria da Qualidade',Evolução do Serviço,Evolução do Serviço,high
3,IPHAN,delivery,eixo corrigido por cross-validation: '' → 'Serviços Digitais e Melhoria da Qualidade',Evolução do Serviço,Evolução do Serviço,high
3,IPHAN,delivery,eixo corrigido por cross-validation: '' → 'Serviços Digitais e Melhoria da Qualidade',Evolução do Serviço,Evolução do Serviço,high
3,IPHAN,delivery,eixo corrigido por cross-validation: '' → 'Serviços Digitais e Melhoria da Qualidade',Evolução do Serviço,Evolução do Serviço,high
3,IPHAN,delivery,eixo corrigido por cross-validation: '' → 'Serviços Digitais e Melhoria da Qualidade',Evolução do Serviço,Evolução do Serviço,high
3,IPHAN,delivery,eixo corrigido por cross-validation: '' → 'Serviços Digitais e Melhoria da Qualidade',Evolução do Serviço,Evolução do Serviço,high
3,IPHAN,delivery,eixo corrigido por cross-validation: '' → 'Serviços Digitais e Melhoria da Qualidade',Evolução do Serviço,Evolução do Serviço,high
3,IPHAN,delivery,eixo corrigido por cross-validation: '' → 'Serviços Digitais e Melhoria da Qualidade',Evolução do Serviço,Evolução do Serviço,high
3,IPHAN,delivery,eixo corrigido por cross-validation: '' → 'Serviços Digitais e Melhoria da Qualidade',Evolução do Serviço,Evolução do Serviço,high
3,IPHAN,delivery,eixo corrigido por cross-validation: '' → 'Serviços Digitais e Melhoria da Qualidade',Evolução do Serviço,Evolução do Serviço,high
3,IPHAN,delivery,eixo corrigido por cross-validation: '' → 'Serviços Digitais e Melhoria da Qualidade',Implantação da Experiência LabQ,Implantação da Experiência LabQ,high
3,IPHAN,delivery,eixo corrigido por cross-validation: '' → 'Serviços Digitais e Melhoria da Qualidade',Implantação da Área Logada,Implantação da Área Logada Gov.Br,high
3,IPHAN,delivery,eixo corrigido por cross-validation: '' → 'Serviços Digitais e Melhoria da Qualidade',Implementação do VLIBRAS,Implementação do VLIBRAS,high
3,IPHAN,delivery,eixo corrigido por cross-validation: '' → 'Serviços Digitais e Melhoria da Qualidade',Integração à ferramenta de avaliação da,Integração à ferramenta de avaliação da satisfação dos usuários,high
3,IPHAN,delivery,eixo corrigido por cross-validation: '' → 'Serviços Digitais e Melhoria da Qualidade',Integração à ferramenta de avaliação da,Integração à ferramenta de avaliação da satisfação dos usuários,high
3,IPHAN,delivery,eixo corrigido por cross-validation: '' → 'Serviços Digitais e Melhoria da Qualidade',Integração à ferramenta de avaliação da satisfação dos usuários,Integração à ferramenta de avaliação da satisfação dos usuários,high
3,IPHAN,delivery,eixo corrigido por cross-validation: '' → 'Serviços Digitais e Melhoria da Qualidade',Integração à ferramenta de avaliação da,Integração à ferramenta de avaliação da satisfação dos usuários,high
3,IPHAN,delivery,eixo corrigido por cross-validation: '' → 'Serviços Digitais e Melhoria da Qualidade',Integração à ferramenta de avaliação da,Integração à ferramenta de avaliação da satisfação dos usuários,high
3,IPHAN,delivery,eixo corrigido por cross-validation: '' → 'Serviços Digitais e Melhoria da Qualidade',Integração à ferramenta de avaliação da,Integração à ferramenta de avaliação da satisfação dos usuários,high
3,IPHAN,delivery,eixo corrigido por cross-validation: '' → 'Serviços Digitais e Melhoria da Qualidade',Integração à ferramenta de avaliação da,Integração à ferramenta de avaliação da satisfação dos usuários,high
3,IPHAN,delivery,eixo corrigido por cross-validation: '' → 'Serviços Digitais e Melhoria da Qualidade',Integração à ferramenta de avaliação da,Integração à ferramenta de avaliação da satisfação dos usuários,high
3,IPHAN,delivery,eixo corrigido por cross-validation: '' → 'Serviços Digitais e Melhoria da Qualidade',Integração à ferramenta de avaliação da,Integração à ferramenta de avaliação da satisfação dos usuários,high
3,IPHAN,delivery,eixo corrigido por cross-validation: '' → 'Serviços Digitais e Melhoria da Qualidade',Integração à ferramenta de avaliação da,Integração à ferramenta de avaliação da satisfação dos usuários,high
3,IPHAN,delivery,eixo corrigido por cross-validation: '' → 'Serviços Digitais e Melhoria da Qualidade',Integração à ferramenta de avaliação da,Integração à ferramenta de avaliação da satisfação dos usuários,high
3,IPHAN,delivery,eixo corrigido por cross-validation: '' → 'Serviços Digitais e Melhoria da Qualidade',Integração à ferramenta de avaliação da,Integração à ferramenta de avaliação da satisfação dos usuários,high
3,IPHAN,delivery,eixo corrigido por cross-validation: '' → 'Serviços Digitais e Melhoria da Qualidade',Integração à ferramenta de avaliação da,Integração à ferramenta de avaliação da satisfação dos usuários,high
3,IPHAN,delivery,eixo corrigido por cross-validation: '' → 'Serviços Digitais e Melhoria da Qualidade',Integração à ferramenta de avaliação da,Integração à ferramenta de avaliação da satisfação dos usuários,high
3,IPHAN,delivery,eixo corrigido por cross-validation: '' → 'Serviços Digitais e Melhoria da Qualidade',Integração à ferramenta de avaliação da,Integração à ferramenta de avaliação da satisfação dos usuários,high
3,IPHAN,delivery,eixo corrigido por cross-validation: '' → 'Serviços Digitais e Melhoria da Qualidade',Integração à ferramenta de avaliação da,Integração à ferramenta de avaliação da satisfação dos usuários,high
3,IPHAN,delivery,eixo corrigido por cross-validation: '' → 'Serviços Digitais e Melhoria da Qualidade',Integração à ferramenta de avaliação da,Integração à ferramenta de avaliação da satisfação dos usuários,high
3,IPHAN,delivery,eixo corrigido por cross-validation: '' → 'Serviços Digitais e Melhoria da Qualidade',Integração à ferramenta de avaliação da,Integração à ferramenta de avaliação da satisfação dos usuários,high
3,IPHAN,delivery,eixo corrigido por cross-validation: '' → 'Serviços Digitais e Melhoria da Qualidade',Integração à ferramenta de avaliação da,Integração à ferramenta de avaliação da satisfação dos usuários,high
3,IPHAN,delivery,eixo corrigido por cross-validation: '' → 'Serviços Digitais e Melhoria da Qualidade',Realização de Autodiagnóstico de Qualidade,Realização de Autodiagnóstico de Qualidade,high
3,IPHAN,delivery,eixo corrigido por cross-validation: '' → 'Serviços Digitais e Melhoria da Qualidade',Revisão da descrição dos serviços,Revisão da descrição dos serviços,high
3,IPHAN,delivery,eixo corrigido por cross-validation: '' → 'Serviços Digitais e Melhoria da Qualidade',Revisão da descrição dos serviços,Revisão da descrição dos serviços,high
3,IPHAN,delivery,eixo corrigido por cross-validation: '' → 'Unificação de Canais Digitais',Implantação do Design System,Implantação do Design System,high
3,IPHAN,delivery,eixo corrigido por cross-validation: '' → 'Unificação de Canais Digitais',Integração ao Login Único,Integração ao Login Único,high
3,IPHAN,delivery,eixo corrigido por cross-validation: '' → 'Unificação de Canais Digitais',Integração ao Login Único,Integração ao Login Único,high
3,IPHAN,delivery,eixo corrigido por cross-validation: '' → 'Unificação de Canais Digitais',Integração ao Login Único,Integração ao Login Único,high
3,IPHAN,delivery,eixo corrigido por cross-validation: '' → 'Unificação de Canais Digitais',Integração ao Login Único,Integração ao Login Único,high
3,IPHAN,delivery,eixo corrigido por cross-validation: '' → 'Unificação de Canais Digitais',Integração ao Login Único,Integração ao Login Único,high
3,IPHAN,delivery,eixo corrigido por cross-validation: '' → 'Unificação de Canais Digitais',Integração ao Login Único,Integração ao Login Único,high
3,IPHAN,delivery,eixo corrigido por cross-validation: '' → 'Unificação de Canais Digitais',Integração ao Login Único,Integração ao Login Único,high
3,IPHAN,delivery,eixo corrigido por cross-validation: '' → 'Unificação de Canais Digitais',Integração ao Login Único,Integração ao Login Único,high
3,IPHAN,delivery,eixo corrigido por cross-validation: '' → 'Unificação de Canais Digitais',Integração ao Login Único,Integração ao Login Único,high
3,IPHAN,delivery,eixo corrigido por cross-validation: '' → 'Unificação de Canais Digitais',Integração ao Login Único,Integração ao Login Único,high
3,IPHAN,delivery,eixo corrigido por cross-validation: '' → 'Unificação de Canais Digitais',Integração ao Login Único,Integração ao Login Único,high
3,IPHAN,delivery,eixo corrigido por cross-validation: '' → 'Unificação de Canais Digitais',Integração ao Login Único,Integração ao Login Único,high
3,IPHAN,delivery,eixo corrigido por cross-validation: '' → 'Unificação de Canais Digitais',Integração ao Login Único,Integração ao Login Único,high
3,IPHAN,delivery,eixo corrigido por cross-validation: '' → 'Unificação de Canais Digitais',Integração ao Login Único,Integração ao Login Único,high
3,IPHAN,delivery,eixo corrigido por cross-validation: '' → 'Unificação de Canais Digitais',Integração ao Login Único,Integração ao Login Único,high
3,IPHAN,delivery,eixo corrigido por cross-validation: '' → 'Unificação de Canais Digitais',Integração ao Login Único,Integração ao Login Único,high
3,IPHAN,delivery,eixo corrigido por cross-validation: '' → 'Unificação de Canais Digitais',Integração ao Login Único,Integração ao Login Único,high
3,IPHAN,delivery,eixo corrigido por cross-validation: '' → 'Unificação de Canais Digitais',Integração ao Login Único,Integração ao Login Único,high
3,IPHAN,delivery,eixo corrigido por cross-validation: '' → 'Unificação de Canais Digitais',Integração ao Login Único,Integração ao Login Único,high
3,IPHAN,delivery,eixo corrigido por cross-validation: '' → 'Unificação de Canais Digitais',Integração ao Pagtesouro,Integração ao Pagtesouro,high
3,IPHAN,delivery,eixo corrigido por cross-validation: '' → 'Unificação de Canais Digitais',Integração com Assinatura Digital Gov.br,Integração com Assinatura Digital Gov.br,high
3,IPHAN,delivery,eixo corrigido por cross-validation: '' → 'Unificação de Canais Digitais',Migração de APPs móveis para a loja do Gov.br,Migração de APPs móveis para a loja do Gov.br,high
3,IPHAN,delivery,eixo corrigido por cross-validation: '' → 'Unificação de Canais Digitais',Migração de Portal Institucional,Migração de Portal Institucional,high
3,IPHAN,delivery,eixo corrigido por cross-validation: '' → 'Unificação de Canais Digitais',Migração de Portal Institucional,Migração de Portal Institucional,high
3,IPHAN,delivery,eixo corrigido por cross-validation: '' → 'Unificação de Canais Digitais',Migração de Serviço para Plataforma Unificada,Migração de Serviço para Plataforma Unificada,high
3,MCTI,delivery,eixo corrigido por cross-validation: 'Serviços Digitais e Melhoria da Qualidade' → 'Unificação de Canais Digitais',Implantação do Design System,Implantação do Design System,high
3,MDHC,delivery,produto Outros; eixo corrigido: '' → 'Projetos Especiais',Outros,Outros,high
3,MDHC,delivery,produto Outros; eixo corrigido: '' → 'Projetos Especiais',Outros,Outros,high
3,MDHC,delivery,produto Outros; eixo corrigido: '' → 'Projetos Especiais',Outros,Outros,high
3,MDHC,delivery,produto Outros; eixo corrigido: '' → 'Projetos Especiais',Outros,Outros,high
3,MDHC,delivery,produto Outros; eixo corrigido: '' → 'Projetos Especiais',Outros,Outros,high
3,MDHC,delivery,produto Outros; eixo corrigido: '' → 'Projetos Especiais',Outros,Outros,high
3,MDHC,delivery,produto Outros; eixo corrigido: '' → 'Projetos Especiais',Outros,Outros,high
3,MDHC,delivery,produto Outros; eixo corrigido: '' → 'Projetos Especiais',Outros,Outros,high
3,MDHC,delivery,produto Outros; eixo corrigido: '' → 'Projetos Especiais',Outros,Outros,high
3,MDHC,delivery,produto Outros; eixo corrigido: '' → 'Projetos Especiais',Outros,Outros,high
3,MDHC,delivery,produto Outros; eixo corrigido: '' → 'Projetos Especiais',Outros,Outros,high
3,MDHC,delivery,eixo corrigido por cross-validation: '' → 'Segurança e Privacidade',"Auto-avaliação, análise de lacunas e planejamento do","Auto-avaliação, análise de lacunas e planejamento do PPSI",high
3,MDHC,delivery,eixo corrigido por cross-validation: '' → 'Segurança e Privacidade',"Auto-avaliação, análise de lacunas e planejamento do","Auto-avaliação, análise de lacunas e planejamento do PPSI",high
3,MDHC,delivery,eixo corrigido por cross-validation: '' → 'Segurança e Privacidade',"Auto-avaliação, análise de lacunas e planejamento do","Auto-avaliação, análise de lacunas e planejamento do PPSI",high
3,MDHC,delivery,eixo corrigido por cross-validation: '' → 'Segurança e Privacidade',"Auto-avaliação, análise de lacunas e planejamento do","Auto-avaliação, análise de lacunas e planejamento do PPSI",high
3,MDHC,delivery,eixo corrigido por cross-validation: '' → 'Segurança e Privacidade',"Auto-avaliação, análise de lacunas e planejamento do","Auto-avaliação, análise de lacunas e planejamento do PPSI",high
3,MDHC,delivery,eixo corrigido por cross-validation: '' → 'Segurança e Privacidade',"Auto-avaliação, análise de lacunas e planejamento do","Auto-avaliação, análise de lacunas e planejamento do PPSI",high
3,MDHC,delivery,eixo corrigido por cross-validation: '' → 'Segurança e Privacidade',"Auto-avaliação, análise de lacunas e planejamento do","Auto-avaliação, análise de lacunas e planejamento do PPSI",high
3,MDHC,delivery,eixo corrigido por cross-validation: '' → 'Segurança e Privacidade',Implementação do PPSI,Implementação do PPSI,high
3,MDHC,delivery,eixo corrigido por cross-validation: '' → 'Segurança e Privacidade',Implementação do PPSI,Implementação do PPSI,high
3,MDHC,delivery,eixo corrigido por cross-validation: '' → 'Segurança e Privacidade',Implementação do PPSI,Implementação do PPSI,high
3,MDHC,delivery,eixo corrigido por cross-validation: '' → 'Segurança e Privacidade',Implementação do PPSI,Implementação do PPSI,high
3,MDHC,delivery,eixo corrigido por cross-validation: '' → 'Segurança e Privacidade',Implementação do PPSI,Implementação do PPSI,high
3,MDHC,delivery,eixo corrigido por cross-validation: '' → 'Segurança e Privacidade',Implementação do PPSI,Implementação do PPSI,high
3,MDHC,delivery,eixo corrigido por cross-validation: '' → 'Segurança e Privacidade',Implementação do PPSI,Implementação do PPSI,high
3,MDHC,delivery,eixo corrigido por cross-validation: '' → 'Serviços Digitais e Melhoria da Qualidade',Disponibilização em Acesso Digital,Disponibilização em Acesso Digital,high
3,MDHC,delivery,eixo corrigido por cross-validation: '' → 'Serviços Digitais e Melhoria da Qualidade',Disponibilização em Acesso Digital,Disponibilização em Acesso Digital,high
3,MDHC,delivery,eixo corrigido por cross-validation: '' → 'Serviços Digitais e Melhoria da Qualidade',Disponibilização em Acesso Digital,Disponibilização em Acesso Digital,high
3,MDHC,delivery,eixo corrigido por cross-validation: '' → 'Serviços Digitais e Melhoria da Qualidade',Disponibilização em Acesso Digital,Disponibilização em Acesso Digital,high
3,MDHC,delivery,eixo corrigido por cross-validation: '' → 'Serviços Digitais e Melhoria da Qualidade',Disponibilização em Acesso Digital,Disponibilização em Acesso Digital,high
3,MDHC,delivery,eixo corrigido por cross-validation: '' → 'Serviços Digitais e Melhoria da Qualidade',Disponibilização em Acesso Digital,Disponibilização em Acesso Digital,high
3,MDHC,delivery,eixo corrigido por cross-validation: '' → 'Serviços Digitais e Melhoria da Qualidade',Disponibilização em Acesso Digital,Disponibilização em Acesso Digital,high
3,MDHC,delivery,eixo corrigido por cross-validation: '' → 'Serviços Digitais e Melhoria da Qualidade',Disponibilização em Acesso Digital,Disponibilização em Acesso Digital,high
3,MDHC,delivery,eixo corrigido por cross-validation: '' → 'Serviços Digitais e Melhoria da Qualidade',Disponibilização em Acesso Digital,Disponibilização em Acesso Digital,high
3,MDHC,delivery,eixo corrigido por cross-validation: '' → 'Serviços Digitais e Melhoria da Qualidade',Disponibilização em Acesso Digital,Disponibilização em Acesso Digital,high
3,MDHC,delivery,eixo corrigido por cross-validation: '' → 'Serviços Digitais e Melhoria da Qualidade',Disponibilização em Acesso Digital,Disponibilização em Acesso Digital,high
3,MDHC,delivery,eixo corrigido por cross-validation: '' → 'Serviços Digitais e Melhoria da Qualidade',Disponibilização em Acesso Digital,Disponibilização em Acesso Digital,high
3,MDHC,delivery,eixo corrigido por cross-validation: '' → 'Serviços Digitais e Melhoria da Qualidade',Evolução do Serviço,Evolução do Serviço,high
3,MDHC,delivery,eixo corrigido por cross-validation: '' → 'Serviços Digitais e Melhoria da Qualidade',Evolução do Serviço,Evolução do Serviço,high
3,MDHC,delivery,eixo corrigido por cross-validation: '' → 'Serviços Digitais e Melhoria da Qualidade',Evolução do Serviço,Evolução do Serviço,high
3,MDHC,delivery,eixo corrigido por cross-validation: '' → 'Serviços Digitais e Melhoria da Qualidade',Evolução do Serviço,Evolução do Serviço,high
3,MDHC,delivery,eixo corrigido por cross-validation: '' → 'Serviços Digitais e Melhoria da Qualidade',Evolução do Serviço,Evolução do Serviço,high
3,MDHC,delivery,eixo corrigido por cross-validation: '' → 'Serviços Digitais e Melhoria da Qualidade',Realização de Autodiagnóstico de Qualidade,Realização de Autodiagnóstico de Qualidade,high
3,MDHC,delivery,eixo corrigido por cross-validation: '' → 'Serviços Digitais e Melhoria da Qualidade',Realização de Autodiagnóstico de Qualidade,Realização de Autodiagnóstico de Qualidade,high
3,MDHC,delivery,eixo corrigido por cross-validation: '' → 'Serviços Digitais e Melhoria da Qualidade',Realização de Autodiagnóstico de Qualidade,Realização de Autodiagnóstico de Qualidade,high
3,MDHC,delivery,eixo corrigido por cross-validation: '' → 'Serviços Digitais e Melhoria da Qualidade',Revisão da descrição dos serviços,Revisão da descrição dos serviços,high
3,MDHC,delivery,eixo corrigido por cross-validation: '' → 'Serviços Digitais e Melhoria da Qualidade',Revisão da descrição dos serviços,Revisão da descrição dos serviços,high
3,MDHC,delivery,eixo corrigido por cross-validation: '' → 'Serviços Digitais e Melhoria da Qualidade',Revisão da descrição dos serviços,Revisão da descrição dos serviços,high
3,MDHC,delivery,eixo corrigido por cross-validation: '' → 'Unificação de Canais Digitais',Integração ao Login Único,Integração ao Login Único,high
3,MDHC,delivery,eixo corrigido por cross-validation: '' → 'Unificação de Canais Digitais',Integração ao Login Único,Integração ao Login Único,high
3,MDHC,delivery,eixo corrigido por cross-validation: '' → 'Unificação de Canais Digitais',Integração ao Login Único,Integração ao Login Único,high
3,MDHC,delivery,eixo corrigido por cross-validation: '' → 'Unificação de Canais Digitais',Integração ao Login Único,Integração ao Login Único,high
3,MDHC,delivery,eixo corrigido por cross-validation: '' → 'Unificação de Canais Digitais',Integração ao Login Único,Integração ao Login Único,high
3,MDHC,delivery,eixo corrigido por cross-validation: '' → 'Unificação de Canais Digitais',Integração ao Login Único,Integração ao Login Único,high
3,MDHC,delivery,eixo corrigido por cross-validation: '' → 'Unificação de Canais Digitais',Integração ao Login Único,Integração ao Login Único,high
3,MDHC,delivery,eixo corrigido por cross-validation: '' → 'Unificação de Canais Digitais',Integração ao Login Único,Integração ao Login Único,high
3,MDHC,delivery,eixo corrigido por cross-validation: '' → 'Unificação de Canais Digitais',Integração ao Login Único,Integração ao Login Único,high
3,MDHC,delivery,eixo corrigido por cross-validation: '' → 'Unificação de Canais Digitais',Integração ao Login Único,Integração ao Login Único,high
3,MDHC,delivery,eixo corrigido por cross-validation: '' → 'Unificação de Canais Digitais',Integração ao Login Único,Integração ao Login Único,high
3,MDHC,delivery,eixo corrigido por cross-validation: '' → 'Unificação de Canais Digitais',Integração ao Login Único,Integração ao Login Único,high
3,MDHC,delivery,eixo corrigido por cross-validation: '' → 'Unificação de Canais Digitais',Integração ao Login Único,Integração ao Login Único,high
3,MDHC,delivery,eixo corrigido por cross-validation: '' → 'Unificação de Canais Digitais',Integração ao Login Único,Integração ao Login Único,high
3,MDHC,delivery,eixo corrigido por cross-validation: '' → 'Unificação de Canais Digitais',Integração ao Login Único,Integração ao Login Único,high
3,MDHC,delivery,eixo corrigido por cross-validation: '' → 'Unificação de Canais Digitais',Integração ao Login Único,Integração ao Login Único,high
3,MDHC,delivery,eixo corrigido por cross-validation: '' → 'Unificação de Canais Digitais',Integração ao Login Único,Integração ao Login Único,high
3,MDHC,delivery,eixo corrigido por cross-validation: '' → 'Unificação de Canais Digitais',Integração ao Login Único,Integração ao Login Único,high
3,MDHC,delivery,eixo corrigido por cross-validation: '' → 'Unificação de Canais Digitais',Integração ao Login Único,Integração ao Login Único,high
3,MDHC,delivery,eixo corrigido por cross-validation: '' → 'Unificação de Canais Digitais',Migração de APPs móveis para a loja do Gov.br,Migração de APPs móveis para a loja do Gov.br,high
3,MDHC,delivery,eixo corrigido por cross-validation: '' → 'Unificação de Canais Digitais',Migração de APPs móveis para a loja do Gov.br,Migração de APPs móveis para a loja do Gov.br,high
3,MDIC,delivery,eixo corrigido por cross-validation: 'Serviços Digitais e Melhoria da Qualidade' → 'Unificação de Canais Digitais',Implantação do Design System,Implantação do Design System,high
3,MEMP,delivery,eixo corrigido por cross-validation: '' → 'Governança e Gestão de Dados',Integração à base de dados (OUTROS),Integração à base de dados,high
3,MEMP,delivery,eixo corrigido por cross-validation: '' → 'Segurança e Privacidade',"Auto-avaliação, análise de lacunas e planejamento do","Auto-avaliação, análise de lacunas e planejamento do PPSI",high
3,MEMP,delivery,eixo corrigido por cross-validation: '' → 'Segurança e Privacidade',"Auto-avaliação, análise de lacunas e planejamento do","Auto-avaliação, análise de lacunas e planejamento do PPSI",high
3,MEMP,delivery,eixo corrigido por cross-validation: '' → 'Segurança e Privacidade',"Auto-avaliação, análise de lacunas e planejamento do","Auto-avaliação, análise de lacunas e planejamento do PPSI",high
3,MEMP,delivery,eixo corrigido por cross-validation: '' → 'Segurança e Privacidade',"Auto-avaliação, análise de lacunas e planejamento do","Auto-avaliação, análise de lacunas e planejamento do PPSI",high
3,MEMP,delivery,eixo corrigido por cross-validation: '' → 'Segurança e Privacidade',"Auto-avaliação, análise de lacunas e planejamento do","Auto-avaliação, análise de lacunas e planejamento do PPSI",high
3,MEMP,delivery,eixo corrigido por cross-validation: '' → 'Segurança e Privacidade',Implementação do PPSI,Implementação do PPSI,high
3,MEMP,delivery,eixo corrigido por cross-validation: '' → 'Segurança e Privacidade',Implementação do PPSI,Implementação do PPSI,high
3,MEMP,delivery,eixo corrigido por cross-validation: '' → 'Segurança e Privacidade',Implementação do PPSI,Implementação do PPSI,high
3,MEMP,delivery,eixo corrigido por cross-validation: '' → 'Segurança e Privacidade',Implementação do PPSI,Implementação do PPSI,high
3,MEMP,delivery,eixo corrigido por cross-validation: '' → 'Segurança e Privacidade',Implementação do PPSI,Implementação do PPSI,high
3,MEMP,delivery,eixo corrigido por cross-validation: '' → 'Serviços Digitais e Melhoria da Qualidade',Disponibilização em Acesso Digital,Disponibilização em Acesso Digital,high
3,MEMP,delivery,eixo corrigido por cross-validation: '' → 'Serviços Digitais e Melhoria da Qualidade',Disponibilização em Acesso Digital,Disponibilização em Acesso Digital,high
3,MEMP,delivery,eixo corrigido por cross-validation: '' → 'Serviços Digitais e Melhoria da Qualidade',Disponibilização em Acesso Digital,Disponibilização em Acesso Digital,high
3,MEMP,delivery,eixo corrigido por cross-validation: '' → 'Serviços Digitais e Melhoria da Qualidade',Disponibilização em Acesso Digital,Disponibilização em Acesso Digital,high
3,MEMP,delivery,eixo corrigido por cross-validation: '' → 'Serviços Digitais e Melhoria da Qualidade',Disponibilização em Acesso Digital,Disponibilização em Acesso Digital,high
3,MEMP,delivery,eixo corrigido por cross-validation: '' → 'Serviços Digitais e Melhoria da Qualidade',Disponibilização em Acesso Digital,Disponibilização em Acesso Digital,high
3,MEMP,delivery,eixo corrigido por cross-validation: '' → 'Serviços Digitais e Melhoria da Qualidade',Evolução do Serviço,Evolução do Serviço,high
3,MEMP,delivery,eixo corrigido por cross-validation: '' → 'Serviços Digitais e Melhoria da Qualidade',Evolução do Serviço,Evolução do Serviço,high
3,MEMP,delivery,eixo corrigido por cross-validation: '' → 'Serviços Digitais e Melhoria da Qualidade',Evolução do Serviço,Evolução do Serviço,high
3,MEMP,delivery,eixo corrigido por cross-validation: '' → 'Serviços Digitais e Melhoria da Qualidade',Evolução do Serviço,Evolução do Serviço,high
3,MEMP,delivery,eixo corrigido por cross-validation: '' → 'Serviços Digitais e Melhoria da Qualidade',Evolução do Serviço,Evolução do Serviço,high
3,MEMP,delivery,eixo corrigido por cross-validation: '' → 'Serviços Digitais e Melhoria da Qualidade',Evolução do Serviço,Evolução do Serviço,high
3,MEMP,delivery,eixo corrigido por cross-validation: '' → 'Serviços Digitais e Melhoria da Qualidade',Revisão da descrição dos serviços,Revisão da descrição dos serviços,high
3,MEMP,delivery,eixo corrigido por cross-validation: '' → 'Unificação de Canais Digitais',Implantação do Design System,Implantação do Design System,high
3,MEMP,delivery,eixo corrigido por cross-validation: '' → 'Unificação de Canais Digitais',Integração ao Login Único,Integração ao Login Único,high
3,MEMP,delivery,eixo corrigido por cross-validation: '' → 'Unificação de Canais Digitais',Integração ao Login Único,Integração ao Login Único,high
3,MEMP,delivery,eixo corrigido por cross-validation: '' → 'Unificação de Canais Digitais',Integração ao Login Único,Integração ao Login Único,high
3,MEMP,delivery,eixo corrigido por cross-validation: '' → 'Unificação de Canais Digitais',Integração ao Login Único,Integração ao Login Único,high
3,MEMP,delivery,eixo corrigido por cross-validation: '' → 'Unificação de Canais Digitais',Integração ao Login Único,Integração ao Login Único,high
3,MEMP,delivery,eixo corrigido por cross-validation: '' → 'Unificação de Canais Digitais',Integração ao Login Único,Integração ao Login Único,high
3,MEMP,delivery,eixo corrigido por cross-validation: '' → 'Unificação de Canais Digitais',Integração ao Login Único,Integração ao Login Único,high
3,MEMP,delivery,eixo corrigido por cross-validation: '' → 'Unificação de Canais Digitais',Integração ao Login Único,Integração ao Login Único,high
3,MEMP,delivery,eixo corrigido por cross-validation: '' → 'Unificação de Canais Digitais',Migração de Serviço para Plataforma Unificada,Migração de Serviço para Plataforma Unificada,high
3,MEMP,delivery,eixo corrigido por cross-validation: '' → 'Unificação de Canais Digitais',Migração de Serviço para Plataforma Unificada,Migração de Serviço para Plataforma Unificada,high
3,MESP,delivery,eixo corrigido por cross-validation: 'Serviços Digitais e Melhoria da Qualidade' → 'Unificação de Canais Digitais',Migração de Portal Institucional,Migração de Portal Institucional,high
3,MF,delivery,produto Outros; eixo corrigido: '' → 'Projetos Especiais',Outros,Outros,high
3,MF,delivery,produto Outros; eixo corrigido: '' → 'Projetos Especiais',Outros,Outros,high
3,MF,delivery,produto Outros; eixo corrigido: '' → 'Projetos Especiais',Outros,Outros,high
3,MF,delivery,produto Outros; eixo corrigido: '' → 'Projetos Especiais',Outros,Outros,high
3,MF,delivery,eixo corrigido por cross-validation: '' → 'Segurança e Privacidade',"Auto-avaliação, análise de lacunas e planejamento do","Auto-avaliação, análise de lacunas e planejamento do PPSI",high
3,MF,delivery,eixo corrigido por cross-validation: '' → 'Segurança e Privacidade',"Auto-avaliação, análise de lacunas e planejamento do","Auto-avaliação, análise de lacunas e planejamento do PPSI",high
3,MF,delivery,eixo corrigido por cross-validation: '' → 'Segurança e Privacidade',Implementação do PPSI,Implementação do PPSI,high
3,MF,delivery,eixo corrigido por cross-validation: '' → 'Segurança e Privacidade',Implementação do PPSI,Implementação do PPSI,high
3,MF,delivery,eixo corrigido por cross-validation: '' → 'Serviços Digitais e Melhoria da Qualidade',Disponibilização em Acesso Digital,Disponibilização em Acesso Digital,high
3,MF,delivery,eixo corrigido por cross-validation: '' → 'Serviços Digitais e Melhoria da Qualidade',Disponibilização em Acesso Digital,Disponibilização em Acesso Digital,high
3,MF,delivery,eixo corrigido por cross-validation: '' → 'Serviços Digitais e Melhoria da Qualidade',Disponibilização em Acesso Digital,Disponibilização em Acesso Digital,high
3,MF,delivery,eixo corrigido por cross-validation: '' → 'Serviços Digitais e Melhoria da Qualidade',Disponibilização em Acesso Digital,Disponibilização em Acesso Digital,high
3,MF,delivery,eixo corrigido por cross-validation: '' → 'Serviços Digitais e Melhoria da Qualidade',Disponibilização em Acesso Digital,Disponibilização em Acesso Digital,high
3,MF,delivery,eixo corrigido por cross-validation: '' → 'Serviços Digitais e Melhoria da Qualidade',Realização de Autodiagnóstico de Qualidade,Realização de Autodiagnóstico de Qualidade,high
3,MF,delivery,eixo corrigido por cross-validation: '' → 'Serviços Digitais e Melhoria da Qualidade',Realização de Autodiagnóstico de Qualidade,Realização de Autodiagnóstico de Qualidade,high
3,MF,delivery,eixo corrigido por cross-validation: '' → 'Serviços Digitais e Melhoria da Qualidade',Realização de Autodiagnóstico de Qualidade,Realização de Autodiagnóstico de Qualidade,high
3,MF,delivery,eixo corrigido por cross-validation: '' → 'Serviços Digitais e Melhoria da Qualidade',Realização de Autodiagnóstico de Qualidade,Realização de Autodiagnóstico de Qualidade,high
3,MF,delivery,eixo corrigido por cross-validation: '' → 'Serviços Digitais e Melhoria da Qualidade',Realização de Autodiagnóstico de Qualidade,Realização de Autodiagnóstico de Qualidade,high
3,MF,delivery,eixo corrigido por cross-validation: '' → 'Serviços Digitais e Melhoria da Qualidade',Realização de Autodiagnóstico de Qualidade,Realização de Autodiagnóstico de Qualidade,high
3,MF,delivery,eixo corrigido por cross-validation: '' → 'Serviços Digitais e Melhoria da Qualidade',Realização de Autodiagnóstico de Qualidade,Realização de Autodiagnóstico de Qualidade,high
3,MF,delivery,eixo corrigido por cross-validation: '' → 'Serviços Digitais e Melhoria da Qualidade',Realização de Autodiagnóstico de Qualidade,Realização de Autodiagnóstico de Qualidade,high
3,MF,delivery,eixo corrigido por cross-validation: '' → 'Serviços Digitais e Melhoria da Qualidade',Realização de Autodiagnóstico de Qualidade,Realização de Autodiagnóstico de Qualidade,high
3,MF,delivery,eixo corrigido por cross-validation: '' → 'Serviços Digitais e Melhoria da Qualidade',Revisão da descrição dos serviços,Revisão da descrição dos serviços,high
3,MF,delivery,eixo corrigido por cross-validation: '' → 'Serviços Digitais e Melhoria da Qualidade',Revisão da descrição dos serviços,Revisão da descrição dos serviços,high
3,MF,delivery,eixo corrigido por cross-validation: '' → 'Serviços Digitais e Melhoria da Qualidade',Revisão da descrição dos serviços,Revisão da descrição dos serviços,high
3,MF,delivery,eixo corrigido por cross-validation: '' → 'Serviços Digitais e Melhoria da Qualidade',Revisão da descrição dos serviços,Revisão da descrição dos serviços,high
3,MF,delivery,eixo corrigido por cross-validation: '' → 'Serviços Digitais e Melhoria da Qualidade',Revisão da descrição dos serviços,Revisão da descrição dos serviços,high
3,MF,delivery,eixo corrigido por cross-validation: '' → 'Serviços Digitais e Melhoria da Qualidade',Revisão da descrição dos serviços,Revisão da descrição dos serviços,high
3,MF,delivery,eixo corrigido por cross-validation: '' → 'Serviços Digitais e Melhoria da Qualidade',Revisão da descrição dos serviços,Revisão da descrição dos serviços,high
3,MF,delivery,eixo corrigido por cross-validation: '' → 'Serviços Digitais e Melhoria da Qualidade',Revisão da descrição dos serviços,Revisão da descrição dos serviços,high
3,MF,delivery,eixo corrigido por cross-validation: '' → 'Unificação de Canais Digitais',Implantação do Design System,Implantação do Design System,high
3,MF,delivery,eixo corrigido por cross-validation: '' → 'Unificação de Canais Digitais',Migração de Portal Institucional,Migração de Portal Institucional,high
3,MGI,delivery,eixo corrigido por cross-validation: '' → 'Governança e Gestão de Dados',Integração à base de dados (OUTROS),Integração à base de dados,high
3,MGI,delivery,eixo corrigido por cross-validation: '' → 'Governança e Gestão de Dados',Integração à base de dados (OUTROS),Integração à base de dados,high
3,MGI,delivery,eixo corrigido por cross-validation: '' → 'Governança e Gestão de Dados',Integração à base de dados (OUTROS),Integração à base de dados,high
3,MGI,delivery,eixo corrigido por cross-validation: '' → 'Governança e Gestão de Dados',Integração à base de dados (OUTROS),Integração à base de dados,high
3,MGI,delivery,eixo corrigido por cross-validation: '' → 'Governança e Gestão de Dados',Integração à base de dados (OUTROS),Integração à base de dados,high
3,MGI,delivery,eixo corrigido por cross-validation: '' → 'Governança e Gestão de Dados',Integração à base de dados (OUTROS),Integração à base de dados,high
3,MGI,delivery,eixo corrigido por cross-validation: '' → 'Governança e Gestão de Dados',Integração à base de dados (OUTROS),Integração à base de dados,high
3,MGI,delivery,eixo corrigido por cross-validation: '' → 'Governança e Gestão de Dados',Integração à base de dados (OUTROS),Integração à base de dados,high
3,MGI,delivery,eixo corrigido por cross-validation: '' → 'Governança e Gestão de Dados',Integração à base de dados (OUTROS),Integração à base de dados,high
3,MGI,delivery,eixo corrigido por cross-validation: '' → 'Governança e Gestão de Dados',Integração à base de dados (OUTROS),Integração à base de dados,high
3,MGI,delivery,eixo corrigido por cross-validation: '' → 'Governança e Gestão de Dados',Integração à base de dados (OUTROS),Integração à base de dados,high
3,MGI,delivery,eixo corrigido por cross-validation: '' → 'Segurança e Privacidade',"Auto-avaliação, análise de lacunas e planejamento do PPSI","Auto-avaliação, análise de lacunas e planejamento do PPSI",high
3,MGI,delivery,eixo corrigido por cross-validation: '' → 'Segurança e Privacidade',"Auto-avaliação, análise de lacunas e planejamento do PPSI","Auto-avaliação, análise de lacunas e planejamento do PPSI",high
3,MGI,delivery,eixo corrigido por cross-validation: '' → 'Segurança e Privacidade',"Auto-avaliação, análise de lacunas e planejamento do PPSI","Auto-avaliação, análise de lacunas e planejamento do PPSI",high
3,MGI,delivery,eixo corrigido por cross-validation: '' → 'Segurança e Privacidade',"Auto-avaliação, análise de lacunas e planejamento do PPSI","Auto-avaliação, análise de lacunas e planejamento do PPSI",high
3,MGI,delivery,eixo corrigido por cross-validation: '' → 'Segurança e Privacidade',"Auto-avaliação, análise de lacunas e planejamento do PPSI","Auto-avaliação, análise de lacunas e planejamento do PPSI",high
3,MGI,delivery,eixo corrigido por cross-validation: '' → 'Segurança e Privacidade',"Auto-avaliação, análise de lacunas e planejamento do PPSI","Auto-avaliação, análise de lacunas e planejamento do PPSI",high
3,MGI,delivery,eixo corrigido por cross-validation: '' → 'Segurança e Privacidade',"Auto-avaliação, análise de lacunas e planejamento do PPSI","Auto-avaliação, análise de lacunas e planejamento do PPSI",high
3,MGI,delivery,eixo corrigido por cross-validation: '' → 'Segurança e Privacidade',"Auto-avaliação, análise de lacunas e planejamento do PPSI","Auto-avaliação, análise de lacunas e planejamento do PPSI",high
3,MGI,delivery,eixo corrigido por cross-validation: '' → 'Segurança e Privacidade',"Auto-avaliação, análise de lacunas e planejamento do PPSI","Auto-avaliação, análise de lacunas e planejamento do PPSI",high
3,MGI,delivery,eixo corrigido por cross-validation: '' → 'Segurança e Privacidade',"Auto-avaliação, análise de lacunas e planejamento do PPSI","Auto-avaliação, análise de lacunas e planejamento do PPSI",high
3,MGI,delivery,eixo corrigido por cross-validation: '' → 'Segurança e Privacidade',"Auto-avaliação, análise de lacunas e planejamento do PPSI","Auto-avaliação, análise de lacunas e planejamento do PPSI",high
3,MGI,delivery,eixo corrigido por cross-validation: '' → 'Segurança e Privacidade',"Auto-avaliação, análise de lacunas e planejamento do PPSI","Auto-avaliação, análise de lacunas e planejamento do PPSI",high
3,MGI,delivery,eixo corrigido por cross-validation: '' → 'Segurança e Privacidade',"Auto-avaliação, análise de lacunas e planejamento do PPSI","Auto-avaliação, análise de lacunas e planejamento do PPSI",high
3,MGI,delivery,eixo corrigido por cross-validation: '' → 'Segurança e Privacidade',"Auto-avaliação, análise de lacunas e planejamento do PPSI","Auto-avaliação, análise de lacunas e planejamento do PPSI",high
3,MGI,delivery,eixo corrigido por cross-validation: '' → 'Segurança e Privacidade',"Auto-avaliação, análise de lacunas e planejamento do PPSI","Auto-avaliação, análise de lacunas e planejamento do PPSI",high
3,MGI,delivery,eixo corrigido por cross-validation: '' → 'Segurança e Privacidade',"Auto-avaliação, análise de lacunas e planejamento do PPSI","Auto-avaliação, análise de lacunas e planejamento do PPSI",high
3,MGI,delivery,eixo corrigido por cross-validation: '' → 'Segurança e Privacidade',"Auto-avaliação, análise de lacunas e planejamento do PPSI","Auto-avaliação, análise de lacunas e planejamento do PPSI",high
3,MGI,delivery,eixo corrigido por cross-validation: '' → 'Segurança e Privacidade',"Auto-avaliação, análise de lacunas e planejamento do PPSI","Auto-avaliação, análise de lacunas e planejamento do PPSI",high
3,MGI,delivery,eixo corrigido por cross-validation: '' → 'Segurança e Privacidade',"Auto-avaliação, análise de lacunas e planejamento do PPSI","Auto-avaliação, análise de lacunas e planejamento do PPSI",high
3,MGI,delivery,eixo corrigido por cross-validation: '' → 'Segurança e Privacidade',"Auto-avaliação, análise de lacunas e planejamento do PPSI","Auto-avaliação, análise de lacunas e planejamento do PPSI",high
3,MGI,delivery,eixo corrigido por cross-validation: '' → 'Segurança e Privacidade',"Auto-avaliação, análise de lacunas e planejamento do PPSI","Auto-avaliação, análise de lacunas e planejamento do PPSI",high
3,MGI,delivery,eixo corrigido por cross-validation: '' → 'Segurança e Privacidade',"Auto-avaliação, análise de lacunas e planejamento do PPSI","Auto-avaliação, análise de lacunas e planejamento do PPSI",high
3,MGI,delivery,eixo corrigido por cross-validation: '' → 'Segurança e Privacidade',"Auto-avaliação, análise de lacunas e planejamento do PPSI","Auto-avaliação, análise de lacunas e planejamento do PPSI",high
3,MGI,delivery,eixo corrigido por cross-validation: '' → 'Segurança e Privacidade',"Auto-avaliação, análise de lacunas e planejamento do PPSI","Auto-avaliação, análise de lacunas e planejamento do PPSI",high
3,MGI,delivery,eixo corrigido por cross-validation: '' → 'Segurança e Privacidade',"Auto-avaliação, análise de lacunas e planejamento do PPSI","Auto-avaliação, análise de lacunas e planejamento do PPSI",high
3,MGI,delivery,eixo corrigido por cross-validation: '' → 'Segurança e Privacidade',"Auto-avaliação, análise de lacunas e planejamento do PPSI","Auto-avaliação, análise de lacunas e planejamento do PPSI",high
3,MGI,delivery,eixo corrigido por cross-validation: '' → 'Segurança e Privacidade',"Auto-avaliação, análise de lacunas e planejamento do PPSI","Auto-avaliação, análise de lacunas e planejamento do PPSI",high
3,MGI,delivery,eixo corrigido por cross-validation: '' → 'Segurança e Privacidade',"Auto-avaliação, análise de lacunas e planejamento do PPSI","Auto-avaliação, análise de lacunas e planejamento do PPSI",high
3,MGI,delivery,eixo corrigido por cross-validation: '' → 'Segurança e Privacidade',"Auto-avaliação, análise de lacunas e planejamento do PPSI","Auto-avaliação, análise de lacunas e planejamento do PPSI",high
3,MGI,delivery,eixo corrigido por cross-validation: '' → 'Segurança e Privacidade',"Auto-avaliação, análise de lacunas e planejamento do PPSI","Auto-avaliação, análise de lacunas e planejamento do PPSI",high
3,MGI,delivery,eixo corrigido por cross-validation: '' → 'Segurança e Privacidade',"Auto-avaliação, análise de lacunas e planejamento do PPSI","Auto-avaliação, análise de lacunas e planejamento do PPSI",high
3,MGI,delivery,eixo corrigido por cross-validation: '' → 'Segurança e Privacidade',"Auto-avaliação, análise de lacunas e planejamento do PPSI","Auto-avaliação, análise de lacunas e planejamento do PPSI",high
3,MGI,delivery,eixo corrigido por cross-validation: '' → 'Segurança e Privacidade',"Auto-avaliação, análise de lacunas e planejamento do PPSI","Auto-avaliação, análise de lacunas e planejamento do PPSI",high
3,MGI,delivery,eixo corrigido por cross-validation: '' → 'Segurança e Privacidade',"Auto-avaliação, análise de lacunas e planejamento do PPSI","Auto-avaliação, análise de lacunas e planejamento do PPSI",high
3,MGI,delivery,eixo corrigido por cross-validation: '' → 'Segurança e Privacidade',"Auto-avaliação, análise de lacunas e planejamento do PPSI","Auto-avaliação, análise de lacunas e planejamento do PPSI",high
3,MGI,delivery,eixo corrigido por cross-validation: '' → 'Segurança e Privacidade',"Auto-avaliação, análise de lacunas e planejamento do PPSI","Auto-avaliação, análise de lacunas e planejamento do PPSI",high
3,MGI,delivery,eixo corrigido por cross-validation: '' → 'Segurança e Privacidade',"Auto-avaliação, análise de lacunas e planejamento do PPSI","Auto-avaliação, análise de lacunas e planejamento do PPSI",high
3,MGI,delivery,eixo corrigido por cross-validation: '' → 'Segurança e Privacidade',"Auto-avaliação, análise de lacunas e planejamento do PPSI","Auto-avaliação, análise de lacunas e planejamento do PPSI",high
3,MGI,delivery,eixo corrigido por cross-validation: '' → 'Segurança e Privacidade',"Auto-avaliação, análise de lacunas e planejamento do PPSI","Auto-avaliação, análise de lacunas e planejamento do PPSI",high
3,MGI,delivery,eixo corrigido por cross-validation: '' → 'Segurança e Privacidade',"Auto-avaliação, análise de lacunas e planejamento do PPSI","Auto-avaliação, análise de lacunas e planejamento do PPSI",high
3,MGI,delivery,eixo corrigido por cross-validation: '' → 'Segurança e Privacidade',Implementação do PPSI,Implementação do PPSI,high
3,MGI,delivery,eixo corrigido por cross-validation: '' → 'Segurança e Privacidade',Implementação do PPSI,Implementação do PPSI,high
3,MGI,delivery,eixo corrigido por cross-validation: '' → 'Segurança e Privacidade',Implementação do PPSI,Implementação do PPSI,high
3,MGI,delivery,eixo corrigido por cross-validation: '' → 'Segurança e Privacidade',Implementação do PPSI,Implementação do PPSI,high
3,MGI,delivery,eixo corrigido por cross-validation: '' → 'Segurança e Privacidade',Implementação do PPSI,Implementação do PPSI,high
3,MGI,delivery,eixo corrigido por cross-validation: '' → 'Segurança e Privacidade',Implementação do PPSI,Implementação do PPSI,high
3,MGI,delivery,eixo corrigido por cross-validation: '' → 'Segurança e Privacidade',Implementação do PPSI,Implementação do PPSI,high
3,MGI,delivery,eixo corrigido por cross-validation: '' → 'Segurança e Privacidade',Implementação do PPSI,Implementação do PPSI,high
3,MGI,delivery,eixo corrigido por cross-validation: '' → 'Segurança e Privacidade',Implementação do PPSI,Implementação do PPSI,high
3,MGI,delivery,eixo corrigido por cross-validation: '' → 'Segurança e Privacidade',Implementação do PPSI,Implementação do PPSI,high
3,MGI,delivery,eixo corrigido por cross-validation: '' → 'Segurança e Privacidade',Implementação do PPSI,Implementação do PPSI,high
3,MGI,delivery,eixo corrigido por cross-validation: '' → 'Segurança e Privacidade',Implementação do PPSI,Implementação do PPSI,high
3,MGI,delivery,eixo corrigido por cross-validation: '' → 'Segurança e Privacidade',Implementação do PPSI,Implementação do PPSI,high
3,MGI,delivery,eixo corrigido por cross-validation: '' → 'Segurança e Privacidade',Implementação do PPSI,Implementação do PPSI,high
3,MGI,delivery,eixo corrigido por cross-validation: '' → 'Segurança e Privacidade',Implementação do PPSI,Implementação do PPSI,high
3,MGI,delivery,eixo corrigido por cross-validation: '' → 'Segurança e Privacidade',Implementação do PPSI,Implementação do PPSI,high
3,MGI,delivery,eixo corrigido por cross-validation: '' → 'Segurança e Privacidade',Implementação do PPSI,Implementação do PPSI,high
3,MGI,delivery,eixo corrigido por cross-validation: '' → 'Segurança e Privacidade',Implementação do PPSI,Implementação do PPSI,high
3,MGI,delivery,eixo corrigido por cross-validation: '' → 'Segurança e Privacidade',Implementação do PPSI,Implementação do PPSI,high
3,MGI,delivery,eixo corrigido por cross-validation: '' → 'Segurança e Privacidade',Implementação do PPSI,Implementação do PPSI,high
3,MGI,delivery,eixo corrigido por cross-validation: '' → 'Segurança e Privacidade',Implementação do PPSI,Implementação do PPSI,high
3,MGI,delivery,eixo corrigido por cross-validation: '' → 'Segurança e Privacidade',Implementação do PPSI,Implementação do PPSI,high
3,MGI,delivery,eixo corrigido por cross-validation: '' → 'Segurança e Privacidade',Implementação do PPSI,Implementação do PPSI,high
3,MGI,delivery,eixo corrigido por cross-validation: '' → 'Segurança e Privacidade',Implementação do PPSI,Implementação do PPSI,high
3,MGI,delivery,eixo corrigido por cross-validation: '' → 'Segurança e Privacidade',Implementação do PPSI,Implementação do PPSI,high
3,MGI,delivery,eixo corrigido por cross-validation: '' → 'Segurança e Privacidade',Implementação do PPSI,Implementação do PPSI,high
3,MGI,delivery,eixo corrigido por cross-validation: '' → 'Segurança e Privacidade',Implementação do PPSI,Implementação do PPSI,high
3,MGI,delivery,eixo corrigido por cross-validation: '' → 'Segurança e Privacidade',Implementação do PPSI,Implementação do PPSI,high
3,MGI,delivery,eixo corrigido por cross-validation: '' → 'Segurança e Privacidade',Implementação do PPSI,Implementação do PPSI,high
3,MGI,delivery,eixo corrigido por cross-validation: '' → 'Segurança e Privacidade',Implementação do PPSI,Implementação do PPSI,high
3,MGI,delivery,eixo corrigido por cross-validation: '' → 'Segurança e Privacidade',Implementação do PPSI,Implementação do PPSI,high
3,MGI,delivery,eixo corrigido por cross-validation: '' → 'Segurança e Privacidade',Implementação do PPSI,Implementação do PPSI,high
3,MGI,delivery,eixo corrigido por cross-validation: '' → 'Segurança e Privacidade',Implementação do PPSI,Implementação do PPSI,high
3,MGI,delivery,eixo corrigido por cross-validation: '' → 'Segurança e Privacidade',Implementação do PPSI,Implementação do PPSI,high
3,MGI,delivery,eixo corrigido por cross-validation: '' → 'Segurança e Privacidade',Implementação do PPSI,Implementação do PPSI,high
3,MGI,delivery,eixo corrigido por cross-validation: '' → 'Segurança e Privacidade',Implementação do PPSI,Implementação do PPSI,high
3,MGI,delivery,eixo corrigido por cross-validation: '' → 'Segurança e Privacidade',Implementação do PPSI,Implementação do PPSI,high
3,MGI,delivery,eixo corrigido por cross-validation: '' → 'Segurança e Privacidade',Implementação do PPSI,Implementação do PPSI,high
3,MGI,delivery,eixo corrigido por cross-validation: '' → 'Segurança e Privacidade',Implementação do PPSI,Implementação do PPSI,high
3,MGI,delivery,eixo corrigido por cross-validation: '' → 'Segurança e Privacidade',Implementação do PPSI,Implementação do PPSI,high
3,MGI,delivery,eixo corrigido por cross-validation: '' → 'Segurança e Privacidade',Implementação do PPSI,Implementação do PPSI,high
3,MGI,delivery,eixo corrigido por cross-validation: '' → 'Serviços Digitais e Melhoria da Qualidade',Disponibilização em Acesso Digital,Disponibilização em Acesso Digital,high
3,MGI,delivery,eixo corrigido por cross-validation: '' → 'Serviços Digitais e Melhoria da Qualidade',Disponibilização em Acesso Digital,Disponibilização em Acesso Digital,high
3,MGI,delivery,eixo corrigido por cross-validation: '' → 'Serviços Digitais e Melhoria da Qualidade',Disponibilização em Acesso Digital,Disponibilização em Acesso Digital,high
3,MGI,delivery,eixo corrigido por cross-validation: '' → 'Serviços Digitais e Melhoria da Qualidade',Disponibilização em Acesso Digital,Disponibilização em Acesso Digital,high
3,MGI,delivery,eixo corrigido por cross-validation: '' → 'Serviços Digitais e Melhoria da Qualidade',Disponibilização em Acesso Digital,Disponibilização em Acesso Digital,high
3,MGI,delivery,eixo corrigido por cross-validation: '' → 'Serviços Digitais e Melhoria da Qualidade',Disponibilização em Acesso Digital,Disponibilização em Acesso Digital,high
3,MGI,delivery,eixo corrigido por cross-validation: '' → 'Serviços Digitais e Melhoria da Qualidade',Disponibilização em Acesso Digital,Disponibilização em Acesso Digital,high
3,MGI,delivery,eixo corrigido por cross-validation: '' → 'Serviços Digitais e Melhoria da Qualidade',Disponibilização em Acesso Digital,Disponibilização em Acesso Digital,high
3,MGI,delivery,eixo corrigido por cross-validation: '' → 'Serviços Digitais e Melhoria da Qualidade',Disponibilização em Acesso Digital,Disponibilização em Acesso Digital,high
3,MGI,delivery,eixo corrigido por cross-validation: '' → 'Serviços Digitais e Melhoria da Qualidade',Disponibilização em Acesso Digital,Disponibilização em Acesso Digital,high
3,MGI,delivery,eixo corrigido por cross-validation: '' → 'Serviços Digitais e Melhoria da Qualidade',Disponibilização em Acesso Digital,Disponibilização em Acesso Digital,high
3,MGI,delivery,eixo corrigido por cross-validation: '' → 'Serviços Digitais e Melhoria da Qualidade',Disponibilização em Acesso Digital,Disponibilização em Acesso Digital,high
3,MGI,delivery,eixo corrigido por cross-validation: '' → 'Serviços Digitais e Melhoria da Qualidade',Disponibilização em Acesso Digital,Disponibilização em Acesso Digital,high
3,MGI,delivery,eixo corrigido por cross-validation: '' → 'Serviços Digitais e Melhoria da Qualidade',Disponibilização em Acesso Digital,Disponibilização em Acesso Digital,high
3,MGI,delivery,eixo corrigido por cross-validation: '' → 'Serviços Digitais e Melhoria da Qualidade',Evolução do Serviço,Evolução do Serviço,high
3,MGI,delivery,eixo corrigido por cross-validation: '' → 'Serviços Digitais e Melhoria da Qualidade',Evolução do Serviço,Evolução do Serviço,high
3,MGI,delivery,eixo corrigido por cross-validation: '' → 'Serviços Digitais e Melhoria da Qualidade',Evolução do Serviço,Evolução do Serviço,high
3,MGI,delivery,eixo corrigido por cross-validation: '' → 'Serviços Digitais e Melhoria da Qualidade',Evolução do Serviço,Evolução do Serviço,high
3,MGI,delivery,eixo corrigido por cross-validation: '' → 'Serviços Digitais e Melhoria da Qualidade',Evolução do Serviço,Evolução do Serviço,high
3,MGI,delivery,eixo corrigido por cross-validation: '' → 'Serviços Digitais e Melhoria da Qualidade',Evolução do Serviço,Evolução do Serviço,high
3,MGI,delivery,eixo corrigido por cross-validation: '' → 'Serviços Digitais e Melhoria da Qualidade',Evolução do Serviço,Evolução do Serviço,high
3,MGI,delivery,eixo corrigido por cross-validation: '' → 'Serviços Digitais e Melhoria da Qualidade',Evolução do Serviço,Evolução do Serviço,high
3,MGI,delivery,eixo corrigido por cross-validation: '' → 'Serviços Digitais e Melhoria da Qualidade',Evolução do Serviço,Evolução do Serviço,high
3,MGI,delivery,eixo corrigido por cross-validation: '' → 'Serviços Digitais e Melhoria da Qualidade',Evolução do Serviço,Evolução do Serviço,high
3,MGI,delivery,eixo corrigido por cross-validation: '' → 'Serviços Digitais e Melhoria da Qualidade',Evolução do Serviço,Evolução do Serviço,high
3,MGI,delivery,eixo corrigido por cross-validation: '' → 'Serviços Digitais e Melhoria da Qualidade',Evolução do Serviço,Evolução do Serviço,high
3,MGI,delivery,eixo corrigido por cross-validation: '' → 'Serviços Digitais e Melhoria da Qualidade',Evolução do Serviço,Evolução do Serviço,high
3,MGI,delivery,eixo corrigido por cross-validation: '' → 'Serviços Digitais e Melhoria da Qualidade',Evolução do Serviço,Evolução do Serviço,high
3,MGI,delivery,eixo corrigido por cross-validation: '' → 'Serviços Digitais e Melhoria da Qualidade',Evolução do Serviço,Evolução do Serviço,high
3,MGI,delivery,eixo corrigido por cross-validation: '' → 'Serviços Digitais e Melhoria da Qualidade',Evolução do Serviço,Evolução do Serviço,high
3,MGI,delivery,eixo corrigido por cross-validation: '' → 'Serviços Digitais e Melhoria da Qualidade',Integração à ferramenta de avaliação da satisfação dos usuários,Integração à ferramenta de avaliação da satisfação dos usuários,high
3,MGI,delivery,eixo corrigido por cross-validation: '' → 'Serviços Digitais e Melhoria da Qualidade',Integração à ferramenta de avaliação da satisfação dos usuários,Integração à ferramenta de avaliação da satisfação dos usuários,high
3,MGI,delivery,eixo corrigido por cross-validation: '' → 'Serviços Digitais e Melhoria da Qualidade',Integração à ferramenta de avaliação da satisfação dos usuários,Integração à ferramenta de avaliação da satisfação dos usuários,high
3,MGI,delivery,eixo corrigido por cross-validation: '' → 'Serviços Digitais e Melhoria da Qualidade',Integração à ferramenta de avaliação da satisfação dos usuários,Integração à ferramenta de avaliação da satisfação dos usuários,high
3,MGI,delivery,eixo corrigido por cross-validation: '' → 'Serviços Digitais e Melhoria da Qualidade',Integração à ferramenta de avaliação da satisfação dos usuários,Integração à ferramenta de avaliação da satisfação dos usuários,high
3,MGI,delivery,eixo corrigido por cross-validation: '' → 'Serviços Digitais e Melhoria da Qualidade',Integração à ferramenta de avaliação da satisfação dos usuários,Integração à ferramenta de avaliação da satisfação dos usuários,high
3,MGI,delivery,eixo corrigido por cross-validation: '' → 'Serviços Digitais e Melhoria da Qualidade',Integração à ferramenta de avaliação da satisfação dos usuários,Integração à ferramenta de avaliação da satisfação dos usuários,high
3,MGI,delivery,eixo corrigido por cross-validation: '' → 'Serviços Digitais e Melhoria da Qualidade',Integração à ferramenta de avaliação da satisfação dos usuários,Integração à ferramenta de avaliação da satisfação dos usuários,high
3,MGI,delivery,eixo corrigido por cross-validation: '' → 'Serviços Digitais e Melhoria da Qualidade',Integração à ferramenta de avaliação da satisfação dos usuários,Integração à ferramenta de avaliação da satisfação dos usuários,high
3,MGI,delivery,eixo corrigido por cross-validation: '' → 'Serviços Digitais e Melhoria da Qualidade',Integração à ferramenta de avaliação da satisfação dos usuários,Integração à ferramenta de avaliação da satisfação dos usuários,high
3,MGI,delivery,eixo corrigido por cross-validation: '' → 'Serviços Digitais e Melhoria da Qualidade',Revisão da descrição dos serviços,Revisão da descrição dos serviços,high
3,MGI,delivery,eixo corrigido por cross-validation: '' → 'Serviços Digitais e Melhoria da Qualidade',Revisão da descrição dos serviços,Revisão da descrição dos serviços,high
3,MGI,delivery,eixo corrigido por cross-validation: '' → 'Serviços Digitais e Melhoria da Qualidade',Revisão da descrição dos serviços,Revisão da descrição dos serviços,high
3,MGI,delivery,eixo corrigido por cross-validation: '' → 'Serviços Digitais e Melhoria da Qualidade',Revisão da descrição dos serviços,Revisão da descrição dos serviços,high
3,MGI,delivery,eixo corrigido por cross-validation: '' → 'Serviços Digitais e Melhoria da Qualidade',Revisão da descrição dos serviços,Revisão da descrição dos serviços,high
3,MGI,delivery,eixo corrigido por cross-validation: '' → 'Unificação de Canais Digitais',Implantação do Design System,Implantação do Design System,high
3,MGI,delivery,eixo corrigido por cross-validation: '' → 'Unificação de Canais Digitais',Implantação do Design System,Implantação do Design System,high
3,MGI,delivery,eixo corrigido por cross-validation: '' → 'Unificação de Canais Digitais',Implantação do Design System,Implantação do Design System,high
3,MGI,delivery,eixo corrigido por cross-validation: '' → 'Unificação de Canais Digitais',Implantação do Design System,Implantação do Design System,high
3,MGI,delivery,eixo corrigido por cross-validation: '' → 'Unificação de Canais Digitais',Implantação do Design System,Implantação do Design System,high
3,MGI,delivery,eixo corrigido por cross-validation: '' → 'Unificação de Canais Digitais',Implantação do Design System,Implantação do Design System,high
3,MGI,delivery,eixo corrigido por cross-validation: '' → 'Unificação de Canais Digitais',Implantação do Design System,Implantação do Design System,high
3,MGI,delivery,eixo corrigido por cross-validation: '' → 'Unificação de Canais Digitais',Implantação do Design System,Implantação do Design System,high
3,MGI,delivery,eixo corrigido por cross-validation: '' → 'Unificação de Canais Digitais',Implantação do Design System,Implantação do Design System,high
3,MGI,delivery,eixo corrigido por cross-validation: '' → 'Unificação de Canais Digitais',Implantação do Design System,Implantação do Design System,high
3,MGI,delivery,eixo corrigido por cross-validation: '' → 'Unificação de Canais Digitais',Implantação do Design System,Implantação do Design System,high
3,MGI,delivery,eixo corrigido por cross-validation: '' → 'Unificação de Canais Digitais',Implantação do Design System,Implantação do Design System,high
3,MGI,delivery,eixo corrigido por cross-validation: '' → 'Unificação de Canais Digitais',Implantação do Design System,Implantação do Design System,high
3,MGI,delivery,eixo corrigido por cross-validation: '' → 'Unificação de Canais Digitais',Implantação do Design System,Implantação do Design System,high
3,MGI,delivery,eixo corrigido por cross-validation: '' → 'Unificação de Canais Digitais',Implantação do Design System,Implantação do Design System,high
3,MGI,delivery,eixo corrigido por cross-validation: '' → 'Unificação de Canais Digitais',Implantação do Design System,Implantação do Design System,high
3,MGI,delivery,eixo corrigido por cross-validation: '' → 'Unificação de Canais Digitais',Implantação do Design System,Implantação do Design System,high
3,MGI,delivery,eixo corrigido por cross-validation: '' → 'Unificação de Canais Digitais',Implantação do Design System,Implantação do Design System,high
3,MGI,delivery,eixo corrigido por cross-validation: '' → 'Unificação de Canais Digitais',Implantação do Design System,Implantação do Design System,high
3,MGI,delivery,eixo corrigido por cross-validation: '' → 'Unificação de Canais Digitais',Implantação do Design System,Implantação do Design System,high
3,MGI,delivery,eixo corrigido por cross-validation: '' → 'Unificação de Canais Digitais',Implantação do Design System,Implantação do Design System,high
3,MGI,delivery,eixo corrigido por cross-validation: '' → 'Unificação de Canais Digitais',Integração ao Login Único,Integração ao Login Único,high
3,MGI,delivery,eixo corrigido por cross-validation: '' → 'Unificação de Canais Digitais',Integração ao Login Único,Integração ao Login Único,high
3,MGI,delivery,eixo corrigido por cross-validation: '' → 'Unificação de Canais Digitais',Integração ao Login Único,Integração ao Login Único,high
3,MGI,delivery,eixo corrigido por cross-validation: '' → 'Unificação de Canais Digitais',Integração ao Login Único,Integração ao Login Único,high
3,MGI,delivery,eixo corrigido por cross-validation: '' → 'Unificação de Canais Digitais',Integração ao Login Único,Integração ao Login Único,high
3,MGI,delivery,eixo corrigido por cross-validation: '' → 'Unificação de Canais Digitais',Integração ao Login Único,Integração ao Login Único,high
3,MGI,delivery,eixo corrigido por cross-validation: '' → 'Unificação de Canais Digitais',Integração ao Login Único,Integração ao Login Único,high
3,MGI,delivery,eixo corrigido por cross-validation: '' → 'Unificação de Canais Digitais',Integração ao Login Único,Integração ao Login Único,high
3,MGI,delivery,eixo corrigido por cross-validation: '' → 'Unificação de Canais Digitais',Integração ao Login Único,Integração ao Login Único,high
3,MGI,delivery,eixo corrigido por cross-validation: '' → 'Unificação de Canais Digitais',Integração ao Login Único,Integração ao Login Único,high
3,MGI,delivery,eixo corrigido por cross-validation: '' → 'Unificação de Canais Digitais',Integração ao Login Único,Integração ao Login Único,high
3,MGI,delivery,eixo corrigido por cross-validation: '' → 'Unificação de Canais Digitais',Integração ao Login Único,Integração ao Login Único,high
3,MGI,delivery,eixo corrigido por cross-validation: '' → 'Unificação de Canais Digitais',Integração ao Login Único,Integração ao Login Único,high
3,MGI,delivery,eixo corrigido por cross-validation: '' → 'Unificação de Canais Digitais',Integração ao Login Único,Integração ao Login Único,high
3,MGI,delivery,eixo corrigido por cross-validation: '' → 'Unificação de Canais Digitais',Integração ao Login Único,Integração ao Login Único,high
3,MGI,delivery,eixo corrigido por cross-validation: '' → 'Unificação de Canais Digitais',Integração ao Login Único,Integração ao Login Único,high
3,MGI,delivery,eixo corrigido por cross-validation: '' → 'Unificação de Canais Digitais',Integração ao Login Único,Integração ao Login Único,high
3,MGI,delivery,eixo corrigido por cross-validation: '' → 'Unificação de Canais Digitais',Integração ao Login Único,Integração ao Login Único,high
3,MGI,delivery,eixo corrigido por cross-validation: '' → 'Unificação de Canais Digitais',Integração ao Login Único,Integração ao Login Único,high
3,MGI,delivery,eixo corrigido por cross-validation: '' → 'Unificação de Canais Digitais',Integração ao Login Único,Integração ao Login Único,high
3,MGI,delivery,eixo corrigido por cross-validation: '' → 'Unificação de Canais Digitais',Integração ao Login Único,Integração ao Login Único,high
3,MGI,delivery,eixo corrigido por cross-validation: '' → 'Unificação de Canais Digitais',Integração ao Login Único,Integração ao Login Único,high
3,MGI,delivery,eixo corrigido por cross-validation: '' → 'Unificação de Canais Digitais',Integração ao Login Único,Integração ao Login Único,high
3,MGI,delivery,eixo corrigido por cross-validation: '' → 'Unificação de Canais Digitais',Integração ao Login Único,Integração ao Login Único,high
3,MGI,delivery,eixo corrigido por cross-validation: '' → 'Unificação de Canais Digitais',Integração ao Login Único,Integração ao Login Único,high
3,MGI,delivery,eixo corrigido por cross-validation: '' → 'Unificação de Canais Digitais',Integração ao Login Único,Integração ao Login Único,high
3,MGI,delivery,eixo corrigido por cross-validation: '' → 'Unificação de Canais Digitais',Integração ao Login Único,Integração ao Login Único,high
3,MGI,delivery,eixo corrigido por cross-validation: '' → 'Unificação de Canais Digitais',Integração ao Login Único,Integração ao Login Único,high
3,MGI,delivery,eixo corrigido por cross-validation: '' → 'Unificação de Canais Digitais',Integração ao Login Único,Integração ao Login Único,high
3,MGI,delivery,eixo corrigido por cross-validation: '' → 'Unificação de Canais Digitais',Integração ao Login Único,Integração ao Login Único,high
3,MGI,delivery,eixo corrigido por cross-validation: '' → 'Unificação de Canais Digitais',Integração ao Login Único,Integração ao Login Único,high
3,MGI,delivery,eixo corrigido por cross-validation: '' → 'Unificação de Canais Digitais',Integração ao Login Único,Integração ao Login Único,high
3,MGI,delivery,eixo corrigido por cross-validation: '' → 'Unificação de Canais Digitais',Integração ao Login Único,Integração ao Login Único,high
3,MGI,delivery,eixo corrigido por cross-validation: '' → 'Unificação de Canais Digitais',Integração ao Login Único,Integração ao Login Único,high
3,MGI,delivery,eixo corrigido por cross-validation: '' → 'Unificação de Canais Digitais',Integração ao Login Único,Integração ao Login Único,high
3,MGI,delivery,eixo corrigido por cross-validation: '' → 'Unificação de Canais Digitais',Integração ao Pagtesouro,Integração ao Pagtesouro,high
3,MGI,delivery,eixo corrigido por cross-validation: '' → 'Unificação de Canais Digitais',Migração de APPs móveis para a loja do Gov.br,Migração de APPs móveis para a loja do Gov.br,high
3,MGI,delivery,eixo corrigido por cross-validation: '' → 'Unificação de Canais Digitais',Migração de Portal Institucional,Migração de Portal Institucional,high
3,MJSP,delivery,eixo corrigido por cross-validation: '' → 'Governança e Gestão de Dados',Integração à base de dados (OUTROS),Integração à base de dados,high
3,MJSP,delivery,eixo corrigido por cross-validation: '' → 'Segurança e Privacidade',"Auto-avaliação, análise de lacunas e planejamento do PPSI","Auto-avaliação, análise de lacunas e planejamento do PPSI",high
3,MJSP,delivery,eixo corrigido por cross-validation: '' → 'Segurança e Privacidade',"Auto-avaliação, análise de lacunas e planejamento do PPSI","Auto-avaliação, análise de lacunas e planejamento do PPSI",high
3,MJSP,delivery,eixo corrigido por cross-validation: '' → 'Segurança e Privacidade',"Auto-avaliação, análise de lacunas e planejamento do PPSI","Auto-avaliação, análise de lacunas e planejamento do PPSI",high
3,MJSP,delivery,eixo corrigido por cross-validation: '' → 'Segurança e Privacidade',"Auto-avaliação, análise de lacunas e planejamento do PPSI","Auto-avaliação, análise de lacunas e planejamento do PPSI",high
3,MJSP,delivery,eixo corrigido por cross-validation: '' → 'Segurança e Privacidade',"Auto-avaliação, análise de lacunas e planejamento do PPSI","Auto-avaliação, análise de lacunas e planejamento do PPSI",high
3,MJSP,delivery,eixo corrigido por cross-validation: '' → 'Segurança e Privacidade',"Auto-avaliação, análise de lacunas e planejamento do PPSI","Auto-avaliação, análise de lacunas e planejamento do PPSI",high
3,MJSP,delivery,eixo corrigido por cross-validation: '' → 'Segurança e Privacidade',"Auto-avaliação, análise de lacunas e planejamento do PPSI","Auto-avaliação, análise de lacunas e planejamento do PPSI",high
3,MJSP,delivery,eixo corrigido por cross-validation: '' → 'Segurança e Privacidade',Implementação do PPSI,Implementação do PPSI,high
3,MJSP,delivery,eixo corrigido por cross-validation: '' → 'Segurança e Privacidade',Implementação do PPSI,Implementação do PPSI,high
3,MJSP,delivery,eixo corrigido por cross-validation: '' → 'Segurança e Privacidade',Implementação do PPSI,Implementação do PPSI,high
3,MJSP,delivery,eixo corrigido por cross-validation: '' → 'Segurança e Privacidade',Implementação do PPSI,Implementação do PPSI,high
3,MJSP,delivery,eixo corrigido por cross-validation: '' → 'Segurança e Privacidade',Implementação do PPSI,Implementação do PPSI,high
3,MJSP,delivery,eixo corrigido por cross-validation: '' → 'Segurança e Privacidade',Implementação do PPSI,Implementação do PPSI,high
3,MJSP,delivery,eixo corrigido por cross-validation: '' → 'Segurança e Privacidade',Implementação do PPSI,Implementação do PPSI,high
3,MJSP,delivery,eixo corrigido por cross-validation: '' → 'Serviços Digitais e Melhoria da Qualidade',Disponibilização em Acesso Digital,Disponibilização em Acesso Digital,high
3,MJSP,delivery,eixo corrigido por cross-validation: '' → 'Serviços Digitais e Melhoria da Qualidade',Disponibilização em Acesso Digital,Disponibilização em Acesso Digital,high
3,MJSP,delivery,eixo corrigido por cross-validation: '' → 'Serviços Digitais e Melhoria da Qualidade',Disponibilização em Acesso Digital,Disponibilização em Acesso Digital,high
3,MJSP,delivery,eixo corrigido por cross-validation: '' → 'Serviços Digitais e Melhoria da Qualidade',Evolução do Serviço,Evolução do Serviço,high
3,MJSP,delivery,eixo corrigido por cross-validation: '' → 'Serviços Digitais e Melhoria da Qualidade',Evolução do Serviço,Evolução do Serviço,high
3,MJSP,delivery,eixo corrigido por cross-validation: '' → 'Serviços Digitais e Melhoria da Qualidade',Evolução do Serviço,Evolução do Serviço,high
3,MJSP,delivery,eixo corrigido por cross-validation: '' → 'Serviços Digitais e Melhoria da Qualidade',Evolução do Serviço,Evolução do Serviço,high
3,MJSP,delivery,eixo corrigido por cross-validation: '' → 'Serviços Digitais e Melhoria da Qualidade',Implantação da Experiência LabQ,Implantação da Experiência LabQ,high
3,MJSP,delivery,eixo corrigido por cross-validation: '' → 'Serviços Digitais e Melhoria da Qualidade',Implantação da Experiência LabQ,Implantação da Experiência LabQ,high
3,MJSP,delivery,eixo corrigido por cross-validation: '' → 'Serviços Digitais e Melhoria da Qualidade',Implantação da Experiência LabQ,Implantação da Experiência LabQ,high
3,MJSP,delivery,eixo corrigido por cross-validation: '' → 'Serviços Digitais e Melhoria da Qualidade',Implantação da Experiência LabQ,Implantação da Experiência LabQ,high
3,MJSP,delivery,eixo corrigido por cross-validation: '' → 'Serviços Digitais e Melhoria da Qualidade',Implantação da Experiência LabQ,Implantação da Experiência LabQ,high
3,MJSP,delivery,eixo corrigido por cross-validation: '' → 'Serviços Digitais e Melhoria da Qualidade',Implantação da Área Logada,Implantação da Área Logada Gov.Br,high
3,MJSP,delivery,eixo corrigido por cross-validation: '' → 'Serviços Digitais e Melhoria da Qualidade',Implementação do VLIBRAS,Implementação do VLIBRAS,high
3,MJSP,delivery,eixo corrigido por cross-validation: '' → 'Serviços Digitais e Melhoria da Qualidade',Integração à ferramenta de avaliação da satisfação dos usuários,Integração à ferramenta de avaliação da satisfação dos usuários,high
3,MJSP,delivery,eixo corrigido por cross-validation: '' → 'Serviços Digitais e Melhoria da Qualidade',Integração à ferramenta de avaliação da satisfação dos usuários,Integração à ferramenta de avaliação da satisfação dos usuários,high
3,MJSP,delivery,eixo corrigido por cross-validation: '' → 'Serviços Digitais e Melhoria da Qualidade',Integração à ferramenta de avaliação da satisfação dos usuários,Integração à ferramenta de avaliação da satisfação dos usuários,high
3,MJSP,delivery,eixo corrigido por cross-validation: '' → 'Serviços Digitais e Melhoria da Qualidade',Integração à ferramenta de avaliação da satisfação dos usuários,Integração à ferramenta de avaliação da satisfação dos usuários,high
3,MJSP,delivery,eixo corrigido por cross-validation: '' → 'Serviços Digitais e Melhoria da Qualidade',Integração à ferramenta de avaliação da satisfação dos usuários,Integração à ferramenta de avaliação da satisfação dos usuários,high
3,MJSP,delivery,eixo corrigido por cross-validation: '' → 'Serviços Digitais e Melhoria da Qualidade',Integração à ferramenta de avaliação da satisfação dos usuários,Integração à ferramenta de avaliação da satisfação dos usuários,high
3,MJSP,delivery,eixo corrigido por cross-validation: '' → 'Serviços Digitais e Melhoria da Qualidade',Integração à ferramenta de avaliação da satisfação dos usuários,Integração à ferramenta de avaliação da satisfação dos usuários,high
3,MJSP,delivery,eixo corrigido por cross-validation: '' → 'Serviços Digitais e Melhoria da Qualidade',Integração à ferramenta de avaliação da satisfação dos usuários,Integração à ferramenta de avaliação da satisfação dos usuários,high
3,MJSP,delivery,eixo corrigido por cross-validation: '' → 'Serviços Digitais e Melhoria da Qualidade',Integração à ferramenta de avaliação da satisfação dos usuários,Integração à ferramenta de avaliação da satisfação dos usuários,high
3,MJSP,delivery,eixo corrigido por cross-validation: '' → 'Serviços Digitais e Melhoria da Qualidade',Integração à ferramenta de avaliação da satisfação dos usuários,Integração à ferramenta de avaliação da satisfação dos usuários,high
3,MJSP,delivery,eixo corrigido por cross-validation: '' → 'Serviços Digitais e Melhoria da Qualidade',Integração à ferramenta de avaliação da satisfação dos usuários,Integração à ferramenta de avaliação da satisfação dos usuários,high
3,MJSP,delivery,eixo corrigido por cross-validation: '' → 'Serviços Digitais e Melhoria da Qualidade',Integração à ferramenta de avaliação da satisfação dos usuários,Integração à ferramenta de avaliação da satisfação dos usuários,high
3,MJSP,delivery,eixo corrigido por cross-validation: '' → 'Serviços Digitais e Melhoria da Qualidade',Integração à ferramenta de avaliação da satisfação dos usuários,Integração à ferramenta de avaliação da satisfação dos usuários,high
3,MJSP,delivery,eixo corrigido por cross-validation: '' → 'Serviços Digitais e Melhoria da Qualidade',Integração à ferramenta de avaliação da satisfação dos usuários,Integração à ferramenta de avaliação da satisfação dos usuários,high
3,MJSP,delivery,eixo corrigido por cross-validation: '' → 'Serviços Digitais e Melhoria da Qualidade',Integração à ferramenta de avaliação da satisfação dos usuários,Integração à ferramenta de avaliação da satisfação dos usuários,high
3,MJSP,delivery,eixo corrigido por cross-validation: '' → 'Serviços Digitais e Melhoria da Qualidade',Integração à ferramenta de avaliação da satisfação dos usuários,Integração à ferramenta de avaliação da satisfação dos usuários,high
3,MJSP,delivery,eixo corrigido por cross-validation: '' → 'Serviços Digitais e Melhoria da Qualidade',Integração à ferramenta de avaliação da satisfação dos usuários,Integração à ferramenta de avaliação da satisfação dos usuários,high
3,MJSP,delivery,eixo corrigido por cross-validation: '' → 'Serviços Digitais e Melhoria da Qualidade',Integração à ferramenta de avaliação da satisfação dos usuários,Integração à ferramenta de avaliação da satisfação dos usuários,high
3,MJSP,delivery,eixo corrigido por cross-validation: '' → 'Serviços Digitais e Melhoria da Qualidade',Integração à ferramenta de avaliação da satisfação dos usuários,Integração à ferramenta de avaliação da satisfação dos usuários,high
3,MJSP,delivery,eixo corrigido por cross-validation: '' → 'Serviços Digitais e Melhoria da Qualidade',Integração à ferramenta de avaliação da satisfação dos usuários,Integração à ferramenta de avaliação da satisfação dos usuários,high
3,MJSP,delivery,eixo corrigido por cross-validation: '' → 'Serviços Digitais e Melhoria da Qualidade',Integração à ferramenta de avaliação da satisfação dos usuários,Integração à ferramenta de avaliação da satisfação dos usuários,high
3,MJSP,delivery,eixo corrigido por cross-validation: '' → 'Serviços Digitais e Melhoria da Qualidade',Integração à ferramenta de avaliação da satisfação dos usuários,Integração à ferramenta de avaliação da satisfação dos usuários,high
3,MJSP,delivery,eixo corrigido por cross-validation: '' → 'Serviços Digitais e Melhoria da Qualidade',Integração à ferramenta de avaliação da satisfação dos usuários,Integração à ferramenta de avaliação da satisfação dos usuários,high
3,MJSP,delivery,eixo corrigido por cross-validation: '' → 'Serviços Digitais e Melhoria da Qualidade',Integração à ferramenta de avaliação da satisfação dos usuários,Integração à ferramenta de avaliação da satisfação dos usuários,high
3,MJSP,delivery,eixo corrigido por cross-validation: '' → 'Serviços Digitais e Melhoria da Qualidade',Integração à ferramenta de avaliação da satisfação dos usuários,Integração à ferramenta de avaliação da satisfação dos usuários,high
3,MJSP,delivery,eixo corrigido por cross-validation: '' → 'Serviços Digitais e Melhoria da Qualidade',Integração à ferramenta de avaliação da satisfação dos usuários,Integração à ferramenta de avaliação da satisfação dos usuários,high
3,MJSP,delivery,eixo corrigido por cross-validation: '' → 'Serviços Digitais e Melhoria da Qualidade',Integração à ferramenta de avaliação da satisfação dos usuários,Integração à ferramenta de avaliação da satisfação dos usuários,high
3,MJSP,delivery,eixo corrigido por cross-validation: '' → 'Serviços Digitais e Melhoria da Qualidade',Integração à ferramenta de avaliação da satisfação dos usuários,Integração à ferramenta de avaliação da satisfação dos usuários,high
3,MJSP,delivery,eixo corrigido por cross-validation: '' → 'Serviços Digitais e Melhoria da Qualidade',Integração à ferramenta de avaliação da satisfação dos usuários,Integração à ferramenta de avaliação da satisfação dos usuários,high
3,MJSP,delivery,eixo corrigido por cross-validation: '' → 'Serviços Digitais e Melhoria da Qualidade',Integração à ferramenta de avaliação da satisfação dos usuários,Integração à ferramenta de avaliação da satisfação dos usuários,high
3,MJSP,delivery,eixo corrigido por cross-validation: '' → 'Serviços Digitais e Melhoria da Qualidade',Integração à ferramenta de avaliação da satisfação dos usuários,Integração à ferramenta de avaliação da satisfação dos usuários,high
3,MJSP,delivery,eixo corrigido por cross-validation: '' → 'Serviços Digitais e Melhoria da Qualidade',Integração à ferramenta de avaliação da satisfação dos usuários,Integração à ferramenta de avaliação da satisfação dos usuários,high
3,MJSP,delivery,eixo corrigido por cross-validation: '' → 'Serviços Digitais e Melhoria da Qualidade',Integração à ferramenta de avaliação da satisfação dos usuários,Integração à ferramenta de avaliação da satisfação dos usuários,high
3,MJSP,delivery,eixo corrigido por cross-validation: '' → 'Serviços Digitais e Melhoria da Qualidade',Integração à ferramenta de avaliação da satisfação dos usuários,Integração à ferramenta de avaliação da satisfação dos usuários,high
3,MJSP,delivery,eixo corrigido por cross-validation: '' → 'Serviços Digitais e Melhoria da Qualidade',Integração à ferramenta de avaliação da satisfação dos usuários,Integração à ferramenta de avaliação da satisfação dos usuários,high
3,MJSP,delivery,eixo corrigido por cross-validation: '' → 'Serviços Digitais e Melhoria da Qualidade',Integração à ferramenta de avaliação da satisfação dos usuários,Integração à ferramenta de avaliação da satisfação dos usuários,high
3,MJSP,delivery,eixo corrigido por cross-validation: '' → 'Serviços Digitais e Melhoria da Qualidade',Integração à ferramenta de avaliação da satisfação dos usuários,Integração à ferramenta de avaliação da satisfação dos usuários,high
3,MJSP,delivery,eixo corrigido por cross-validation: '' → 'Serviços Digitais e Melhoria da Qualidade',Integração à ferramenta de avaliação da satisfação dos usuários,Integração à ferramenta de avaliação da satisfação dos usuários,high
3,MJSP,delivery,eixo corrigido por cross-validation: '' → 'Serviços Digitais e Melhoria da Qualidade',Integração à ferramenta de avaliação da satisfação dos usuários,Integração à ferramenta de avaliação da satisfação dos usuários,high
3,MJSP,delivery,eixo corrigido por cross-validation: '' → 'Serviços Digitais e Melhoria da Qualidade',Integração à ferramenta de avaliação da satisfação dos usuários,Integração à ferramenta de avaliação da satisfação dos usuários,high
3,MJSP,delivery,eixo corrigido por cross-validation: '' → 'Serviços Digitais e Melhoria da Qualidade',Integração à ferramenta de avaliação da satisfação dos usuários,Integração à ferramenta de avaliação da satisfação dos usuários,high
3,MJSP,delivery,eixo corrigido por cross-validation: '' → 'Serviços Digitais e Melhoria da Qualidade',Realização de Autodiagnóstico de Qualidade,Realização de Autodiagnóstico de Qualidade,high
3,MJSP,delivery,eixo corrigido por cross-validation: '' → 'Serviços Digitais e Melhoria da Qualidade',Realização de Autodiagnóstico de Qualidade,Realização de Autodiagnóstico de Qualidade,high
3,MJSP,delivery,eixo corrigido por cross-validation: '' → 'Serviços Digitais e Melhoria da Qualidade',Realização de Autodiagnóstico de Qualidade,Realização de Autodiagnóstico de Qualidade,high
3,MJSP,delivery,eixo corrigido por cross-validation: '' → 'Serviços Digitais e Melhoria da Qualidade',Realização de Autodiagnóstico de Qualidade,Realização de Autodiagnóstico de Qualidade,high
3,MJSP,delivery,eixo corrigido por cross-validation: '' → 'Serviços Digitais e Melhoria da Qualidade',Revisão da descrição dos serviços,Revisão da descrição dos serviços,high
3,MJSP,delivery,eixo corrigido por cross-validation: '' → 'Serviços Digitais e Melhoria da Qualidade',Revisão da descrição dos serviços,Revisão da descrição dos serviços,high
3,MJSP,delivery,eixo corrigido por cross-validation: '' → 'Serviços Digitais e Melhoria da Qualidade',Revisão da descrição dos serviços,Revisão da descrição dos serviços,high
3,MJSP,delivery,eixo corrigido por cross-validation: '' → 'Serviços Digitais e Melhoria da Qualidade',Revisão da descrição dos serviços,Revisão da descrição dos serviços,high
3,MJSP,delivery,eixo corrigido por cross-validation: '' → 'Serviços Digitais e Melhoria da Qualidade',Revisão da descrição dos serviços,Revisão da descrição dos serviços,high
3,MJSP,delivery,eixo corrigido por cross-validation: '' → 'Unificação de Canais Digitais',Implantação do Design System,Implantação do Design System,high
3,MJSP,delivery,eixo corrigido por cross-validation: '' → 'Unificação de Canais Digitais',Implantação do Design System,Implantação do Design System,high
3,MJSP,delivery,eixo corrigido por cross-validation: '' → 'Unificação de Canais Digitais',Integração ao Login Único,Integração ao Login Único,high
3,MJSP,delivery,eixo corrigido por cross-validation: '' → 'Unificação de Canais Digitais',Integração ao Login Único,Integração ao Login Único,high
3,MJSP,delivery,eixo corrigido por cross-validation: '' → 'Unificação de Canais Digitais',Integração ao Login Único,Integração ao Login Único,high
3,MJSP,delivery,eixo corrigido por cross-validation: '' → 'Unificação de Canais Digitais',Integração ao Login Único,Integração ao Login Único,high
3,MJSP,delivery,eixo corrigido por cross-validation: '' → 'Unificação de Canais Digitais',Integração ao Login Único,Integração ao Login Único,high
3,MJSP,delivery,eixo corrigido por cross-validation: '' → 'Unificação de Canais Digitais',Integração ao Login Único,Integração ao Login Único,high
3,MJSP,delivery,eixo corrigido por cross-validation: '' → 'Unificação de Canais Digitais',Integração ao Login Único,Integração ao Login Único,high
3,MJSP,delivery,eixo corrigido por cross-validation: '' → 'Unificação de Canais Digitais',Integração ao Login Único,Integração ao Login Único,high
3,MJSP,delivery,eixo corrigido por cross-validation: '' → 'Unificação de Canais Digitais',Integração ao Login Único,Integração ao Login Único,high
3,MJSP,delivery,eixo corrigido por cross-validation: '' → 'Unificação de Canais Digitais',Integração ao Login Único,Integração ao Login Único,high
3,MJSP,delivery,eixo corrigido por cross-validation: '' → 'Unificação de Canais Digitais',Integração ao Login Único,Integração ao Login Único,high
3,MJSP,delivery,eixo corrigido por cross-validation: '' → 'Unificação de Canais Digitais',Integração ao Login Único,Integração ao Login Único,high
3,MJSP,delivery,eixo corrigido por cross-validation: '' → 'Unificação de Canais Digitais',Integração ao Login Único,Integração ao Login Único,high
3,MJSP,delivery,eixo corrigido por cross-validation: '' → 'Unificação de Canais Digitais',Integração ao Login Único,Integração ao Login Único,high
3,MJSP,delivery,eixo corrigido por cross-validation: '' → 'Unificação de Canais Digitais',Integração ao Login Único,Integração ao Login Único,high
3,MJSP,delivery,eixo corrigido por cross-validation: '' → 'Unificação de Canais Digitais',Integração ao Login Único,Integração ao Login Único,high
3,MJSP,delivery,eixo corrigido por cross-validation: '' → 'Unificação de Canais Digitais',Integração ao Login Único,Integração ao Login Único,high
3,MJSP,delivery,eixo corrigido por cross-validation: '' → 'Unificação de Canais Digitais',Integração ao Pagtesouro,Integração ao Pagtesouro,high
3,MJSP,delivery,eixo corrigido por cross-validation: '' → 'Unificação de Canais Digitais',Integração ao Pagtesouro,Integração ao Pagtesouro,high
3,MJSP,delivery,eixo corrigido por cross-validation: '' → 'Unificação de Canais Digitais',Integração com Assinatura Digital Gov.br,Integração com Assinatura Digital Gov.br,high
3,MJSP,delivery,eixo corrigido por cross-validation: '' → 'Unificação de Canais Digitais',Migração de APPs móveis para a loja do Gov.br,Migração de APPs móveis para a loja do Gov.br,high
3,MJSP,delivery,eixo corrigido por cross-validation: '' → 'Unificação de Canais Digitais',Migração de APPs móveis para a loja do Gov.br,Migração de APPs móveis para a loja do Gov.br,high
3,MJSP,delivery,eixo corrigido por cross-validation: '' → 'Unificação de Canais Digitais',Migração de APPs móveis para a loja do Gov.br,Migração de APPs móveis para a loja do Gov.br,high
3,MJSP,delivery,eixo corrigido por cross-validation: '' → 'Unificação de Canais Digitais',Migração de Portal Institucional,Migração de Portal Institucional,high
3,MJSP,delivery,eixo corrigido por cross-validation: '' → 'Unificação de Canais Digitais',Migração de Serviço para Plataforma Unificada,Migração de Serviço para Plataforma Unificada,high
3,MME,delivery,produto Outros; eixo corrigido: 'Governança e Gestão de Dados' → 'Projetos Especiais',Outros,Outros,high
3,MME,delivery,produto Outros; eixo corrigido: 'Governança e Gestão de Dados' → 'Projetos Especiais',Outros,Outros,high
3,MPA,delivery,eixo corrigido por cross-validation: '' → 'Governança e Gestão de Dados',Integração à base de dados (OUTROS),Integração à base de dados,high
3,MPA,delivery,eixo corrigido por cross-validation: '' → 'Segurança e Privacidade',"Auto-avaliação, análise de lacunas e planejamento do PPSI","Auto-avaliação, análise de lacunas e planejamento do PPSI",high
3,MPA,delivery,eixo corrigido por cross-validation: '' → 'Segurança e Privacidade',"Auto-avaliação, análise de lacunas e planejamento do PPSI","Auto-avaliação, análise de lacunas e planejamento do PPSI",high
3,MPA,delivery,eixo corrigido por cross-validation: '' → 'Segurança e Privacidade',"Auto-avaliação, análise de lacunas e planejamento do PPSI","Auto-avaliação, análise de lacunas e planejamento do PPSI",high
3,MPA,delivery,eixo corrigido por cross-validation: '' → 'Segurança e Privacidade',"Auto-avaliação, análise de lacunas e planejamento do PPSI","Auto-avaliação, análise de lacunas e planejamento do PPSI",high
3,MPA,delivery,eixo corrigido por cross-validation: '' → 'Segurança e Privacidade',"Auto-avaliação, análise de lacunas e planejamento do PPSI","Auto-avaliação, análise de lacunas e planejamento do PPSI",high
3,MPA,delivery,eixo corrigido por cross-validation: '' → 'Segurança e Privacidade',"Auto-avaliação, análise de lacunas e planejamento do PPSI","Auto-avaliação, análise de lacunas e planejamento do PPSI",high
3,MPA,delivery,eixo corrigido por cross-validation: '' → 'Segurança e Privacidade',"Auto-avaliação, análise de lacunas e planejamento do PPSI","Auto-avaliação, análise de lacunas e planejamento do PPSI",high
3,MPA,delivery,eixo corrigido por cross-validation: '' → 'Segurança e Privacidade',Implementação do PPSI,Implementação do PPSI,high
3,MPA,delivery,eixo corrigido por cross-validation: '' → 'Segurança e Privacidade',Implementação do PPSI,Implementação do PPSI,high
3,MPA,delivery,eixo corrigido por cross-validation: '' → 'Segurança e Privacidade',Implementação do PPSI,Implementação do PPSI,high
3,MPA,delivery,eixo corrigido por cross-validation: '' → 'Segurança e Privacidade',Implementação do PPSI,Implementação do PPSI,high
3,MPA,delivery,eixo corrigido por cross-validation: '' → 'Segurança e Privacidade',Implementação do PPSI,Implementação do PPSI,high
3,MPA,delivery,eixo corrigido por cross-validation: '' → 'Segurança e Privacidade',Implementação do PPSI,Implementação do PPSI,high
3,MPA,delivery,eixo corrigido por cross-validation: '' → 'Segurança e Privacidade',Implementação do PPSI,Implementação do PPSI,high
3,MPA,delivery,eixo corrigido por cross-validation: '' → 'Serviços Digitais e Melhoria da Qualidade',Disponibilização em Acesso Digital,Disponibilização em Acesso Digital,high
3,MPA,delivery,eixo corrigido por cross-validation: '' → 'Serviços Digitais e Melhoria da Qualidade',Disponibilização em Acesso Digital,Disponibilização em Acesso Digital,high
3,MPA,delivery,eixo corrigido por cross-validation: '' → 'Serviços Digitais e Melhoria da Qualidade',Disponibilização em Acesso Digital,Disponibilização em Acesso Digital,high
3,MPA,delivery,eixo corrigido por cross-validation: '' → 'Serviços Digitais e Melhoria da Qualidade',Disponibilização em Acesso Digital,Disponibilização em Acesso Digital,high
3,MPA,delivery,eixo corrigido por cross-validation: '' → 'Serviços Digitais e Melhoria da Qualidade',Disponibilização em Acesso Digital,Disponibilização em Acesso Digital,high
3,MPA,delivery,eixo corrigido por cross-validation: '' → 'Serviços Digitais e Melhoria da Qualidade',Disponibilização em Acesso Digital,Disponibilização em Acesso Digital,high
3,MPA,delivery,eixo corrigido por cross-validation: '' → 'Serviços Digitais e Melhoria da Qualidade',Disponibilização em Acesso Digital,Disponibilização em Acesso Digital,high
3,MPA,delivery,eixo corrigido por cross-validation: '' → 'Serviços Digitais e Melhoria da Qualidade',Disponibilização em Acesso Digital,Disponibilização em Acesso Digital,high
3,MPA,delivery,eixo corrigido por cross-validation: '' → 'Serviços Digitais e Melhoria da Qualidade',Disponibilização em Acesso Digital,Disponibilização em Acesso Digital,high
3,MPA,delivery,eixo corrigido por cross-validation: '' → 'Serviços Digitais e Melhoria da Qualidade',Disponibilização em Acesso Digital,Disponibilização em Acesso Digital,high
3,MPA,delivery,eixo corrigido por cross-validation: '' → 'Serviços Digitais e Melhoria da Qualidade',Disponibilização em Acesso Digital,Disponibilização em Acesso Digital,high
3,MPA,delivery,eixo corrigido por cross-validation: '' → 'Serviços Digitais e Melhoria da Qualidade',Evolução do Serviço,Evolução do Serviço,high
3,MPA,delivery,eixo corrigido por cross-validation: '' → 'Serviços Digitais e Melhoria da Qualidade',Evolução do Serviço,Evolução do Serviço,high
3,MPA,delivery,eixo corrigido por cross-validation: '' → 'Serviços Digitais e Melhoria da Qualidade',Integração à ferramenta de avaliação da satisfação dos usuários,Integração à ferramenta de avaliação da satisfação dos usuários,high
3,MPA,delivery,eixo corrigido por cross-validation: '' → 'Serviços Digitais e Melhoria da Qualidade',Integração à ferramenta de avaliação da satisfação dos usuários,Integração à ferramenta de avaliação da satisfação dos usuários,high
3,MPA,delivery,eixo corrigido por cross-validation: '' → 'Serviços Digitais e Melhoria da Qualidade',Integração à ferramenta de avaliação da satisfação dos usuários,Integração à ferramenta de avaliação da satisfação dos usuários,high
3,MPA,delivery,eixo corrigido por cross-validation: '' → 'Serviços Digitais e Melhoria da Qualidade',Integração à ferramenta de avaliação da satisfação dos usuários,Integração à ferramenta de avaliação da satisfação dos usuários,high
3,MPA,delivery,eixo corrigido por cross-validation: '' → 'Serviços Digitais e Melhoria da Qualidade',Integração à ferramenta de avaliação da satisfação dos usuários,Integração à ferramenta de avaliação da satisfação dos usuários,high
3,MPA,delivery,eixo corrigido por cross-validation: '' → 'Serviços Digitais e Melhoria da Qualidade',Integração à ferramenta de avaliação da satisfação dos usuários,Integração à ferramenta de avaliação da satisfação dos usuários,high
3,MPA,delivery,eixo corrigido por cross-validation: '' → 'Serviços Digitais e Melhoria da Qualidade',Integração à ferramenta de avaliação da satisfação dos usuários,Integração à ferramenta de avaliação da satisfação dos usuários,high
3,MPA,delivery,eixo corrigido por cross-validation: '' → 'Serviços Digitais e Melhoria da Qualidade',Integração à ferramenta de avaliação da satisfação dos usuários,Integração à ferramenta de avaliação da satisfação dos usuários,high
3,MPA,delivery,eixo corrigido por cross-validation: '' → 'Serviços Digitais e Melhoria da Qualidade',Integração à ferramenta de avaliação da satisfação dos usuários,Integração à ferramenta de avaliação da satisfação dos usuários,high
3,MPA,delivery,eixo corrigido por cross-validation: '' → 'Serviços Digitais e Melhoria da Qualidade',Integração à ferramenta de avaliação da satisfação dos usuários,Integração à ferramenta de avaliação da satisfação dos usuários,high
3,MPA,delivery,eixo corrigido por cross-validation: '' → 'Serviços Digitais e Melhoria da Qualidade',Revisão da descrição dos serviços,Revisão da descrição dos serviços,high
3,MPA,delivery,eixo corrigido por cross-validation: '' → 'Serviços Digitais e Melhoria da Qualidade',Revisão da descrição dos serviços,Revisão da descrição dos serviços,high
3,MPA,delivery,eixo corrigido por cross-validation: '' → 'Serviços Digitais e Melhoria da Qualidade',Revisão da descrição dos serviços,Revisão da descrição dos serviços,high
3,MPA,delivery,eixo corrigido por cross-validation: '' → 'Serviços Digitais e Melhoria da Qualidade',Revisão da descrição dos serviços,Revisão da descrição dos serviços,high
3,MPA,delivery,eixo corrigido por cross-validation: '' → 'Serviços Digitais e Melhoria da Qualidade',Revisão da descrição dos serviços,Revisão da descrição dos serviços,high
3,MPA,delivery,eixo corrigido por cross-validation: '' → 'Serviços Digitais e Melhoria da Qualidade',Revisão da descrição dos serviços,Revisão da descrição dos serviços,high
3,MPA,delivery,eixo corrigido por cross-validation: '' → 'Serviços Digitais e Melhoria da Qualidade',Revisão da descrição dos serviços,Revisão da descrição dos serviços,high
3,MPA,delivery,eixo corrigido por cross-validation: '' → 'Serviços Digitais e Melhoria da Qualidade',Revisão da descrição dos serviços,Revisão da descrição dos serviços,high
3,MPA,delivery,eixo corrigido por cross-validation: '' → 'Serviços Digitais e Melhoria da Qualidade',Revisão da descrição dos serviços,Revisão da descrição dos serviços,high
3,MPA,delivery,eixo corrigido por cross-validation: '' → 'Serviços Digitais e Melhoria da Qualidade',Revisão da descrição dos serviços,Revisão da descrição dos serviços,high
3,MPA,delivery,eixo corrigido por cross-validation: '' → 'Serviços Digitais e Melhoria da Qualidade',Revisão da descrição dos serviços,Revisão da descrição dos serviços,high
3,MPA,delivery,eixo corrigido por cross-validation: '' → 'Serviços Digitais e Melhoria da Qualidade',Revisão da descrição dos serviços,Revisão da descrição dos serviços,high
3,MPA,delivery,eixo corrigido por cross-validation: '' → 'Serviços Digitais e Melhoria da Qualidade',Revisão da descrição dos serviços,Revisão da descrição dos serviços,high
3,MPA,delivery,eixo corrigido por cross-validation: '' → 'Serviços Digitais e Melhoria da Qualidade',Revisão da descrição dos serviços,Revisão da descrição dos serviços,high
3,MPA,delivery,eixo corrigido por cross-validation: '' → 'Serviços Digitais e Melhoria da Qualidade',Revisão da descrição dos serviços,Revisão da descrição dos serviços,high
3,MPA,delivery,eixo corrigido por cross-validation: '' → 'Serviços Digitais e Melhoria da Qualidade',Revisão da descrição dos serviços,Revisão da descrição dos serviços,high
3,MPA,delivery,eixo corrigido por cross-validation: '' → 'Serviços Digitais e Melhoria da Qualidade',Revisão da descrição dos serviços,Revisão da descrição dos serviços,high
3,MPA,delivery,eixo corrigido por cross-validation: '' → 'Unificação de Canais Digitais',Integração ao Login Único,Integração ao Login Único,high
3,MPA,delivery,eixo corrigido por cross-validation: '' → 'Unificação de Canais Digitais',Integração ao Login Único,Integração ao Login Único,high
3,MPA,delivery,eixo corrigido por cross-validation: '' → 'Unificação de Canais Digitais',Integração ao Login Único,Integração ao Login Único,high
3,MPA,delivery,eixo corrigido por cross-validation: '' → 'Unificação de Canais Digitais',Integração ao Login Único,Integração ao Login Único,high
3,MPA,delivery,eixo corrigido por cross-validation: '' → 'Unificação de Canais Digitais',Integração ao Login Único,Integração ao Login Único,high
3,MPA,delivery,eixo corrigido por cross-validation: '' → 'Unificação de Canais Digitais',Integração ao Login Único,Integração ao Login Único,high
3,MPA,delivery,eixo corrigido por cross-validation: '' → 'Unificação de Canais Digitais',Integração ao Login Único,Integração ao Login Único,high
3,MPA,delivery,eixo corrigido por cross-validation: '' → 'Unificação de Canais Digitais',Integração ao Login Único,Integração ao Login Único,high
3,MPA,delivery,eixo corrigido por cross-validation: '' → 'Unificação de Canais Digitais',Integração ao Login Único,Integração ao Login Único,high
3,MPA,delivery,eixo corrigido por cross-validation: '' → 'Unificação de Canais Digitais',Integração ao Pagtesouro,Integração ao Pagtesouro,high
3,MPA,delivery,eixo corrigido por cross-validation: '' → 'Unificação de Canais Digitais',Migração de APPs móveis para a loja do Gov.br,Migração de APPs móveis para a loja do Gov.br,high
3,MPI,delivery,eixo corrigido por cross-validation: '' → 'Governança e Gestão de Dados',Integração à base de dados (OUTROS),Integração à base de dados,high
3,MPI,delivery,eixo corrigido por cross-validation: '' → 'Governança e Gestão de Dados',Integração à base de dados (OUTROS),Integração à base de dados,high
3,MPI,delivery,eixo corrigido por cross-validation: '' → 'Governança e Gestão de Dados',Integração à base de dados (OUTROS),Integração à base de dados,high
3,MPI,delivery,eixo corrigido por cross-validation: '' → 'Governança e Gestão de Dados',Integração à base de dados (OUTROS),Integração à base de dados,high
3,MPI,delivery,eixo corrigido por cross-validation: '' → 'Governança e Gestão de Dados',Integração à base de dados (OUTROS),Integração à base de dados,high
3,MPI,delivery,eixo corrigido por cross-validation: '' → 'Governança e Gestão de Dados',Integração à base de dados (OUTROS),Integração à base de dados,high
3,MPI,delivery,eixo corrigido por cross-validation: '' → 'Governança e Gestão de Dados',Integração à base de dados (OUTROS),Integração à base de dados,high
3,MPI,delivery,eixo corrigido por cross-validation: '' → 'Governança e Gestão de Dados',Integração à base de dados (OUTROS),Integração à base de dados,high
3,MPI,delivery,eixo corrigido por cross-validation: '' → 'Governança e Gestão de Dados',Integração à base de dados (OUTROS),Integração à base de dados,high
3,MPI,delivery,eixo corrigido por cross-validation: '' → 'Governança e Gestão de Dados',Integração à base de dados (OUTROS),Integração à base de dados,high
3,MPI,delivery,eixo corrigido por cross-validation: '' → 'Segurança e Privacidade',"Auto-avaliação, análise de lacunas e planejamento do PPSI","Auto-avaliação, análise de lacunas e planejamento do PPSI",high
3,MPI,delivery,eixo corrigido por cross-validation: '' → 'Segurança e Privacidade',"Auto-avaliação, análise de lacunas e planejamento do PPSI","Auto-avaliação, análise de lacunas e planejamento do PPSI",high
3,MPI,delivery,eixo corrigido por cross-validation: '' → 'Segurança e Privacidade',"Auto-avaliação, análise de lacunas e planejamento do PPSI","Auto-avaliação, análise de lacunas e planejamento do PPSI",high
3,MPI,delivery,eixo corrigido por cross-validation: '' → 'Segurança e Privacidade',"Auto-avaliação, análise de lacunas e planejamento do PPSI","Auto-avaliação, análise de lacunas e planejamento do PPSI",high
3,MPI,delivery,eixo corrigido por cross-validation: '' → 'Segurança e Privacidade',"Auto-avaliação, análise de lacunas e planejamento do PPSI","Auto-avaliação, análise de lacunas e planejamento do PPSI",high
3,MPI,delivery,eixo corrigido por cross-validation: '' → 'Segurança e Privacidade',"Auto-avaliação, análise de lacunas e planejamento do PPSI","Auto-avaliação, análise de lacunas e planejamento do PPSI",high
3,MPI,delivery,eixo corrigido por cross-validation: '' → 'Segurança e Privacidade',"Auto-avaliação, análise de lacunas e planejamento do PPSI","Auto-avaliação, análise de lacunas e planejamento do PPSI",high
3,MPI,delivery,eixo corrigido por cross-validation: '' → 'Segurança e Privacidade',"Auto-avaliação, análise de lacunas e planejamento do PPSI","Auto-avaliação, análise de lacunas e planejamento do PPSI",high
3,MPI,delivery,eixo corrigido por cross-validation: '' → 'Segurança e Privacidade',Implementação do PPSI,Implementação do PPSI,high
3,MPI,delivery,eixo corrigido por cross-validation: '' → 'Segurança e Privacidade',Implementação do PPSI,Implementação do PPSI,high
3,MPI,delivery,eixo corrigido por cross-validation: '' → 'Segurança e Privacidade',Implementação do PPSI,Implementação do PPSI,high
3,MPI,delivery,eixo corrigido por cross-validation: '' → 'Segurança e Privacidade',Implementação do PPSI,Implementação do PPSI,high
3,MPI,delivery,eixo corrigido por cross-validation: '' → 'Segurança e Privacidade',Implementação do PPSI,Implementação do PPSI,high
3,MPI,delivery,eixo corrigido por cross-validation: '' → 'Segurança e Privacidade',Implementação do PPSI,Implementação do PPSI,high
3,MPI,delivery,eixo corrigido por cross-validation: '' → 'Segurança e Privacidade',Implementação do PPSI,Implementação do PPSI,high
3,MPI,delivery,eixo corrigido por cross-validation: '' → 'Segurança e Privacidade',Implementação do PPSI,Implementação do PPSI,high
3,MPI,delivery,eixo corrigido por cross-validation: '' → 'Serviços Digitais e Melhoria da Qualidade',Disponibilização em Acesso Digital,Disponibilização em Acesso Digital,high
3,MPI,delivery,eixo corrigido por cross-validation: '' → 'Serviços Digitais e Melhoria da Qualidade',Evolução do Serviço,Evolução do Serviço,high
3,MPI,delivery,eixo corrigido por cross-validation: '' → 'Serviços Digitais e Melhoria da Qualidade',Implantação da Experiência LabQ,Implantação da Experiência LabQ,high
3,MPI,delivery,eixo corrigido por cross-validation: '' → 'Serviços Digitais e Melhoria da Qualidade',Implantação da Área Logada,Implantação da Área Logada Gov.Br,high
3,MPI,delivery,eixo corrigido por cross-validation: '' → 'Serviços Digitais e Melhoria da Qualidade',Implementação do VLIBRAS,Implementação do VLIBRAS,high
3,MPI,delivery,eixo corrigido por cross-validation: '' → 'Serviços Digitais e Melhoria da Qualidade',Integração à ferramenta de avaliação da satisfação dos usuários,Integração à ferramenta de avaliação da satisfação dos usuários,high
3,MPI,delivery,eixo corrigido por cross-validation: '' → 'Serviços Digitais e Melhoria da Qualidade',Realização de Autodiagnóstico de Qualidade,Realização de Autodiagnóstico de Qualidade,high
3,MPI,delivery,eixo corrigido por cross-validation: '' → 'Serviços Digitais e Melhoria da Qualidade',Revisão da descrição dos serviços,Revisão da descrição dos serviços,high
3,MPI,delivery,eixo corrigido por cross-validation: '' → 'Unificação de Canais Digitais',Implantação do Design System,Implantação do Design System,high
3,MPI,delivery,eixo corrigido por cross-validation: '' → 'Unificação de Canais Digitais',Integração ao Login Único,Integração ao Login Único,high
3,MPI,delivery,eixo corrigido por cross-validation: '' → 'Unificação de Canais Digitais',Integração ao Pagtesouro,Integração ao Pagtesouro,high
3,MPI,delivery,eixo corrigido por cross-validation: '' → 'Unificação de Canais Digitais',Integração com Assinatura Digital Gov.br,Integração com Assinatura Digital Gov.br,high
3,MPI,delivery,eixo corrigido por cross-validation: '' → 'Unificação de Canais Digitais',Migração de APPs móveis para a loja do Gov.br,Migração de APPs móveis para a loja do Gov.br,high
3,MPI,delivery,eixo corrigido por cross-validation: '' → 'Unificação de Canais Digitais',Migração de Portal Institucional,Migração de Portal Institucional,high
3,MPI,delivery,eixo corrigido por cross-validation: '' → 'Unificação de Canais Digitais',Migração de Portal Institucional,Migração de Portal Institucional,high
3,MPI,delivery,eixo corrigido por cross-validation: '' → 'Unificação de Canais Digitais',Migração de Serviço para Plataforma Unificada,Migração de Serviço para Plataforma Unificada,high
3,MPS,delivery,eixo corrigido por cross-validation: '' → 'Segurança e Privacidade',"Auto-avaliação, análise de lacunas e planejamento do PPSI","Auto-avaliação, análise de lacunas e planejamento do PPSI",high
3,MPS,delivery,eixo corrigido por cross-validation: '' → 'Segurança e Privacidade',"Auto-avaliação, análise de lacunas e planejamento do PPSI","Auto-avaliação, análise de lacunas e planejamento do PPSI",high
3,MPS,delivery,eixo corrigido por cross-validation: '' → 'Segurança e Privacidade',"Auto-avaliação, análise de lacunas e planejamento do PPSI","Auto-avaliação, análise de lacunas e planejamento do PPSI",high
3,MPS,delivery,eixo corrigido por cross-validation: '' → 'Segurança e Privacidade',"Auto-avaliação, análise de lacunas e planejamento do PPSI","Auto-avaliação, análise de lacunas e planejamento do PPSI",high
3,MPS,delivery,eixo corrigido por cross-validation: '' → 'Segurança e Privacidade',Implementação do PPSI,Implementação do PPSI,high
3,MPS,delivery,eixo corrigido por cross-validation: '' → 'Segurança e Privacidade',Implementação do PPSI,Implementação do PPSI,high
3,MPS,delivery,eixo corrigido por cross-validation: '' → 'Segurança e Privacidade',Implementação do PPSI,Implementação do PPSI,high
3,MPS,delivery,eixo corrigido por cross-validation: '' → 'Segurança e Privacidade',Implementação do PPSI,Implementação do PPSI,high
3,MPS,delivery,eixo corrigido por cross-validation: '' → 'Serviços Digitais e Melhoria da Qualidade',Disponibilização em Acesso Digital,Disponibilização em Acesso Digital,high
3,MPS,delivery,eixo corrigido por cross-validation: '' → 'Serviços Digitais e Melhoria da Qualidade',Disponibilização em Acesso Digital,Disponibilização em Acesso Digital,high
3,MPS,delivery,eixo corrigido por cross-validation: '' → 'Serviços Digitais e Melhoria da Qualidade',Disponibilização em Acesso Digital,Disponibilização em Acesso Digital,high
3,MPS,delivery,eixo corrigido por cross-validation: '' → 'Serviços Digitais e Melhoria da Qualidade',Disponibilização em Acesso Digital,Disponibilização em Acesso Digital,high
3,MPS,delivery,eixo corrigido por cross-validation: '' → 'Serviços Digitais e Melhoria da Qualidade',Disponibilização em Acesso Digital,Disponibilização em Acesso Digital,high
3,MPS,delivery,eixo corrigido por cross-validation: '' → 'Serviços Digitais e Melhoria da Qualidade',Disponibilização em Acesso Digital,Disponibilização em Acesso Digital,high
3,MPS,delivery,eixo corrigido por cross-validation: '' → 'Serviços Digitais e Melhoria da Qualidade',Disponibilização em Acesso Digital,Disponibilização em Acesso Digital,high
3,MPS,delivery,eixo corrigido por cross-validation: '' → 'Serviços Digitais e Melhoria da Qualidade',Integração à ferramenta de avaliação da satisfação dos usuários,Integração à ferramenta de avaliação da satisfação dos usuários,high
3,MPS,delivery,eixo corrigido por cross-validation: '' → 'Serviços Digitais e Melhoria da Qualidade',Integração à ferramenta de avaliação da satisfação dos usuários,Integração à ferramenta de avaliação da satisfação dos usuários,high
3,MPS,delivery,eixo corrigido por cross-validation: '' → 'Serviços Digitais e Melhoria da Qualidade',Integração à ferramenta de avaliação da satisfação dos usuários,Integração à ferramenta de avaliação da satisfação dos usuários,high
3,MPS,delivery,eixo corrigido por cross-validation: '' → 'Serviços Digitais e Melhoria da Qualidade',Integração à ferramenta de avaliação da satisfação dos usuários,Integração à ferramenta de avaliação da satisfação dos usuários,high
3,MPS,delivery,eixo corrigido por cross-validation: '' → 'Serviços Digitais e Melhoria da Qualidade',Integração à ferramenta de avaliação da satisfação dos usuários,Integração à ferramenta de avaliação da satisfação dos usuários,high
3,MPS,delivery,eixo corrigido por cross-validation: '' → 'Serviços Digitais e Melhoria da Qualidade',Integração à ferramenta de avaliação da satisfação dos usuários,Integração à ferramenta de avaliação da satisfação dos usuários,high
3,MPS,delivery,eixo corrigido por cross-validation: '' → 'Serviços Digitais e Melhoria da Qualidade',Integração à ferramenta de avaliação da satisfação dos usuários,Integração à ferramenta de avaliação da satisfação dos usuários,high
3,MPS,delivery,eixo corrigido por cross-validation: '' → 'Serviços Digitais e Melhoria da Qualidade',Realização de Autodiagnóstico de Qualidade,Realização de Autodiagnóstico de Qualidade,high
3,MPS,delivery,eixo corrigido por cross-validation: '' → 'Serviços Digitais e Melhoria da Qualidade',Realização de Autodiagnóstico de Qualidade,Realização de Autodiagnóstico de Qualidade,high
3,MPS,delivery,eixo corrigido por cross-validation: '' → 'Serviços Digitais e Melhoria da Qualidade',Realização de Autodiagnóstico de Qualidade,Realização de Autodiagnóstico de Qualidade,high
3,MPS,delivery,eixo corrigido por cross-validation: '' → 'Serviços Digitais e Melhoria da Qualidade',Realização de Autodiagnóstico de Qualidade,Realização de Autodiagnóstico de Qualidade,high
3,MPS,delivery,eixo corrigido por cross-validation: '' → 'Serviços Digitais e Melhoria da Qualidade',Realização de Autodiagnóstico de Qualidade,Realização de Autodiagnóstico de Qualidade,high
3,MPS,delivery,eixo corrigido por cross-validation: '' → 'Serviços Digitais e Melhoria da Qualidade',Realização de Autodiagnóstico de Qualidade,Realização de Autodiagnóstico de Qualidade,high
3,MPS,delivery,eixo corrigido por cross-validation: '' → 'Serviços Digitais e Melhoria da Qualidade',Realização de Autodiagnóstico de Qualidade,Realização de Autodiagnóstico de Qualidade,high
3,MPS,delivery,eixo corrigido por cross-validation: '' → 'Serviços Digitais e Melhoria da Qualidade',Realização de Autodiagnóstico de Qualidade,Realização de Autodiagnóstico de Qualidade,high
3,MPS,delivery,eixo corrigido por cross-validation: '' → 'Serviços Digitais e Melhoria da Qualidade',Realização de Autodiagnóstico de Qualidade,Realização de Autodiagnóstico de Qualidade,high
3,MPS,delivery,eixo corrigido por cross-validation: '' → 'Serviços Digitais e Melhoria da Qualidade',Revisão da descrição dos serviços,Revisão da descrição dos serviços,high
3,MPS,delivery,eixo corrigido por cross-validation: '' → 'Serviços Digitais e Melhoria da Qualidade',Revisão da descrição dos serviços,Revisão da descrição dos serviços,high
3,MPS,delivery,eixo corrigido por cross-validation: '' → 'Serviços Digitais e Melhoria da Qualidade',Revisão da descrição dos serviços,Revisão da descrição dos serviços,high
3,MPS,delivery,eixo corrigido por cross-validation: '' → 'Serviços Digitais e Melhoria da Qualidade',Revisão da descrição dos serviços,Revisão da descrição dos serviços,high
3,MPS,delivery,eixo corrigido por cross-validation: '' → 'Serviços Digitais e Melhoria da Qualidade',Revisão da descrição dos serviços,Revisão da descrição dos serviços,high
3,MPS,delivery,eixo corrigido por cross-validation: '' → 'Serviços Digitais e Melhoria da Qualidade',Revisão da descrição dos serviços,Revisão da descrição dos serviços,high
3,MPS,delivery,eixo corrigido por cross-validation: '' → 'Serviços Digitais e Melhoria da Qualidade',Revisão da descrição dos serviços,Revisão da descrição dos serviços,high
3,MPS,delivery,eixo corrigido por cross-validation: '' → 'Serviços Digitais e Melhoria da Qualidade',Revisão da descrição dos serviços,Revisão da descrição dos serviços,high
3,MPS,delivery,eixo corrigido por cross-validation: '' → 'Serviços Digitais e Melhoria da Qualidade',Revisão da descrição dos serviços,Revisão da descrição dos serviços,high
3,MPS,delivery,eixo corrigido por cross-validation: '' → 'Unificação de Canais Digitais',Integração ao Login Único,Integração ao Login Único,high
3,MPS,delivery,eixo corrigido por cross-validation: '' → 'Unificação de Canais Digitais',Integração ao Login Único,Integração ao Login Único,high
3,MPS,delivery,eixo corrigido por cross-validation: '' → 'Unificação de Canais Digitais',Integração ao Login Único,Integração ao Login Único,high
3,MPS,delivery,eixo corrigido por cross-validation: '' → 'Unificação de Canais Digitais',Integração ao Login Único,Integração ao Login Único,high
3,MPS,delivery,eixo corrigido por cross-validation: '' → 'Unificação de Canais Digitais',Integração ao Login Único,Integração ao Login Único,high
3,MPS,delivery,eixo corrigido por cross-validation: '' → 'Unificação de Canais Digitais',Integração ao Login Único,Integração ao Login Único,high
3,MRE,delivery,produto Outros; eixo corrigido: 'Serviços Digitais e Melhoria da Qualidade' → 'Projetos Especiais',Outros,Outros,high
3,MRE,delivery,eixo corrigido por cross-validation: 'Serviços Digitais e Melhoria da Qualidade' → 'Unificação de Canais Digitais',Implantação do Design System,Implantação do Design System,high
3,MRE,delivery,eixo corrigido por cross-validation: 'Serviços Digitais e Melhoria da Qualidade' → 'Unificação de Canais Digitais',Integração com Assinatura Digital Gov.br,Integração com Assinatura Digital Gov.br,high
3,MS,delivery,eixo corrigido por cross-validation: '' → 'Segurança e Privacidade',"Auto-avaliação, análise de lacunas e planejamento do PPS","Auto-avaliação, análise de lacunas e planejamento do PPSI",high
3,MS,delivery,eixo corrigido por cross-validation: '' → 'Segurança e Privacidade',"Auto-avaliação, análise de lacunas e planejamento do PPS","Auto-avaliação, análise de lacunas e planejamento do PPSI",high
3,MS,delivery,eixo corrigido por cross-validation: '' → 'Segurança e Privacidade',"Auto-avaliação, análise de lacunas e planejamento do PPS","Auto-avaliação, análise de lacunas e planejamento do PPSI",high
3,MS,delivery,eixo corrigido por cross-validation: '' → 'Segurança e Privacidade',"Auto-avaliação, análise de lacunas e planejamento do PPS","Auto-avaliação, análise de lacunas e planejamento do PPSI",high
3,MS,delivery,eixo corrigido por cross-validation: '' → 'Segurança e Privacidade',"Auto-avaliação, análise de lacunas e planejamento do PPS","Auto-avaliação, análise de lacunas e planejamento do PPSI",high
3,MS,delivery,eixo corrigido por cross-validation: '' → 'Segurança e Privacidade',Implementação do PPSI,Implementação do PPSI,high
3,MS,delivery,eixo corrigido por cross-validation: '' → 'Segurança e Privacidade',Implementação do PPSI,Implementação do PPSI,high
3,MS,delivery,eixo corrigido por cross-validation: '' → 'Segurança e Privacidade',Implementação do PPSI,Implementação do PPSI,high
3,MS,delivery,eixo corrigido por cross-validation: '' → 'Segurança e Privacidade',Implementação do PPSI,Implementação do PPSI,high
3,MS,delivery,eixo corrigido por cross-validation: '' → 'Segurança e Privacidade',Implementação do PPSI,Implementação do PPSI,high
3,MS,delivery,eixo corrigido por cross-validation: '' → 'Serviços Digitais e Melhoria da Qualidade',Disponibilização em Acesso Digital,Disponibilização em Acesso Digital,high
3,MS,delivery,eixo corrigido por cross-validation: '' → 'Serviços Digitais e Melhoria da Qualidade',Disponibilização em Acesso Digital,Disponibilização em Acesso Digital,high
3,MS,delivery,eixo corrigido por cross-validation: '' → 'Serviços Digitais e Melhoria da Qualidade',Disponibilização em Acesso Digital,Disponibilização em Acesso Digital,high
3,MS,delivery,eixo corrigido por cross-validation: '' → 'Serviços Digitais e Melhoria da Qualidade',Disponibilização em Acesso Digital,Disponibilização em Acesso Digital,high
3,MS,delivery,eixo corrigido por cross-validation: '' → 'Serviços Digitais e Melhoria da Qualidade',Disponibilização em Acesso Digital,Disponibilização em Acesso Digital,high
3,MS,delivery,eixo corrigido por cross-validation: '' → 'Serviços Digitais e Melhoria da Qualidade',Disponibilização em Acesso Digital,Disponibilização em Acesso Digital,high
3,MS,delivery,eixo corrigido por cross-validation: '' → 'Serviços Digitais e Melhoria da Qualidade',Disponibilização em Acesso Digital,Disponibilização em Acesso Digital,high
3,MS,delivery,eixo corrigido por cross-validation: '' → 'Serviços Digitais e Melhoria da Qualidade',Disponibilização em Acesso Digital,Disponibilização em Acesso Digital,high
3,MS,delivery,eixo corrigido por cross-validation: '' → 'Serviços Digitais e Melhoria da Qualidade',Disponibilização em Acesso Digital,Disponibilização em Acesso Digital,high
3,MS,delivery,eixo corrigido por cross-validation: '' → 'Serviços Digitais e Melhoria da Qualidade',Disponibilização em Acesso Digital,Disponibilização em Acesso Digital,high
3,MS,delivery,eixo corrigido por cross-validation: '' → 'Serviços Digitais e Melhoria da Qualidade',Disponibilização em Acesso Digital,Disponibilização em Acesso Digital,high
3,MS,delivery,eixo corrigido por cross-validation: '' → 'Serviços Digitais e Melhoria da Qualidade',Disponibilização em Acesso Digital,Disponibilização em Acesso Digital,high
3,MS,delivery,eixo corrigido por cross-validation: '' → 'Serviços Digitais e Melhoria da Qualidade',Disponibilização em Acesso Digital,Disponibilização em Acesso Digital,high
3,MS,delivery,eixo corrigido por cross-validation: '' → 'Serviços Digitais e Melhoria da Qualidade',Disponibilização em Acesso Digital,Disponibilização em Acesso Digital,high
3,MS,delivery,eixo corrigido por cross-validation: '' → 'Serviços Digitais e Melhoria da Qualidade',Disponibilização em Acesso Digital,Disponibilização em Acesso Digital,high
3,MS,delivery,eixo corrigido por cross-validation: '' → 'Serviços Digitais e Melhoria da Qualidade',Disponibilização em Acesso Digital,Disponibilização em Acesso Digital,high
3,MS,delivery,eixo corrigido por cross-validation: '' → 'Serviços Digitais e Melhoria da Qualidade',Disponibilização em Acesso Digital,Disponibilização em Acesso Digital,high
3,MS,delivery,eixo corrigido por cross-validation: '' → 'Serviços Digitais e Melhoria da Qualidade',Disponibilização em Acesso Digital,Disponibilização em Acesso Digital,high
3,MS,delivery,eixo corrigido por cross-validation: '' → 'Serviços Digitais e Melhoria da Qualidade',Disponibilização em Acesso Digital,Disponibilização em Acesso Digital,high
3,MS,delivery,eixo corrigido por cross-validation: '' → 'Serviços Digitais e Melhoria da Qualidade',Disponibilização em Acesso Digital,Disponibilização em Acesso Digital,high
3,MS,delivery,eixo corrigido por cross-validation: '' → 'Serviços Digitais e Melhoria da Qualidade',Disponibilização em Acesso Digital,Disponibilização em Acesso Digital,high
3,MS,delivery,eixo corrigido por cross-validation: '' → 'Serviços Digitais e Melhoria da Qualidade',Disponibilização em Acesso Digital,Disponibilização em Acesso Digital,high
3,MS,delivery,eixo corrigido por cross-validation: '' → 'Serviços Digitais e Melhoria da Qualidade',Disponibilização em Acesso Digital,Disponibilização em Acesso Digital,high
3,MS,delivery,eixo corrigido por cross-validation: '' → 'Serviços Digitais e Melhoria da Qualidade',Disponibilização em Acesso Digital,Disponibilização em Acesso Digital,high
3,MS,delivery,eixo corrigido por cross-validation: '' → 'Serviços Digitais e Melhoria da Qualidade',Disponibilização em Acesso Digital,Disponibilização em Acesso Digital,high
3,MS,delivery,eixo corrigido por cross-validation: '' → 'Serviços Digitais e Melhoria da Qualidade',Disponibilização em Acesso Digital,Disponibilização em Acesso Digital,high
3,MS,delivery,eixo corrigido por cross-validation: '' → 'Serviços Digitais e Melhoria da Qualidade',Disponibilização em Acesso Digital,Disponibilização em Acesso Digital,high
3,MS,delivery,eixo corrigido por cross-validation: '' → 'Serviços Digitais e Melhoria da Qualidade',Disponibilização em Acesso Digital,Disponibilização em Acesso Digital,high
3,MS,delivery,eixo corrigido por cross-validation: '' → 'Serviços Digitais e Melhoria da Qualidade',Disponibilização em Acesso Digital,Disponibilização em Acesso Digital,high
3,MS,delivery,eixo corrigido por cross-validation: '' → 'Serviços Digitais e Melhoria da Qualidade',Disponibilização em Acesso Digital,Disponibilização em Acesso Digital,high
3,MS,delivery,eixo corrigido por cross-validation: '' → 'Serviços Digitais e Melhoria da Qualidade',Disponibilização em Acesso Digital,Disponibilização em Acesso Digital,high
3,MS,delivery,eixo corrigido por cross-validation: '' → 'Serviços Digitais e Melhoria da Qualidade',Disponibilização em Acesso Digital,Disponibilização em Acesso Digital,high
3,MS,delivery,eixo corrigido por cross-validation: '' → 'Serviços Digitais e Melhoria da Qualidade',Disponibilização em Acesso Digital,Disponibilização em Acesso Digital,high
3,MS,delivery,eixo corrigido por cross-validation: '' → 'Serviços Digitais e Melhoria da Qualidade',Disponibilização em Acesso Digital,Disponibilização em Acesso Digital,high
3,MS,delivery,eixo corrigido por cross-validation: '' → 'Serviços Digitais e Melhoria da Qualidade',Disponibilização em Acesso Digital,Disponibilização em Acesso Digital,high
3,MS,delivery,eixo corrigido por cross-validation: '' → 'Serviços Digitais e Melhoria da Qualidade',Disponibilização em Acesso Digital,Disponibilização em Acesso Digital,high
3,MS,delivery,eixo corrigido por cross-validation: '' → 'Serviços Digitais e Melhoria da Qualidade',Disponibilização em Acesso Digital,Disponibilização em Acesso Digital,high
3,MS,delivery,eixo corrigido por cross-validation: '' → 'Serviços Digitais e Melhoria da Qualidade',Disponibilização em Acesso Digital,Disponibilização em Acesso Digital,high
3,MS,delivery,eixo corrigido por cross-validation: '' → 'Serviços Digitais e Melhoria da Qualidade',Disponibilização em Acesso Digital,Disponibilização em Acesso Digital,high
3,MS,delivery,eixo corrigido por cross-validation: '' → 'Serviços Digitais e Melhoria da Qualidade',Disponibilização em Acesso Digital,Disponibilização em Acesso Digital,high
3,MS,delivery,eixo corrigido por cross-validation: '' → 'Serviços Digitais e Melhoria da Qualidade',Disponibilização em Acesso Digital,Disponibilização em Acesso Digital,high
3,MS,delivery,eixo corrigido por cross-validation: '' → 'Serviços Digitais e Melhoria da Qualidade',Disponibilização em Acesso Digital,Disponibilização em Acesso Digital,high
3,MS,delivery,eixo corrigido por cross-validation: '' → 'Serviços Digitais e Melhoria da Qualidade',Disponibilização em Acesso Digital,Disponibilização em Acesso Digital,high
3,MS,delivery,eixo corrigido por cross-validation: '' → 'Serviços Digitais e Melhoria da Qualidade',Disponibilização em Acesso Digital,Disponibilização em Acesso Digital,high
3,MS,delivery,eixo corrigido por cross-validation: '' → 'Serviços Digitais e Melhoria da Qualidade',Disponibilização em Acesso Digital,Disponibilização em Acesso Digital,high
3,MS,delivery,eixo corrigido por cross-validation: '' → 'Serviços Digitais e Melhoria da Qualidade',Disponibilização em Acesso Digital,Disponibilização em Acesso Digital,high
3,MS,delivery,eixo corrigido por cross-validation: '' → 'Serviços Digitais e Melhoria da Qualidade',Disponibilização em Acesso Digital,Disponibilização em Acesso Digital,high
3,MS,delivery,eixo corrigido por cross-validation: '' → 'Serviços Digitais e Melhoria da Qualidade',Revisão da descrição dos serviços,Revisão da descrição dos serviços,high
3,MS,delivery,eixo corrigido por cross-validation: '' → 'Serviços Digitais e Melhoria da Qualidade',Revisão da descrição dos serviços,Revisão da descrição dos serviços,high
3,MS,delivery,eixo corrigido por cross-validation: '' → 'Serviços Digitais e Melhoria da Qualidade',Revisão da descrição dos serviços,Revisão da descrição dos serviços,high
3,MS,delivery,eixo corrigido por cross-validation: '' → 'Serviços Digitais e Melhoria da Qualidade',Revisão da descrição dos serviços,Revisão da descrição dos serviços,high
3,MS,delivery,eixo corrigido por cross-validation: '' → 'Serviços Digitais e Melhoria da Qualidade',Revisão da descrição dos serviços,Revisão da descrição dos serviços,high
3,MS,delivery,eixo corrigido por cross-validation: '' → 'Serviços Digitais e Melhoria da Qualidade',Revisão da descrição dos serviços,Revisão da descrição dos serviços,high
3,MS,delivery,eixo corrigido por cross-validation: '' → 'Serviços Digitais e Melhoria da Qualidade',Revisão da descrição dos serviços,Revisão da descrição dos serviços,high
3,MS,delivery,eixo corrigido por cross-validation: '' → 'Serviços Digitais e Melhoria da Qualidade',Revisão da descrição dos serviços,Revisão da descrição dos serviços,high
3,MS,delivery,eixo corrigido por cross-validation: '' → 'Serviços Digitais e Melhoria da Qualidade',Revisão da descrição dos serviços,Revisão da descrição dos serviços,high
3,MS,delivery,eixo corrigido por cross-validation: '' → 'Serviços Digitais e Melhoria da Qualidade',Revisão da descrição dos serviços,Revisão da descrição dos serviços,high
3,MS,delivery,eixo corrigido por cross-validation: '' → 'Serviços Digitais e Melhoria da Qualidade',Revisão da descrição dos serviços,Revisão da descrição dos serviços,high
3,MS,delivery,eixo corrigido por cross-validation: '' → 'Serviços Digitais e Melhoria da Qualidade',Revisão da descrição dos serviços,Revisão da descrição dos serviços,high
3,MS,delivery,eixo corrigido por cross-validation: '' → 'Serviços Digitais e Melhoria da Qualidade',Revisão da descrição dos serviços,Revisão da descrição dos serviços,high
3,MS,delivery,eixo corrigido por cross-validation: '' → 'Serviços Digitais e Melhoria da Qualidade',Revisão da descrição dos serviços,Revisão da descrição dos serviços,high
3,MS,delivery,eixo corrigido por cross-validation: '' → 'Unificação de Canais Digitais',Integração ao Login Único,Integração ao Login Único,high
3,MS,delivery,eixo corrigido por cross-validation: '' → 'Unificação de Canais Digitais',Integração ao Login Único,Integração ao Login Único,high
3,MS,delivery,eixo corrigido por cross-validation: '' → 'Unificação de Canais Digitais',Integração ao Login Único,Integração ao Login Único,high
3,MS,delivery,eixo corrigido por cross-validation: '' → 'Unificação de Canais Digitais',Integração ao Login Único,Integração ao Login Único,high
3,MS,delivery,eixo corrigido por cross-validation: '' → 'Unificação de Canais Digitais',Integração ao Login Único,Integração ao Login Único,high
3,MS,delivery,eixo corrigido por cross-validation: '' → 'Unificação de Canais Digitais',Integração ao Login Único,Integração ao Login Único,high
3,MS,delivery,eixo corrigido por cross-validation: '' → 'Unificação de Canais Digitais',Integração ao Login Único,Integração ao Login Único,high
3,MS,delivery,eixo corrigido por cross-validation: '' → 'Unificação de Canais Digitais',Integração ao Login Único,Integração ao Login Único,high
3,MS,delivery,eixo corrigido por cross-validation: '' → 'Unificação de Canais Digitais',Integração ao Login Único,Integração ao Login Único,high
3,MS,delivery,eixo corrigido por cross-validation: '' → 'Unificação de Canais Digitais',Integração ao Login Único,Integração ao Login Único,high
3,MS,delivery,eixo corrigido por cross-validation: '' → 'Unificação de Canais Digitais',Integração ao Login Único,Integração ao Login Único,high
3,MS,delivery,eixo corrigido por cross-validation: '' → 'Unificação de Canais Digitais',Integração ao Login Único,Integração ao Login Único,high
3,MS,delivery,eixo corrigido por cross-validation: '' → 'Unificação de Canais Digitais',Integração ao Login Único,Integração ao Login Único,high
3,MS,delivery,eixo corrigido por cross-validation: '' → 'Unificação de Canais Digitais',Integração ao Login Único,Integração ao Login Único,high
3,MS,delivery,eixo corrigido por cross-validation: '' → 'Unificação de Canais Digitais',Integração ao Login Único,Integração ao Login Único,high
3,MS,delivery,eixo corrigido por cross-validation: '' → 'Unificação de Canais Digitais',Integração ao Login Único,Integração ao Login Único,high
3,MS,delivery,eixo corrigido por cross-validation: '' → 'Unificação de Canais Digitais',Integração ao Login Único,Integração ao Login Único,high
3,MTE,delivery,eixo corrigido por cross-validation: '' → 'Serviços Digitais e Melhoria da Qualidade',Disponibilização em Acesso Digital,Disponibilização em Acesso Digital,high
3,MTE,delivery,eixo corrigido por cross-validation: '' → 'Serviços Digitais e Melhoria da Qualidade',Disponibilização em Acesso Digital,Disponibilização em Acesso Digital,high
3,MTE,delivery,eixo corrigido por cross-validation: '' → 'Serviços Digitais e Melhoria da Qualidade',Disponibilização em Acesso Digital,Disponibilização em Acesso Digital,high
3,MTE,delivery,eixo corrigido por cross-validation: '' → 'Serviços Digitais e Melhoria da Qualidade',Disponibilização em Acesso Digital,Disponibilização em Acesso Digital,high
3,MTE,delivery,eixo corrigido por cross-validation: '' → 'Serviços Digitais e Melhoria da Qualidade',Disponibilização em Acesso Digital,Disponibilização em Acesso Digital,high
3,MTE,delivery,eixo corrigido por cross-validation: '' → 'Serviços Digitais e Melhoria da Qualidade',Disponibilização em Acesso Digital,Disponibilização em Acesso Digital,high
3,MTE,delivery,eixo corrigido por cross-validation: '' → 'Serviços Digitais e Melhoria da Qualidade',Disponibilização em Acesso Digital,Disponibilização em Acesso Digital,high
3,MTE,delivery,eixo corrigido por cross-validation: '' → 'Serviços Digitais e Melhoria da Qualidade',Evolução do Serviço,Evolução do Serviço,high
3,MTE,delivery,eixo corrigido por cross-validation: '' → 'Serviços Digitais e Melhoria da Qualidade',Evolução do Serviço,Evolução do Serviço,high
3,MTE,delivery,eixo corrigido por cross-validation: '' → 'Serviços Digitais e Melhoria da Qualidade',Evolução do Serviço,Evolução do Serviço,high
3,MTE,delivery,eixo corrigido por cross-validation: '' → 'Serviços Digitais e Melhoria da Qualidade',Evolução do Serviço,Evolução do Serviço,high
3,MTE,delivery,eixo corrigido por cross-validation: '' → 'Serviços Digitais e Melhoria da Qualidade',Evolução do Serviço,Evolução do Serviço,high
3,MTE,delivery,eixo corrigido por cross-validation: '' → 'Serviços Digitais e Melhoria da Qualidade',Evolução do Serviço,Evolução do Serviço,high
3,MTE,delivery,eixo corrigido por cross-validation: '' → 'Serviços Digitais e Melhoria da Qualidade',Evolução do Serviço,Evolução do Serviço,high
3,MTE,delivery,eixo corrigido por cross-validation: '' → 'Serviços Digitais e Melhoria da Qualidade',Evolução do Serviço,Evolução do Serviço,high
3,MTE,delivery,eixo corrigido por cross-validation: '' → 'Serviços Digitais e Melhoria da Qualidade',Evolução do Serviço,Evolução do Serviço,high
3,MTE,delivery,eixo corrigido por cross-validation: '' → 'Serviços Digitais e Melhoria da Qualidade',Evolução do Serviço,Evolução do Serviço,high
3,MTE,delivery,eixo corrigido por cross-validation: '' → 'Serviços Digitais e Melhoria da Qualidade',Evolução do Serviço,Evolução do Serviço,high
3,MTE,delivery,eixo corrigido por cross-validation: '' → 'Serviços Digitais e Melhoria da Qualidade',Evolução do Serviço,Evolução do Serviço,high
3,MTE,delivery,eixo corrigido por cross-validation: '' → 'Serviços Digitais e Melhoria da Qualidade',Evolução do Serviço,Evolução do Serviço,high
3,MTE,delivery,eixo corrigido por cross-validation: '' → 'Serviços Digitais e Melhoria da Qualidade',Evolução do Serviço,Evolução do Serviço,high
3,MTE,delivery,eixo corrigido por cross-validation: '' → 'Serviços Digitais e Melhoria da Qualidade',Implantação da Experiência LabQ,Implantação da Experiência LabQ,high
3,MTE,delivery,eixo corrigido por cross-validation: '' → 'Serviços Digitais e Melhoria da Qualidade',Integração à ferramenta de avaliação da satisfação dos usuários,Integração à ferramenta de avaliação da satisfação dos usuários,high
3,MTE,delivery,eixo corrigido por cross-validation: '' → 'Serviços Digitais e Melhoria da Qualidade',Integração à ferramenta de avaliação da satisfação dos usuários,Integração à ferramenta de avaliação da satisfação dos usuários,high
3,MTE,delivery,eixo corrigido por cross-validation: '' → 'Serviços Digitais e Melhoria da Qualidade',Integração à ferramenta de avaliação da satisfação dos usuários,Integração à ferramenta de avaliação da satisfação dos usuários,high
3,MTE,delivery,eixo corrigido por cross-validation: '' → 'Serviços Digitais e Melhoria da Qualidade',Integração à ferramenta de avaliação da satisfação dos usuários,Integração à ferramenta de avaliação da satisfação dos usuários,high
3,MTE,delivery,eixo corrigido por cross-validation: '' → 'Serviços Digitais e Melhoria da Qualidade',Integração à ferramenta de avaliação da satisfação dos usuários,Integração à ferramenta de avaliação da satisfação dos usuários,high
3,MTE,delivery,eixo corrigido por cross-validation: '' → 'Serviços Digitais e Melhoria da Qualidade',Integração à ferramenta de avaliação da satisfação dos usuários,Integração à ferramenta de avaliação da satisfação dos usuários,high
3,MTE,delivery,eixo corrigido por cross-validation: '' → 'Serviços Digitais e Melhoria da Qualidade',Integração à ferramenta de avaliação da satisfação dos usuários,Integração à ferramenta de avaliação da satisfação dos usuários,high
3,MTE,delivery,eixo corrigido por cross-validation: '' → 'Serviços Digitais e Melhoria da Qualidade',Integração à ferramenta de avaliação da satisfação dos usuários,Integração à ferramenta de avaliação da satisfação dos usuários,high
3,MTE,delivery,eixo corrigido por cross-validation: '' → 'Serviços Digitais e Melhoria da Qualidade',Integração à ferramenta de avaliação da satisfação dos usuários,Integração à ferramenta de avaliação da satisfação dos usuários,high
3,MTE,delivery,eixo corrigido por cross-validation: '' → 'Serviços Digitais e Melhoria da Qualidade',Integração à ferramenta de avaliação da satisfação dos usuários,Integração à ferramenta de avaliação da satisfação dos usuários,high
3,MTE,delivery,eixo corrigido por cross-validation: '' → 'Serviços Digitais e Melhoria da Qualidade',Integração à ferramenta de avaliação da satisfação dos usuários,Integração à ferramenta de avaliação da satisfação dos usuários,high
3,MTE,delivery,eixo corrigido por cross-validation: '' → 'Serviços Digitais e Melhoria da Qualidade',Integração à ferramenta de avaliação da satisfação dos usuários,Integração à ferramenta de avaliação da satisfação dos usuários,high
3,MTE,delivery,eixo corrigido por cross-validation: '' → 'Unificação de Canais Digitais',Migração de Serviço para Plataforma Unificada,Migração de Serviço para Plataforma Unificada,high
3,MTE,delivery,eixo corrigido por cross-validation: '' → 'Unificação de Canais Digitais',Migração de Serviço para Plataforma Unificada,Migração de Serviço para Plataforma Unificada,high
3,MTE,delivery,eixo corrigido por cross-validation: '' → 'Unificação de Canais Digitais',Migração de Serviço para Plataforma Unificada,Migração de Serviço para Plataforma Unificada,high
3,MTE,delivery,eixo corrigido por cross-validation: '' → 'Unificação de Canais Digitais',Migração de Serviço para Plataforma Unificada,Migração de Serviço para Plataforma Unificada,high
3,PF,delivery,eixo corrigido por cross-validation: '' → 'Segurança e Privacidade',"Auto-avaliação, análise de lacunas e planejamento do PPSI","Auto-avaliação, análise de lacunas e planejamento do PPSI",high
3,PF,delivery,eixo corrigido por cross-validation: '' → 'Segurança e Privacidade',"Auto-avaliação, análise de lacunas e planejamento do PPSI","Auto-avaliação, análise de lacunas e planejamento do PPSI",high
3,PF,delivery,eixo corrigido por cross-validation: '' → 'Segurança e Privacidade',"Auto-avaliação, análise de lacunas e planejamento do PPSI","Auto-avaliação, análise de lacunas e planejamento do PPSI",high
3,PF,delivery,eixo corrigido por cross-validation: '' → 'Segurança e Privacidade',"Auto-avaliação, análise de lacunas e planejamento do PPSI","Auto-avaliação, análise de lacunas e planejamento do PPSI",high
3,PF,delivery,eixo corrigido por cross-validation: '' → 'Segurança e Privacidade',"Auto-avaliação, análise de lacunas e planejamento do PPSI","Auto-avaliação, análise de lacunas e planejamento do PPSI",high
3,PF,delivery,eixo corrigido por cross-validation: '' → 'Segurança e Privacidade',"Auto-avaliação, análise de lacunas e planejamento do PPSI","Auto-avaliação, análise de lacunas e planejamento do PPSI",high
3,PF,delivery,eixo corrigido por cross-validation: '' → 'Segurança e Privacidade',"Auto-avaliação, análise de lacunas e planejamento do PPSI","Auto-avaliação, análise de lacunas e planejamento do PPSI",high
3,PF,delivery,eixo corrigido por cross-validation: '' → 'Segurança e Privacidade',Implementação do PPSI,Implementação do PPSI,high
3,PF,delivery,eixo corrigido por cross-validation: '' → 'Segurança e Privacidade',Implementação do PPSI,Implementação do PPSI,high
3,PF,delivery,eixo corrigido por cross-validation: '' → 'Segurança e Privacidade',Implementação do PPSI,Implementação do PPSI,high
3,PF,delivery,eixo corrigido por cross-validation: '' → 'Segurança e Privacidade',Implementação do PPSI,Implementação do PPSI,high
3,PF,delivery,eixo corrigido por cross-validation: '' → 'Segurança e Privacidade',Implementação do PPSI,Implementação do PPSI,high
3,PF,delivery,eixo corrigido por cross-validation: '' → 'Segurança e Privacidade',Implementação do PPSI,Implementação do PPSI,high
3,PF,delivery,eixo corrigido por cross-validation: '' → 'Segurança e Privacidade',Implementação do PPSI,Implementação do PPSI,high
3,PF,delivery,eixo corrigido por cross-validation: '' → 'Serviços Digitais e Melhoria da Qualidade',Disponibilização em Acesso Digital,Disponibilização em Acesso Digital,high
3,PF,delivery,eixo corrigido por cross-validation: '' → 'Serviços Digitais e Melhoria da Qualidade',Disponibilização em Acesso Digital,Disponibilização em Acesso Digital,high
3,PF,delivery,eixo corrigido por cross-validation: '' → 'Serviços Digitais e Melhoria da Qualidade',Disponibilização em Acesso Digital,Disponibilização em Acesso Digital,high
3,PF,delivery,eixo corrigido por cross-validation: '' → 'Serviços Digitais e Melhoria da Qualidade',Disponibilização em Acesso Digital,Disponibilização em Acesso Digital,high
3,PF,delivery,eixo corrigido por cross-validation: '' → 'Serviços Digitais e Melhoria da Qualidade',Disponibilização em Acesso Digital,Disponibilização em Acesso Digital,high
3,PF,delivery,eixo corrigido por cross-validation: '' → 'Serviços Digitais e Melhoria da Qualidade',Disponibilização em Acesso Digital,Disponibilização em Acesso Digital,high
3,PF,delivery,eixo corrigido por cross-validation: '' → 'Serviços Digitais e Melhoria da Qualidade',Disponibilização em Acesso Digital,Disponibilização em Acesso Digital,high
3,PF,delivery,eixo corrigido por cross-validation: '' → 'Serviços Digitais e Melhoria da Qualidade',Disponibilização em Acesso Digital,Disponibilização em Acesso Digital,high
3,PF,delivery,eixo corrigido por cross-validation: '' → 'Serviços Digitais e Melhoria da Qualidade',Disponibilização em Acesso Digital,Disponibilização em Acesso Digital,high
3,PF,delivery,eixo corrigido por cross-validation: '' → 'Serviços Digitais e Melhoria da Qualidade',Disponibilização em Acesso Digital,Disponibilização em Acesso Digital,high
3,PF,delivery,eixo corrigido por cross-validation: '' → 'Serviços Digitais e Melhoria da Qualidade',Disponibilização em Acesso Digital,Disponibilização em Acesso Digital,high
3,PF,delivery,eixo corrigido por cross-validation: '' → 'Serviços Digitais e Melhoria da Qualidade',Disponibilização em Acesso Digital,Disponibilização em Acesso Digital,high
3,PF,delivery,eixo corrigido por cross-validation: '' → 'Serviços Digitais e Melhoria da Qualidade',Disponibilização em Acesso Digital,Disponibilização em Acesso Digital,high
3,PF,delivery,eixo corrigido por cross-validation: '' → 'Serviços Digitais e Melhoria da Qualidade',Disponibilização em Acesso Digital,Disponibilização em Acesso Digital,high
3,PF,delivery,eixo corrigido por cross-validation: '' → 'Serviços Digitais e Melhoria da Qualidade',Disponibilização em Acesso Digital,Disponibilização em Acesso Digital,high
3,PF,delivery,eixo corrigido por cross-validation: '' → 'Serviços Digitais e Melhoria da Qualidade',Implantação da Experiência LabQ,Implantação da Experiência LabQ,high
3,PF,delivery,eixo corrigido por cross-validation: '' → 'Serviços Digitais e Melhoria da Qualidade',Implantação da Experiência LabQ,Implantação da Experiência LabQ,high
3,PF,delivery,eixo corrigido por cross-validation: '' → 'Serviços Digitais e Melhoria da Qualidade',Implantação da Experiência LabQ,Implantação da Experiência LabQ,high
3,PF,delivery,eixo corrigido por cross-validation: '' → 'Serviços Digitais e Melhoria da Qualidade',Integração à ferramenta de avaliação da satisfação dos usuários,Integração à ferramenta de avaliação da satisfação dos usuários,high
3,PF,delivery,eixo corrigido por cross-validation: '' → 'Serviços Digitais e Melhoria da Qualidade',Integração à ferramenta de avaliação da satisfação dos usuários,Integração à ferramenta de avaliação da satisfação dos usuários,high
3,PF,delivery,eixo corrigido por cross-validation: '' → 'Serviços Digitais e Melhoria da Qualidade',Integração à ferramenta de avaliação da satisfação dos usuários,Integração à ferramenta de avaliação da satisfação dos usuários,high
3,PF,delivery,eixo corrigido por cross-validation: '' → 'Serviços Digitais e Melhoria da Qualidade',Integração à ferramenta de avaliação da satisfação dos usuários,Integração à ferramenta de avaliação da satisfação dos usuários,high
3,PF,delivery,eixo corrigido por cross-validation: '' → 'Serviços Digitais e Melhoria da Qualidade',Integração à ferramenta de avaliação da satisfação dos usuários,Integração à ferramenta de avaliação da satisfação dos usuários,high
3,PF,delivery,eixo corrigido por cross-validation: '' → 'Serviços Digitais e Melhoria da Qualidade',Integração à ferramenta de avaliação da satisfação dos usuários,Integração à ferramenta de avaliação da satisfação dos usuários,high
3,PF,delivery,eixo corrigido por cross-validation: '' → 'Serviços Digitais e Melhoria da Qualidade',Integração à ferramenta de avaliação da satisfação dos usuários,Integração à ferramenta de avaliação da satisfação dos usuários,high
3,PF,delivery,eixo corrigido por cross-validation: '' → 'Serviços Digitais e Melhoria da Qualidade',Integração à ferramenta de avaliação da satisfação dos usuários,Integração à ferramenta de avaliação da satisfação dos usuários,high
3,PF,delivery,eixo corrigido por cross-validation: '' → 'Serviços Digitais e Melhoria da Qualidade',Integração à ferramenta de avaliação da satisfação dos usuários,Integração à ferramenta de avaliação da satisfação dos usuários,high
3,PF,delivery,eixo corrigido por cross-validation: '' → 'Serviços Digitais e Melhoria da Qualidade',Integração à ferramenta de avaliação da satisfação dos usuários,Integração à ferramenta de avaliação da satisfação dos usuários,high
3,PF,delivery,eixo corrigido por cross-validation: '' → 'Serviços Digitais e Melhoria da Qualidade',Integração à ferramenta de avaliação da satisfação dos usuários,Integração à ferramenta de avaliação da satisfação dos usuários,high
3,PF,delivery,eixo corrigido por cross-validation: '' → 'Serviços Digitais e Melhoria da Qualidade',Integração à ferramenta de avaliação da satisfação dos usuários,Integração à ferramenta de avaliação da satisfação dos usuários,high
3,PF,delivery,eixo corrigido por cross-validation: '' → 'Serviços Digitais e Melhoria da Qualidade',Integração à ferramenta de avaliação da satisfação dos usuários,Integração à ferramenta de avaliação da satisfação dos usuários,high
3,PF,delivery,eixo corrigido por cross-validation: '' → 'Serviços Digitais e Melhoria da Qualidade',Integração à ferramenta de avaliação da satisfação dos usuários,Integração à ferramenta de avaliação da satisfação dos usuários,high
3,PF,delivery,eixo corrigido por cross-validation: '' → 'Serviços Digitais e Melhoria da Qualidade',Integração à ferramenta de avaliação da satisfação dos usuários,Integração à ferramenta de avaliação da satisfação dos usuários,high
3,PF,delivery,eixo corrigido por cross-validation: '' → 'Serviços Digitais e Melhoria da Qualidade',Integração à ferramenta de avaliação da satisfação dos usuários,Integração à ferramenta de avaliação da satisfação dos usuários,high
3,PF,delivery,eixo corrigido por cross-validation: '' → 'Serviços Digitais e Melhoria da Qualidade',Integração à ferramenta de avaliação da satisfação dos usuários,Integração à ferramenta de avaliação da satisfação dos usuários,high
3,PF,delivery,eixo corrigido por cross-validation: '' → 'Serviços Digitais e Melhoria da Qualidade',Integração à ferramenta de avaliação da satisfação dos usuários,Integração à ferramenta de avaliação da satisfação dos usuários,high
3,PF,delivery,eixo corrigido por cross-validation: '' → 'Serviços Digitais e Melhoria da Qualidade',Integração à ferramenta de avaliação da satisfação dos usuários,Integração à ferramenta de avaliação da satisfação dos usuários,high
3,PF,delivery,eixo corrigido por cross-validation: '' → 'Serviços Digitais e Melhoria da Qualidade',Integração à ferramenta de avaliação da satisfação dos usuários,Integração à ferramenta de avaliação da satisfação dos usuários,high
3,PF,delivery,eixo corrigido por cross-validation: '' → 'Serviços Digitais e Melhoria da Qualidade',Integração à ferramenta de avaliação da satisfação dos usuários,Integração à ferramenta de avaliação da satisfação dos usuários,high
3,PF,delivery,eixo corrigido por cross-validation: '' → 'Serviços Digitais e Melhoria da Qualidade',Integração à ferramenta de avaliação da satisfação dos usuários,Integração à ferramenta de avaliação da satisfação dos usuários,high
3,PF,delivery,eixo corrigido por cross-validation: '' → 'Serviços Digitais e Melhoria da Qualidade',Integração à ferramenta de avaliação da satisfação dos usuários,Integração à ferramenta de avaliação da satisfação dos usuários,high
3,PF,delivery,eixo corrigido por cross-validation: '' → 'Serviços Digitais e Melhoria da Qualidade',Integração à ferramenta de avaliação da satisfação dos usuários,Integração à ferramenta de avaliação da satisfação dos usuários,high
3,PF,delivery,eixo corrigido por cross-validation: '' → 'Serviços Digitais e Melhoria da Qualidade',Integração à ferramenta de avaliação da satisfação dos usuários,Integração à ferramenta de avaliação da satisfação dos usuários,high
3,PF,delivery,eixo corrigido por cross-validation: '' → 'Serviços Digitais e Melhoria da Qualidade',Integração à ferramenta de avaliação da satisfação dos usuários,Integração à ferramenta de avaliação da satisfação dos usuários,high
3,PF,delivery,eixo corrigido por cross-validation: '' → 'Serviços Digitais e Melhoria da Qualidade',Integração à ferramenta de avaliação da satisfação dos usuários,Integração à ferramenta de avaliação da satisfação dos usuários,high
3,PF,delivery,eixo corrigido por cross-validation: '' → 'Serviços Digitais e Melhoria da Qualidade',Integração à ferramenta de avaliação da satisfação dos usuários,Integração à ferramenta de avaliação da satisfação dos usuários,high
3,PF,delivery,eixo corrigido por cross-validation: '' → 'Serviços Digitais e Melhoria da Qualidade',Integração à ferramenta de avaliação da satisfação dos usuários,Integração à ferramenta de avaliação da satisfação dos usuários,high
3,PF,delivery,eixo corrigido por cross-validation: '' → 'Serviços Digitais e Melhoria da Qualidade',Integração à ferramenta de avaliação da satisfação dos usuários,Integração à ferramenta de avaliação da satisfação dos usuários,high
3,PF,delivery,eixo corrigido por cross-validation: '' → 'Serviços Digitais e Melhoria da Qualidade',Integração à ferramenta de avaliação da satisfação dos usuários,Integração à ferramenta de avaliação da satisfação dos usuários,high
3,PF,delivery,eixo corrigido por cross-validation: '' → 'Serviços Digitais e Melhoria da Qualidade',Integração à ferramenta de avaliação da satisfação dos usuários,Integração à ferramenta de avaliação da satisfação dos usuários,high
3,PF,delivery,eixo corrigido por cross-validation: '' → 'Serviços Digitais e Melhoria da Qualidade',Integração à ferramenta de avaliação da satisfação dos usuários,Integração à ferramenta de avaliação da satisfação dos usuários,high
3,PF,delivery,eixo corrigido por cross-validation: '' → 'Serviços Digitais e Melhoria da Qualidade',Integração à ferramenta de avaliação da satisfação dos usuários,Integração à ferramenta de avaliação da satisfação dos usuários,high
3,PF,delivery,eixo corrigido por cross-validation: '' → 'Serviços Digitais e Melhoria da Qualidade',Integração à ferramenta de avaliação da satisfação dos usuários,Integração à ferramenta de avaliação da satisfação dos usuários,high
3,PF,delivery,eixo corrigido por cross-validation: '' → 'Serviços Digitais e Melhoria da Qualidade',Integração à ferramenta de avaliação da satisfação dos usuários,Integração à ferramenta de avaliação da satisfação dos usuários,high
3,PF,delivery,eixo corrigido por cross-validation: '' → 'Serviços Digitais e Melhoria da Qualidade',Integração à ferramenta de avaliação da satisfação dos usuários,Integração à ferramenta de avaliação da satisfação dos usuários,high
3,PF,delivery,eixo corrigido por cross-validation: '' → 'Serviços Digitais e Melhoria da Qualidade',Integração à ferramenta de avaliação da satisfação dos usuários,Integração à ferramenta de avaliação da satisfação dos usuários,high
3,PF,delivery,eixo corrigido por cross-validation: '' → 'Serviços Digitais e Melhoria da Qualidade',Integração à ferramenta de avaliação da satisfação dos usuários,Integração à ferramenta de avaliação da satisfação dos usuários,high
3,PF,delivery,eixo corrigido por cross-validation: '' → 'Serviços Digitais e Melhoria da Qualidade',Integração à ferramenta de avaliação da satisfação dos usuários,Integração à ferramenta de avaliação da satisfação dos usuários,high
3,PF,delivery,eixo corrigido por cross-validation: '' → 'Serviços Digitais e Melhoria da Qualidade',Integração à ferramenta de avaliação da satisfação dos usuários,Integração à ferramenta de avaliação da satisfação dos usuários,high
3,PF,delivery,eixo corrigido por cross-validation: '' → 'Serviços Digitais e Melhoria da Qualidade',Integração à ferramenta de avaliação da satisfação dos usuários,Integração à ferramenta de avaliação da satisfação dos usuários,high
3,PF,delivery,eixo corrigido por cross-validation: '' → 'Serviços Digitais e Melhoria da Qualidade',Integração à ferramenta de avaliação da satisfação dos usuários,Integração à ferramenta de avaliação da satisfação dos usuários,high
3,PF,delivery,eixo corrigido por cross-validation: '' → 'Serviços Digitais e Melhoria da Qualidade',Integração à ferramenta de avaliação da satisfação dos usuários,Integração à ferramenta de avaliação da satisfação dos usuários,high
3,PF,delivery,eixo corrigido por cross-validation: '' → 'Serviços Digitais e Melhoria da Qualidade',Integração à ferramenta de avaliação da satisfação dos usuários,Integração à ferramenta de avaliação da satisfação dos usuários,high
3,PF,delivery,eixo corrigido por cross-validation: '' → 'Serviços Digitais e Melhoria da Qualidade',Integração à ferramenta de avaliação da satisfação dos usuários,Integração à ferramenta de avaliação da satisfação dos usuários,high
3,PF,delivery,eixo corrigido por cross-validation: '' → 'Serviços Digitais e Melhoria da Qualidade',Integração à ferramenta de avaliação da satisfação dos usuários,Integração à ferramenta de avaliação da satisfação dos usuários,high
3,PF,delivery,eixo corrigido por cross-validation: '' → 'Serviços Digitais e Melhoria da Qualidade',Integração à ferramenta de avaliação da satisfação dos usuários,Integração à ferramenta de avaliação da satisfação dos usuários,high
3,PF,delivery,eixo corrigido por cross-validation: '' → 'Serviços Digitais e Melhoria da Qualidade',Integração à ferramenta de avaliação da satisfação dos usuários,Integração à ferramenta de avaliação da satisfação dos usuários,high
3,PF,delivery,eixo corrigido por cross-validation: '' → 'Serviços Digitais e Melhoria da Qualidade',Integração à ferramenta de avaliação da satisfação dos usuários,Integração à ferramenta de avaliação da satisfação dos usuários,high
3,PF,delivery,eixo corrigido por cross-validation: '' → 'Serviços Digitais e Melhoria da Qualidade',Integração à ferramenta de avaliação da satisfação dos usuários,Integração à ferramenta de avaliação da satisfação dos usuários,high
3,PF,delivery,eixo corrigido por cross-validation: '' → 'Serviços Digitais e Melhoria da Qualidade',Integração à ferramenta de avaliação da satisfação dos usuários,Integração à ferramenta de avaliação da satisfação dos usuários,high
3,PF,delivery,eixo corrigido por cross-validation: '' → 'Serviços Digitais e Melhoria da Qualidade',Integração à ferramenta de avaliação da satisfação dos usuários,Integração à ferramenta de avaliação da satisfação dos usuários,high
3,PF,delivery,eixo corrigido por cross-validation: '' → 'Serviços Digitais e Melhoria da Qualidade',Integração à ferramenta de avaliação da satisfação dos usuários,Integração à ferramenta de avaliação da satisfação dos usuários,high
3,PF,delivery,eixo corrigido por cross-validation: '' → 'Unificação de Canais Digitais',Integração ao Login Único,Integração ao Login Único,high
3,PF,delivery,eixo corrigido por cross-validation: '' → 'Unificação de Canais Digitais',Integração ao Login Único,Integração ao Login Único,high
3,PF,delivery,eixo corrigido por cross-validation: '' → 'Unificação de Canais Digitais',Integração ao Login Único,Integração ao Login Único,high
3,PF,delivery,eixo corrigido por cross-validation: '' → 'Unificação de Canais Digitais',Integração ao Login Único,Integração ao Login Único,high
3,PF,delivery,eixo corrigido por cross-validation: '' → 'Unificação de Canais Digitais',Integração ao Login Único,Integração ao Login Único,high
3,PF,delivery,eixo corrigido por cross-validation: '' → 'Unificação de Canais Digitais',Integração ao Login Único,Integração ao Login Único,high
3,PF,delivery,eixo corrigido por cross-validation: '' → 'Unificação de Canais Digitais',Integração ao Login Único,Integração ao Login Único,high
3,PF,delivery,eixo corrigido por cross-validation: '' → 'Unificação de Canais Digitais',Integração ao Login Único,Integração ao Login Único,high
3,PF,delivery,eixo corrigido por cross-validation: '' → 'Unificação de Canais Digitais',Integração ao Login Único,Integração ao Login Único,high
3,PF,delivery,eixo corrigido por cross-validation: '' → 'Unificação de Canais Digitais',Integração ao Login Único,Integração ao Login Único,high
3,PF,delivery,eixo corrigido por cross-validation: '' → 'Unificação de Canais Digitais',Integração ao Login Único,Integração ao Login Único,high
3,PF,delivery,eixo corrigido por cross-validation: '' → 'Unificação de Canais Digitais',Integração ao Login Único,Integração ao Login Único,high
3,PF,delivery,eixo corrigido por cross-validation: '' → 'Unificação de Canais Digitais',Integração ao Login Único,Integração ao Login Único,high
3,PF,delivery,eixo corrigido por cross-validation: '' → 'Unificação de Canais Digitais',Integração ao Login Único,Integração ao Login Único,high
3,PF,delivery,eixo corrigido por cross-validation: '' → 'Unificação de Canais Digitais',Integração ao Login Único,Integração ao Login Único,high
3,PF,delivery,eixo corrigido por cross-validation: '' → 'Unificação de Canais Digitais',Integração ao Login Único,Integração ao Login Único,high
3,PF,delivery,eixo corrigido por cross-validation: '' → 'Unificação de Canais Digitais',Integração ao Login Único,Integração ao Login Único,high
3,PF,delivery,eixo corrigido por cross-validation: '' → 'Unificação de Canais Digitais',Integração ao Login Único,Integração ao Login Único,high
3,PF,delivery,eixo corrigido por cross-validation: '' → 'Unificação de Canais Digitais',Integração ao Login Único,Integração ao Login Único,high
3,PF,delivery,eixo corrigido por cross-validation: '' → 'Unificação de Canais Digitais',Integração ao Login Único,Integração ao Login Único,high
3,PF,delivery,eixo corrigido por cross-validation: '' → 'Unificação de Canais Digitais',Integração ao Login Único,Integração ao Login Único,high
3,PF,delivery,eixo corrigido por cross-validation: '' → 'Unificação de Canais Digitais',Integração ao Login Único,Integração ao Login Único,high
3,PF,delivery,eixo corrigido por cross-validation: '' → 'Unificação de Canais Digitais',Integração ao Login Único,Integração ao Login Único,high
3,PF,delivery,eixo corrigido por cross-validation: '' → 'Unificação de Canais Digitais',Integração ao Login Único,Integração ao Login Único,high
3,PF,delivery,eixo corrigido por cross-validation: '' → 'Unificação de Canais Digitais',Integração ao Login Único,Integração ao Login Único,high
3,PF,delivery,eixo corrigido por cross-validation: '' → 'Unificação de Canais Digitais',Integração ao Login Único,Integração ao Login Único,high
3,PF,delivery,eixo corrigido por cross-validation: '' → 'Unificação de Canais Digitais',Integração ao Login Único,Integração ao Login Único,high
3,PF,delivery,eixo corrigido por cross-validation: '' → 'Unificação de Canais Digitais',Integração ao Login Único,Integração ao Login Único,high
3,PF,delivery,eixo corrigido por cross-validation: '' → 'Unificação de Canais Digitais',Integração ao Login Único,Integração ao Login Único,high
3,PF,delivery,eixo corrigido por cross-validation: '' → 'Unificação de Canais Digitais',Integração ao Login Único,Integração ao Login Único,high
3,PF,delivery,eixo corrigido por cross-validation: '' → 'Unificação de Canais Digitais',Integração ao Login Único,Integração ao Login Único,high
3,PF,delivery,eixo corrigido por cross-validation: '' → 'Unificação de Canais Digitais',Integração ao Login Único,Integração ao Login Único,high
3,PF,delivery,eixo corrigido por cross-validation: '' → 'Unificação de Canais Digitais',Integração ao Login Único,Integração ao Login Único,high
3,PF,delivery,eixo corrigido por cross-validation: '' → 'Unificação de Canais Digitais',Integração ao Login Único,Integração ao Login Único,high
3,PF,delivery,eixo corrigido por cross-validation: '' → 'Unificação de Canais Digitais',Integração ao Login Único,Integração ao Login Único,high
3,PF,delivery,eixo corrigido por cross-validation: '' → 'Unificação de Canais Digitais',Integração ao Login Único,Integração ao Login Único,high
3,PF,delivery,eixo corrigido por cross-validation: '' → 'Unificação de Canais Digitais',Integração ao Login Único,Integração ao Login Único,high
3,PF,delivery,eixo corrigido por cross-validation: '' → 'Unificação de Canais Digitais',Integração ao Login Único,Integração ao Login Único,high
3,PF,delivery,eixo corrigido por cross-validation: '' → 'Unificação de Canais Digitais',Integração ao Login Único,Integração ao Login Único,high
3,PF,delivery,eixo corrigido por cross-validation: '' → 'Unificação de Canais Digitais',Integração ao Login Único,Integração ao Login Único,high
3,PF,delivery,eixo corrigido por cross-validation: '' → 'Unificação de Canais Digitais',Integração ao Pagtesouro,Integração ao Pagtesouro,high
3,PF,delivery,eixo corrigido por cross-validation: '' → 'Unificação de Canais Digitais',Integração ao Pagtesouro,Integração ao Pagtesouro,high
3,PF,delivery,eixo corrigido por cross-validation: '' → 'Unificação de Canais Digitais',Integração ao Pagtesouro,Integração ao Pagtesouro,high
3,PF,delivery,eixo corrigido por cross-validation: '' → 'Unificação de Canais Digitais',Integração ao Pagtesouro,Integração ao Pagtesouro,high
3,PF,delivery,eixo corrigido por cross-validation: '' → 'Unificação de Canais Digitais',Integração ao Pagtesouro,Integração ao Pagtesouro,high
3,PF,delivery,eixo corrigido por cross-validation: '' → 'Unificação de Canais Digitais',Integração ao Pagtesouro,Integração ao Pagtesouro,high
3,PF,delivery,eixo corrigido por cross-validation: '' → 'Unificação de Canais Digitais',Integração ao Pagtesouro,Integração ao Pagtesouro,high
3,PF,delivery,eixo corrigido por cross-validation: '' → 'Unificação de Canais Digitais',Integração ao Pagtesouro,Integração ao Pagtesouro,high
3,PF,delivery,eixo corrigido por cross-validation: '' → 'Unificação de Canais Digitais',Integração ao Pagtesouro,Integração ao Pagtesouro,high
3,PF,delivery,eixo corrigido por cross-validation: '' → 'Unificação de Canais Digitais',Integração ao Pagtesouro,Integração ao Pagtesouro,high
3,PF,delivery,eixo corrigido por cross-validation: '' → 'Unificação de Canais Digitais',Integração ao Pagtesouro,Integração ao Pagtesouro,high
3,PF,delivery,eixo corrigido por cross-validation: '' → 'Unificação de Canais Digitais',Integração ao Pagtesouro,Integração ao Pagtesouro,high
3,PF,delivery,eixo corrigido por cross-validation: '' → 'Unificação de Canais Digitais',Integração ao Pagtesouro,Integração ao Pagtesouro,high
3,PF,delivery,eixo corrigido por cross-validation: '' → 'Unificação de Canais Digitais',Integração ao Pagtesouro,Integração ao Pagtesouro,high
3,PF,delivery,eixo corrigido por cross-validation: '' → 'Unificação de Canais Digitais',Integração ao Pagtesouro,Integração ao Pagtesouro,high
3,PF,delivery,eixo corrigido por cross-validation: '' → 'Unificação de Canais Digitais',Integração ao Pagtesouro,Integração ao Pagtesouro,high
3,PF,delivery,eixo corrigido por cross-validation: '' → 'Unificação de Canais Digitais',Integração ao Pagtesouro,Integração ao Pagtesouro,high
3,PF,delivery,eixo corrigido por cross-validation: '' → 'Unificação de Canais Digitais',Integração ao Pagtesouro,Integração ao Pagtesouro,high
3,PF,delivery,eixo corrigido por cross-validation: '' → 'Unificação de Canais Digitais',Integração ao Pagtesouro,Integração ao Pagtesouro,high
3,PF,delivery,eixo corrigido por cross-validation: '' → 'Unificação de Canais Digitais',Integração ao Pagtesouro,Integração ao Pagtesouro,high
3,PF,delivery,eixo corrigido por cross-validation: '' → 'Unificação de Canais Digitais',Integração ao Pagtesouro,Integração ao Pagtesouro,high
3,PF,delivery,eixo corrigido por cross-validation: '' → 'Unificação de Canais Digitais',Integração ao Pagtesouro,Integração ao Pagtesouro,high
3,PF,delivery,eixo corrigido por cross-validation: '' → 'Unificação de Canais Digitais',Integração ao Pagtesouro,Integração ao Pagtesouro,high
3,PF,delivery,eixo corrigido por cross-validation: '' → 'Unificação de Canais Digitais',Integração ao Pagtesouro,Integração ao Pagtesouro,high
3,PF,delivery,eixo corrigido por cross-validation: '' → 'Unificação de Canais Digitais',Integração ao Pagtesouro,Integração ao Pagtesouro,high
3,PF,delivery,eixo corrigido por cross-validation: '' → 'Unificação de Canais Digitais',Integração ao Pagtesouro,Integração ao Pagtesouro,high
3,PF,delivery,eixo corrigido por cross-validation: '' → 'Unificação de Canais Digitais',Integração ao Pagtesouro,Integração ao Pagtesouro,high
3,PF,delivery,eixo corrigido por cross-validation: '' → 'Unificação de Canais Digitais',Integração ao Pagtesouro,Integração ao Pagtesouro,high
3,PF,delivery,eixo corrigido por cross-validation: '' → 'Unificação de Canais Digitais',Integração ao Pagtesouro,Integração ao Pagtesouro,high
3,PF,delivery,eixo corrigido por cross-validation: '' → 'Unificação de Canais Digitais',Integração ao Pagtesouro,Integração ao Pagtesouro,high
3,PF,delivery,eixo corrigido por cross-validation: '' → 'Unificação de Canais Digitais',Integração ao Pagtesouro,Integração ao Pagtesouro,high
3,PF,delivery,eixo corrigido por cross-validation: '' → 'Unificação de Canais Digitais',Integração ao Pagtesouro,Integração ao Pagtesouro,high
3,PF,delivery,eixo corrigido por cross-validation: '' → 'Unificação de Canais Digitais',Integração ao Pagtesouro,Integração ao Pagtesouro,high
3,PF,delivery,eixo corrigido por cross-validation: '' → 'Unificação de Canais Digitais',Integração ao Pagtesouro,Integração ao Pagtesouro,high
3,PREVIC,delivery,eixo corrigido por cross-validation: '' → 'Governança e Gestão de Dados',Integração à base de dados (OUTROS),Integração à base de dados,high
3,PREVIC,delivery,eixo corrigido por cross-validation: '' → 'Segurança e Privacidade',"Auto-avaliação, análise de lacunas e planejamento do PPSI","Auto-avaliação, análise de lacunas e planejamento do PPSI",high
3,PREVIC,delivery,eixo corrigido por cross-validation: '' → 'Segurança e Privacidade',"Auto-avaliação, análise de lacunas e planejamento do PPSI","Auto-avaliação, análise de lacunas e planejamento do PPSI",high
3,PREVIC,delivery,eixo corrigido por cross-validation: '' → 'Segurança e Privacidade',"Auto-avaliação, análise de lacunas e planejamento do PPSI","Auto-avaliação, análise de lacunas e planejamento do PPSI",high
3,PREVIC,delivery,eixo corrigido por cross-validation: '' → 'Segurança e Privacidade',"Auto-avaliação, análise de lacunas e planejamento do PPSI","Auto-avaliação, análise de lacunas e planejamento do PPSI",high
3,PREVIC,delivery,eixo corrigido por cross-validation: '' → 'Segurança e Privacidade',"Auto-avaliação, análise de lacunas e planejamento do PPSI","Auto-avaliação, análise de lacunas e planejamento do PPSI",high
3,PREVIC,delivery,eixo corrigido por cross-validation: '' → 'Segurança e Privacidade',"Auto-avaliação, análise de lacunas e planejamento do PPSI","Auto-avaliação, análise de lacunas e planejamento do PPSI",high
3,PREVIC,delivery,eixo corrigido por cross-validation: '' → 'Segurança e Privacidade',"Auto-avaliação, análise de lacunas e planejamento do PPSI","Auto-avaliação, análise de lacunas e planejamento do PPSI",high
3,PREVIC,delivery,eixo corrigido por cross-validation: '' → 'Segurança e Privacidade',Implementação do PPSI,Implementação do PPSI,high
3,PREVIC,delivery,eixo corrigido por cross-validation: '' → 'Segurança e Privacidade',Implementação do PPSI,Implementação do PPSI,high
3,PREVIC,delivery,eixo corrigido por cross-validation: '' → 'Segurança e Privacidade',Implementação do PPSI,Implementação do PPSI,high
3,PREVIC,delivery,eixo corrigido por cross-validation: '' → 'Segurança e Privacidade',Implementação do PPSI,Implementação do PPSI,high
3,PREVIC,delivery,eixo corrigido por cross-validation: '' → 'Segurança e Privacidade',Implementação do PPSI,Implementação do PPSI,high
3,PREVIC,delivery,eixo corrigido por cross-validation: '' → 'Segurança e Privacidade',Implementação do PPSI,Implementação do PPSI,high
3,PREVIC,delivery,eixo corrigido por cross-validation: '' → 'Segurança e Privacidade',Implementação do PPSI,Implementação do PPSI,high
3,PREVIC,delivery,eixo corrigido por cross-validation: '' → 'Serviços Digitais e Melhoria da Qualidade',Disponibilização em Acesso Digital,Disponibilização em Acesso Digital,high
3,PREVIC,delivery,eixo corrigido por cross-validation: '' → 'Serviços Digitais e Melhoria da Qualidade',Disponibilização em Acesso Digital,Disponibilização em Acesso Digital,high
3,PREVIC,delivery,eixo corrigido por cross-validation: '' → 'Serviços Digitais e Melhoria da Qualidade',Disponibilização em Acesso Digital,Disponibilização em Acesso Digital,high
3,PREVIC,delivery,eixo corrigido por cross-validation: '' → 'Serviços Digitais e Melhoria da Qualidade',Disponibilização em Acesso Digital,Disponibilização em Acesso Digital,high
3,PREVIC,delivery,eixo corrigido por cross-validation: '' → 'Serviços Digitais e Melhoria da Qualidade',Disponibilização em Acesso Digital,Disponibilização em Acesso Digital,high
3,PREVIC,delivery,eixo corrigido por cross-validation: '' → 'Serviços Digitais e Melhoria da Qualidade',Disponibilização em Acesso Digital,Disponibilização em Acesso Digital,high
3,PREVIC,delivery,eixo corrigido por cross-validation: '' → 'Serviços Digitais e Melhoria da Qualidade',Disponibilização em Acesso Digital,Disponibilização em Acesso Digital,high
3,PREVIC,delivery,eixo corrigido por cross-validation: '' → 'Serviços Digitais e Melhoria da Qualidade',Evolução do Serviço,Evolução do Serviço,high
3,PREVIC,delivery,eixo corrigido por cross-validation: '' → 'Serviços Digitais e Melhoria da Qualidade',Evolução do Serviço,Evolução do Serviço,high
3,PREVIC,delivery,eixo corrigido por cross-validation: '' → 'Serviços Digitais e Melhoria da Qualidade',Evolução do Serviço,Evolução do Serviço,high
3,PREVIC,delivery,eixo corrigido por cross-validation: '' → 'Serviços Digitais e Melhoria da Qualidade',Evolução do Serviço,Evolução do Serviço,high
3,PREVIC,delivery,eixo corrigido por cross-validation: '' → 'Serviços Digitais e Melhoria da Qualidade',Evolução do Serviço,Evolução do Serviço,high
3,PREVIC,delivery,eixo corrigido por cross-validation: '' → 'Serviços Digitais e Melhoria da Qualidade',Evolução do Serviço,Evolução do Serviço,high
3,PREVIC,delivery,eixo corrigido por cross-validation: '' → 'Serviços Digitais e Melhoria da Qualidade',Evolução do Serviço,Evolução do Serviço,high
3,PREVIC,delivery,eixo corrigido por cross-validation: '' → 'Serviços Digitais e Melhoria da Qualidade',Evolução do Serviço,Evolução do Serviço,high
3,PREVIC,delivery,eixo corrigido por cross-validation: '' → 'Serviços Digitais e Melhoria da Qualidade',Evolução do Serviço,Evolução do Serviço,high
3,PREVIC,delivery,eixo corrigido por cross-validation: '' → 'Serviços Digitais e Melhoria da Qualidade',Evolução do Serviço,Evolução do Serviço,high
3,PREVIC,delivery,eixo corrigido por cross-validation: '' → 'Serviços Digitais e Melhoria da Qualidade',Evolução do Serviço,Evolução do Serviço,high
3,PREVIC,delivery,eixo corrigido por cross-validation: '' → 'Serviços Digitais e Melhoria da Qualidade',Evolução do Serviço,Evolução do Serviço,high
3,PREVIC,delivery,eixo corrigido por cross-validation: '' → 'Serviços Digitais e Melhoria da Qualidade',Evolução do Serviço,Evolução do Serviço,high
3,PREVIC,delivery,eixo corrigido por cross-validation: '' → 'Serviços Digitais e Melhoria da Qualidade',Evolução do Serviço,Evolução do Serviço,high
3,PREVIC,delivery,eixo corrigido por cross-validation: '' → 'Serviços Digitais e Melhoria da Qualidade',Evolução do Serviço,Evolução do Serviço,high
3,PREVIC,delivery,eixo corrigido por cross-validation: '' → 'Serviços Digitais e Melhoria da Qualidade',Evolução do Serviço,Evolução do Serviço,high
3,PREVIC,delivery,eixo corrigido por cross-validation: '' → 'Serviços Digitais e Melhoria da Qualidade',Evolução do Serviço,Evolução do Serviço,high
3,PREVIC,delivery,eixo corrigido por cross-validation: '' → 'Serviços Digitais e Melhoria da Qualidade',Integração à ferramenta de avaliação da satisfação dos usuários,Integração à ferramenta de avaliação da satisfação dos usuários,high
3,PREVIC,delivery,eixo corrigido por cross-validation: '' → 'Serviços Digitais e Melhoria da Qualidade',Integração à ferramenta de avaliação da satisfação dos usuários,Integração à ferramenta de avaliação da satisfação dos usuários,high
3,PREVIC,delivery,eixo corrigido por cross-validation: '' → 'Serviços Digitais e Melhoria da Qualidade',Integração à ferramenta de avaliação da satisfação dos usuários,Integração à ferramenta de avaliação da satisfação dos usuários,high
3,PREVIC,delivery,eixo corrigido por cross-validation: '' → 'Serviços Digitais e Melhoria da Qualidade',Integração à ferramenta de avaliação da satisfação dos usuários,Integração à ferramenta de avaliação da satisfação dos usuários,high
3,PREVIC,delivery,eixo corrigido por cross-validation: '' → 'Serviços Digitais e Melhoria da Qualidade',Integração à ferramenta de avaliação da satisfação dos usuários,Integração à ferramenta de avaliação da satisfação dos usuários,high
3,PREVIC,delivery,eixo corrigido por cross-validation: '' → 'Serviços Digitais e Melhoria da Qualidade',Integração à ferramenta de avaliação da satisfação dos usuários,Integração à ferramenta de avaliação da satisfação dos usuários,high
3,PREVIC,delivery,eixo corrigido por cross-validation: '' → 'Serviços Digitais e Melhoria da Qualidade',Integração à ferramenta de avaliação da satisfação dos usuários,Integração à ferramenta de avaliação da satisfação dos usuários,high
3,PREVIC,delivery,eixo corrigido por cross-validation: '' → 'Serviços Digitais e Melhoria da Qualidade',Integração à ferramenta de avaliação da satisfação dos usuários,Integração à ferramenta de avaliação da satisfação dos usuários,high
3,PREVIC,delivery,eixo corrigido por cross-validation: '' → 'Serviços Digitais e Melhoria da Qualidade',Integração à ferramenta de avaliação da satisfação dos usuários,Integração à ferramenta de avaliação da satisfação dos usuários,high
3,PREVIC,delivery,eixo corrigido por cross-validation: '' → 'Serviços Digitais e Melhoria da Qualidade',Integração à ferramenta de avaliação da satisfação dos usuários,Integração à ferramenta de avaliação da satisfação dos usuários,high
3,PREVIC,delivery,eixo corrigido por cross-validation: '' → 'Serviços Digitais e Melhoria da Qualidade',Integração à ferramenta de avaliação da satisfação dos usuários,Integração à ferramenta de avaliação da satisfação dos usuários,high
3,PREVIC,delivery,eixo corrigido por cross-validation: '' → 'Serviços Digitais e Melhoria da Qualidade',Integração à ferramenta de avaliação da satisfação dos usuários,Integração à ferramenta de avaliação da satisfação dos usuários,high
3,PREVIC,delivery,eixo corrigido por cross-validation: '' → 'Serviços Digitais e Melhoria da Qualidade',Integração à ferramenta de avaliação da satisfação dos usuários,Integração à ferramenta de avaliação da satisfação dos usuários,high
3,PREVIC,delivery,eixo corrigido por cross-validation: '' → 'Serviços Digitais e Melhoria da Qualidade',Integração à ferramenta de avaliação da satisfação dos usuários,Integração à ferramenta de avaliação da satisfação dos usuários,high
3,PREVIC,delivery,eixo corrigido por cross-validation: '' → 'Serviços Digitais e Melhoria da Qualidade',Integração à ferramenta de avaliação da satisfação dos usuários,Integração à ferramenta de avaliação da satisfação dos usuários,high
3,PREVIC,delivery,eixo corrigido por cross-validation: '' → 'Serviços Digitais e Melhoria da Qualidade',Integração à ferramenta de avaliação da satisfação dos usuários,Integração à ferramenta de avaliação da satisfação dos usuários,high
3,PREVIC,delivery,eixo corrigido por cross-validation: '' → 'Serviços Digitais e Melhoria da Qualidade',Integração à ferramenta de avaliação da satisfação dos usuários,Integração à ferramenta de avaliação da satisfação dos usuários,high
3,PREVIC,delivery,eixo corrigido por cross-validation: '' → 'Serviços Digitais e Melhoria da Qualidade',Integração à ferramenta de avaliação da satisfação dos usuários,Integração à ferramenta de avaliação da satisfação dos usuários,high
3,PREVIC,delivery,eixo corrigido por cross-validation: '' → 'Serviços Digitais e Melhoria da Qualidade',Integração à ferramenta de avaliação da satisfação dos usuários,Integração à ferramenta de avaliação da satisfação dos usuários,high
3,PREVIC,delivery,eixo corrigido por cross-validation: '' → 'Serviços Digitais e Melhoria da Qualidade',Integração à ferramenta de avaliação da satisfação dos usuários,Integração à ferramenta de avaliação da satisfação dos usuários,high
3,PREVIC,delivery,eixo corrigido por cross-validation: '' → 'Serviços Digitais e Melhoria da Qualidade',Integração à ferramenta de avaliação da satisfação dos usuários,Integração à ferramenta de avaliação da satisfação dos usuários,high
3,PREVIC,delivery,eixo corrigido por cross-validation: '' → 'Serviços Digitais e Melhoria da Qualidade',Integração à ferramenta de avaliação da satisfação dos usuários,Integração à ferramenta de avaliação da satisfação dos usuários,high
3,PREVIC,delivery,eixo corrigido por cross-validation: '' → 'Serviços Digitais e Melhoria da Qualidade',Integração à ferramenta de avaliação da satisfação dos usuários,Integração à ferramenta de avaliação da satisfação dos usuários,high
3,PREVIC,delivery,eixo corrigido por cross-validation: '' → 'Serviços Digitais e Melhoria da Qualidade',Integração à ferramenta de avaliação da satisfação dos usuários,Integração à ferramenta de avaliação da satisfação dos usuários,high
3,PREVIC,delivery,eixo corrigido por cross-validation: '' → 'Serviços Digitais e Melhoria da Qualidade',Revisão da descrição dos serviços,Revisão da descrição dos serviços,high
3,PREVIC,delivery,eixo corrigido por cross-validation: '' → 'Serviços Digitais e Melhoria da Qualidade',Revisão da descrição dos serviços,Revisão da descrição dos serviços,high
3,PREVIC,delivery,eixo corrigido por cross-validation: '' → 'Serviços Digitais e Melhoria da Qualidade',Revisão da descrição dos serviços,Revisão da descrição dos serviços,high
3,PREVIC,delivery,eixo corrigido por cross-validation: '' → 'Serviços Digitais e Melhoria da Qualidade',Revisão da descrição dos serviços,Revisão da descrição dos serviços,high
3,PREVIC,delivery,eixo corrigido por cross-validation: '' → 'Serviços Digitais e Melhoria da Qualidade',Revisão da descrição dos serviços,Revisão da descrição dos serviços,high
3,PREVIC,delivery,eixo corrigido por cross-validation: '' → 'Serviços Digitais e Melhoria da Qualidade',Revisão da descrição dos serviços,Revisão da descrição dos serviços,high
3,PREVIC,delivery,eixo corrigido por cross-validation: '' → 'Serviços Digitais e Melhoria da Qualidade',Revisão da descrição dos serviços,Revisão da descrição dos serviços,high
3,PREVIC,delivery,eixo corrigido por cross-validation: '' → 'Serviços Digitais e Melhoria da Qualidade',Revisão da descrição dos serviços,Revisão da descrição dos serviços,high
3,PREVIC,delivery,eixo corrigido por cross-validation: '' → 'Serviços Digitais e Melhoria da Qualidade',Revisão da descrição dos serviços,Revisão da descrição dos serviços,high
3,PREVIC,delivery,eixo corrigido por cross-validation: '' → 'Serviços Digitais e Melhoria da Qualidade',Revisão da descrição dos serviços,Revisão da descrição dos serviços,high
3,PREVIC,delivery,eixo corrigido por cross-validation: '' → 'Serviços Digitais e Melhoria da Qualidade',Revisão da descrição dos serviços,Revisão da descrição dos serviços,high
3,PREVIC,delivery,eixo corrigido por cross-validation: '' → 'Serviços Digitais e Melhoria da Qualidade',Revisão da descrição dos serviços,Revisão da descrição dos serviços,high
3,PREVIC,delivery,eixo corrigido por cross-validation: '' → 'Serviços Digitais e Melhoria da Qualidade',Revisão da descrição dos serviços,Revisão da descrição dos serviços,high
3,PREVIC,delivery,eixo corrigido por cross-validation: '' → 'Serviços Digitais e Melhoria da Qualidade',Revisão da descrição dos serviços,Revisão da descrição dos serviços,high
3,PREVIC,delivery,eixo corrigido por cross-validation: '' → 'Serviços Digitais e Melhoria da Qualidade',Revisão da descrição dos serviços,Revisão da descrição dos serviços,high
3,PREVIC,delivery,eixo corrigido por cross-validation: '' → 'Serviços Digitais e Melhoria da Qualidade',Revisão da descrição dos serviços,Revisão da descrição dos serviços,high
3,PREVIC,delivery,eixo corrigido por cross-validation: '' → 'Serviços Digitais e Melhoria da Qualidade',Revisão da descrição dos serviços,Revisão da descrição dos serviços,high
3,PREVIC,delivery,eixo corrigido por cross-validation: '' → 'Serviços Digitais e Melhoria da Qualidade',Revisão da descrição dos serviços,Revisão da descrição dos serviços,high
3,PREVIC,delivery,eixo corrigido por cross-validation: '' → 'Unificação de Canais Digitais',Integração ao Login Único,Integração ao Login Único,high
3,PREVIC,delivery,eixo corrigido por cross-validation: '' → 'Unificação de Canais Digitais',Integração ao Login Único,Integração ao Login Único,high
3,PREVIC,delivery,eixo corrigido por cross-validation: '' → 'Unificação de Canais Digitais',Integração ao Login Único,Integração ao Login Único,high
3,PREVIC,delivery,eixo corrigido por cross-validation: '' → 'Unificação de Canais Digitais',Integração ao Login Único,Integração ao Login Único,high
3,PREVIC,delivery,eixo corrigido por cross-validation: '' → 'Unificação de Canais Digitais',Integração ao Login Único,Integração ao Login Único,high
3,PREVIC,delivery,eixo corrigido por cross-validation: '' → 'Unificação de Canais Digitais',Integração ao Login Único,Integração ao Login Único,high
3,PREVIC,delivery,eixo corrigido por cross-validation: '' → 'Unificação de Canais Digitais',Integração ao Login Único,Integração ao Login Único,high
3,PREVIC,delivery,eixo corrigido por cross-validation: '' → 'Unificação de Canais Digitais',Integração ao Login Único,Integração ao Login Único,high
3,PREVIC,delivery,eixo corrigido por cross-validation: '' → 'Unificação de Canais Digitais',Integração ao Login Único,Integração ao Login Único,high
3,PREVIC,delivery,eixo corrigido por cross-validation: '' → 'Unificação de Canais Digitais',Integração ao Login Único,Integração ao Login Único,high
3,PREVIC,delivery,eixo corrigido por cross-validation: '' → 'Unificação de Canais Digitais',Integração ao Login Único,Integração ao Login Único,high
3,PREVIC,delivery,eixo corrigido por cross-validation: '' → 'Unificação de Canais Digitais',Integração ao Login Único,Integração ao Login Único,high
3,PREVIC,delivery,eixo corrigido por cross-validation: '' → 'Unificação de Canais Digitais',Integração ao Login Único,Integração ao Login Único,high
3,PREVIC,delivery,eixo corrigido por cross-validation: '' → 'Unificação de Canais Digitais',Integração ao Login Único,Integração ao Login Único,high
3,PREVIC,delivery,eixo corrigido por cross-validation: '' → 'Unificação de Canais Digitais',Integração ao Login Único,Integração ao Login Único,high
3,PREVIC,delivery,eixo corrigido por cross-validation: '' → 'Unificação de Canais Digitais',Integração ao Login Único,Integração ao Login Único,high
3,PREVIC,delivery,eixo corrigido por cross-validation: '' → 'Unificação de Canais Digitais',Integração ao Login Único,Integração ao Login Único,high
3,PREVIC,delivery,eixo corrigido por cross-validation: '' → 'Unificação de Canais Digitais',Integração ao Login Único,Integração ao Login Único,high
3,PREVIC,delivery,eixo corrigido por cross-validation: '' → 'Unificação de Canais Digitais',Integração ao Login Único,Integração ao Login Único,high
3,PREVIC,delivery,eixo corrigido por cross-validation: '' → 'Unificação de Canais Digitais',Integração ao Login Único,Integração ao Login Único,high
3,PREVIC,delivery,eixo corrigido por cross-validation: '' → 'Unificação de Canais Digitais',Integração ao Login Único,Integração ao Login Único,high
3,PREVIC,delivery,eixo corrigido por cross-validation: '' → 'Unificação de Canais Digitais',Integração ao Login Único,Integração ao Login Único,high
3,PREVIC,delivery,eixo corrigido por cross-validation: '' → 'Unificação de Canais Digitais',Integração ao Login Único,Integração ao Login Único,high
3,PREVIC,delivery,eixo corrigido por cross-validation: '' → 'Unificação de Canais Digitais',Integração ao Login Único,Integração ao Login Único,high
3,PREVIC,delivery,eixo corrigido por cross-validation: '' → 'Unificação de Canais Digitais',Integração ao Pagtesouro,Integração ao Pagtesouro,high
3,PRF,delivery,eixo corrigido por cross-validation: '' → 'Segurança e Privacidade',"Auto-avaliação, análise de lacunas e planejamento do PPSI","Auto-avaliação, análise de lacunas e planejamento do PPSI",high
3,PRF,delivery,eixo corrigido por cross-validation: '' → 'Segurança e Privacidade',"Auto-avaliação, análise de lacunas e planejamento do PPSI","Auto-avaliação, análise de lacunas e planejamento do PPSI",high
3,PRF,delivery,eixo corrigido por cross-validation: '' → 'Segurança e Privacidade',Implementação do PPSI,Implementação do PPSI,high
3,PRF,delivery,eixo corrigido por cross-validation: '' → 'Segurança e Privacidade',Implementação do PPSI,Implementação do PPSI,high
3,PRF,delivery,eixo corrigido por cross-validation: '' → 'Serviços Digitais e Melhoria da Qualidade',Disponibilização em Acesso Digital,Disponibilização em Acesso Digital,high
3,PRF,delivery,eixo corrigido por cross-validation: '' → 'Serviços Digitais e Melhoria da Qualidade',Disponibilização em Acesso Digital,Disponibilização em Acesso Digital,high
3,PRF,delivery,eixo corrigido por cross-validation: '' → 'Serviços Digitais e Melhoria da Qualidade',Disponibilização em Acesso Digital,Disponibilização em Acesso Digital,high
3,PRF,delivery,eixo corrigido por cross-validation: '' → 'Serviços Digitais e Melhoria da Qualidade',Disponibilização em Acesso Digital,Disponibilização em Acesso Digital,high
3,PRF,delivery,eixo corrigido por cross-validation: '' → 'Serviços Digitais e Melhoria da Qualidade',Disponibilização em Acesso Digital,Disponibilização em Acesso Digital,high
3,PRF,delivery,eixo corrigido por cross-validation: '' → 'Serviços Digitais e Melhoria da Qualidade',Disponibilização em Acesso Digital,Disponibilização em Acesso Digital,high
3,PRF,delivery,eixo corrigido por cross-validation: '' → 'Serviços Digitais e Melhoria da Qualidade',Evolução do serviço,Evolução do Serviço,high
3,PRF,delivery,eixo corrigido por cross-validation: '' → 'Serviços Digitais e Melhoria da Qualidade',Evolução do serviço,Evolução do Serviço,high
3,PRF,delivery,eixo corrigido por cross-validation: '' → 'Serviços Digitais e Melhoria da Qualidade',Evolução do serviço,Evolução do Serviço,high
3,PRF,delivery,eixo corrigido por cross-validation: '' → 'Serviços Digitais e Melhoria da Qualidade',Evolução do serviço,Evolução do Serviço,high
3,PRF,delivery,eixo corrigido por cross-validation: '' → 'Serviços Digitais e Melhoria da Qualidade',Evolução do serviço,Evolução do Serviço,high
3,PRF,delivery,eixo corrigido por cross-validation: '' → 'Serviços Digitais e Melhoria da Qualidade',Evolução do serviço,Evolução do Serviço,high
3,PRF,delivery,eixo corrigido por cross-validation: '' → 'Serviços Digitais e Melhoria da Qualidade',Evolução do serviço,Evolução do Serviço,high
3,PRF,delivery,eixo corrigido por cross-validation: '' → 'Serviços Digitais e Melhoria da Qualidade',Evolução do serviço,Evolução do Serviço,high
3,PRF,delivery,eixo corrigido por cross-validation: '' → 'Serviços Digitais e Melhoria da Qualidade',Evolução do serviço,Evolução do Serviço,high
3,PRF,delivery,eixo corrigido por cross-validation: '' → 'Serviços Digitais e Melhoria da Qualidade',Evolução do serviço,Evolução do Serviço,high
3,PRF,delivery,eixo corrigido por cross-validation: '' → 'Serviços Digitais e Melhoria da Qualidade',Evolução do serviço,Evolução do Serviço,high
3,PRF,delivery,eixo corrigido por cross-validation: '' → 'Serviços Digitais e Melhoria da Qualidade',Evolução do serviço,Evolução do Serviço,high
3,PRF,delivery,eixo corrigido por cross-validation: '' → 'Serviços Digitais e Melhoria da Qualidade',Evolução do serviço,Evolução do Serviço,high
3,PRF,delivery,eixo corrigido por cross-validation: '' → 'Serviços Digitais e Melhoria da Qualidade',Evolução do serviço,Evolução do Serviço,high
3,PRF,delivery,eixo corrigido por cross-validation: '' → 'Serviços Digitais e Melhoria da Qualidade',Evolução do serviço,Evolução do Serviço,high
3,PRF,delivery,eixo corrigido por cross-validation: '' → 'Serviços Digitais e Melhoria da Qualidade',Evolução do serviço,Evolução do Serviço,high
3,PRF,delivery,eixo corrigido por cross-validation: '' → 'Serviços Digitais e Melhoria da Qualidade',Evolução do serviço,Evolução do Serviço,high
3,PRF,delivery,eixo corrigido por cross-validation: '' → 'Serviços Digitais e Melhoria da Qualidade',Evolução do serviço,Evolução do Serviço,high
3,PRF,delivery,eixo corrigido por cross-validation: '' → 'Serviços Digitais e Melhoria da Qualidade',Evolução do serviço,Evolução do Serviço,high
3,PRF,delivery,eixo corrigido por cross-validation: '' → 'Serviços Digitais e Melhoria da Qualidade',Evolução do serviço,Evolução do Serviço,high
3,PRF,delivery,eixo corrigido por cross-validation: '' → 'Serviços Digitais e Melhoria da Qualidade',Evolução do serviço,Evolução do Serviço,high
3,PRF,delivery,eixo corrigido por cross-validation: '' → 'Serviços Digitais e Melhoria da Qualidade',Evolução do serviço,Evolução do Serviço,high
3,PRF,delivery,eixo corrigido por cross-validation: '' → 'Serviços Digitais e Melhoria da Qualidade',Evolução do serviço,Evolução do Serviço,high
3,PRF,delivery,eixo corrigido por cross-validation: '' → 'Serviços Digitais e Melhoria da Qualidade',Evolução do serviço,Evolução do Serviço,high
3,PRF,delivery,eixo corrigido por cross-validation: '' → 'Serviços Digitais e Melhoria da Qualidade',Evolução do serviço,Evolução do Serviço,high
3,PRF,delivery,eixo corrigido por cross-validation: '' → 'Serviços Digitais e Melhoria da Qualidade',Evolução do serviço,Evolução do Serviço,high
3,PRF,delivery,eixo corrigido por cross-validation: '' → 'Serviços Digitais e Melhoria da Qualidade',Evolução do serviço,Evolução do Serviço,high
3,PRF,delivery,eixo corrigido por cross-validation: '' → 'Serviços Digitais e Melhoria da Qualidade',Evolução do serviço,Evolução do Serviço,high
3,PRF,delivery,eixo corrigido por cross-validation: '' → 'Serviços Digitais e Melhoria da Qualidade',Evolução do serviço,Evolução do Serviço,high
3,PRF,delivery,eixo corrigido por cross-validation: '' → 'Serviços Digitais e Melhoria da Qualidade',Evolução do serviço,Evolução do Serviço,high
3,PRF,delivery,eixo corrigido por cross-validation: '' → 'Serviços Digitais e Melhoria da Qualidade',Implantação da Área Logada,Implantação da Área Logada Gov.Br,high
3,PRF,delivery,eixo corrigido por cross-validation: '' → 'Serviços Digitais e Melhoria da Qualidade',Integração à ferramenta de avaliação da satisfação dos usuários,Integração à ferramenta de avaliação da satisfação dos usuários,high
3,PRF,delivery,eixo corrigido por cross-validation: '' → 'Serviços Digitais e Melhoria da Qualidade',Integração à ferramenta de avaliação da satisfação dos usuários,Integração à ferramenta de avaliação da satisfação dos usuários,high
3,PRF,delivery,eixo corrigido por cross-validation: '' → 'Serviços Digitais e Melhoria da Qualidade',Integração à ferramenta de avaliação da satisfação dos usuários,Integração à ferramenta de avaliação da satisfação dos usuários,high
3,PRF,delivery,eixo corrigido por cross-validation: '' → 'Serviços Digitais e Melhoria da Qualidade',Integração à ferramenta de avaliação da satisfação dos usuários,Integração à ferramenta de avaliação da satisfação dos usuários,high
3,PRF,delivery,eixo corrigido por cross-validation: '' → 'Serviços Digitais e Melhoria da Qualidade',Integração à ferramenta de avaliação da satisfação dos usuários,Integração à ferramenta de avaliação da satisfação dos usuários,high
3,PRF,delivery,eixo corrigido por cross-validation: '' → 'Serviços Digitais e Melhoria da Qualidade',Integração à ferramenta de avaliação da satisfação dos usuários,Integração à ferramenta de avaliação da satisfação dos usuários,high
3,PRF,delivery,eixo corrigido por cross-validation: '' → 'Serviços Digitais e Melhoria da Qualidade',Integração à ferramenta de avaliação da satisfação dos usuários,Integração à ferramenta de avaliação da satisfação dos usuários,high
3,PRF,delivery,eixo corrigido por cross-validation: '' → 'Serviços Digitais e Melhoria da Qualidade',Integração à ferramenta de avaliação da satisfação dos usuários,Integração à ferramenta de avaliação da satisfação dos usuários,high
3,PRF,delivery,eixo corrigido por cross-validation: '' → 'Serviços Digitais e Melhoria da Qualidade',Integração à ferramenta de avaliação da satisfação dos usuários,Integração à ferramenta de avaliação da satisfação dos usuários,high
3,PRF,delivery,eixo corrigido por cross-validation: '' → 'Serviços Digitais e Melhoria da Qualidade',Integração à ferramenta de avaliação da satisfação dos usuários,Integração à ferramenta de avaliação da satisfação dos usuários,high
3,PRF,delivery,eixo corrigido por cross-validation: '' → 'Serviços Digitais e Melhoria da Qualidade',Integração à ferramenta de avaliação da satisfação dos usuários,Integração à ferramenta de avaliação da satisfação dos usuários,high
3,PRF,delivery,eixo corrigido por cross-validation: '' → 'Serviços Digitais e Melhoria da Qualidade',Integração à ferramenta de avaliação da satisfação dos usuários,Integração à ferramenta de avaliação da satisfação dos usuários,high
3,PRF,delivery,eixo corrigido por cross-validation: '' → 'Serviços Digitais e Melhoria da Qualidade',Integração à ferramenta de avaliação da satisfação dos usuários,Integração à ferramenta de avaliação da satisfação dos usuários,high
3,PRF,delivery,eixo corrigido por cross-validation: '' → 'Serviços Digitais e Melhoria da Qualidade',Integração à ferramenta de avaliação da satisfação dos usuários,Integração à ferramenta de avaliação da satisfação dos usuários,high
3,PRF,delivery,eixo corrigido por cross-validation: '' → 'Serviços Digitais e Melhoria da Qualidade',Integração à ferramenta de avaliação da satisfação dos usuários,Integração à ferramenta de avaliação da satisfação dos usuários,high
3,PRF,delivery,eixo corrigido por cross-validation: '' → 'Serviços Digitais e Melhoria da Qualidade',Integração à ferramenta de avaliação da satisfação dos usuários,Integração à ferramenta de avaliação da satisfação dos usuários,high
3,PRF,delivery,eixo corrigido por cross-validation: '' → 'Serviços Digitais e Melhoria da Qualidade',Integração à ferramenta de avaliação da satisfação dos usuários,Integração à ferramenta de avaliação da satisfação dos usuários,high
3,PRF,delivery,eixo corrigido por cross-validation: '' → 'Serviços Digitais e Melhoria da Qualidade',Integração à ferramenta de avaliação da satisfação dos usuários,Integração à ferramenta de avaliação da satisfação dos usuários,high
3,PRF,delivery,eixo corrigido por cross-validation: '' → 'Serviços Digitais e Melhoria da Qualidade',Integração à ferramenta de avaliação da satisfação dos usuários,Integração à ferramenta de avaliação da satisfação dos usuários,high
3,PRF,delivery,eixo corrigido por cross-validation: '' → 'Serviços Digitais e Melhoria da Qualidade',Integração à ferramenta de avaliação da satisfação dos usuários,Integração à ferramenta de avaliação da satisfação dos usuários,high
3,PRF,delivery,eixo corrigido por cross-validation: '' → 'Serviços Digitais e Melhoria da Qualidade',Integração à ferramenta de avaliação da satisfação dos usuários,Integração à ferramenta de avaliação da satisfação dos usuários,high
3,PRF,delivery,eixo corrigido por cross-validation: '' → 'Serviços Digitais e Melhoria da Qualidade',Integração à ferramenta de avaliação da satisfação dos usuários,Integração à ferramenta de avaliação da satisfação dos usuários,high
3,PRF,delivery,eixo corrigido por cross-validation: '' → 'Serviços Digitais e Melhoria da Qualidade',Integração à ferramenta de avaliação da satisfação dos usuários,Integração à ferramenta de avaliação da satisfação dos usuários,high
3,PRF,delivery,eixo corrigido por cross-validation: '' → 'Serviços Digitais e Melhoria da Qualidade',Integração à ferramenta de avaliação da satisfação dos usuários,Integração à ferramenta de avaliação da satisfação dos usuários,high
3,PRF,delivery,eixo corrigido por cross-validation: '' → 'Serviços Digitais e Melhoria da Qualidade',Integração à ferramenta de avaliação da satisfação dos usuários,Integração à ferramenta de avaliação da satisfação dos usuários,high
3,PRF,delivery,eixo corrigido por cross-validation: '' → 'Serviços Digitais e Melhoria da Qualidade',Integração à ferramenta de avaliação da satisfação dos usuários,Integração à ferramenta de avaliação da satisfação dos usuários,high
3,PRF,delivery,eixo corrigido por cross-validation: '' → 'Serviços Digitais e Melhoria da Qualidade',Integração à ferramenta de avaliação da satisfação dos usuários,Integração à ferramenta de avaliação da satisfação dos usuários,high
3,PRF,delivery,eixo corrigido por cross-validation: '' → 'Serviços Digitais e Melhoria da Qualidade',Integração à ferramenta de avaliação da satisfação dos usuários,Integração à ferramenta de avaliação da satisfação dos usuários,high
3,PRF,delivery,eixo corrigido por cross-validation: '' → 'Serviços Digitais e Melhoria da Qualidade',Integração à ferramenta de avaliação da satisfação dos usuários,Integração à ferramenta de avaliação da satisfação dos usuários,high
3,PRF,delivery,eixo corrigido por cross-validation: '' → 'Serviços Digitais e Melhoria da Qualidade',Integração à ferramenta de avaliação da satisfação dos usuários,Integração à ferramenta de avaliação da satisfação dos usuários,high
3,PRF,delivery,eixo corrigido por cross-validation: '' → 'Serviços Digitais e Melhoria da Qualidade',Integração à ferramenta de avaliação da satisfação dos usuários,Integração à ferramenta de avaliação da satisfação dos usuários,high
3,PRF,delivery,eixo corrigido por cross-validation: '' → 'Serviços Digitais e Melhoria da Qualidade',Revisão da descrição dos serviços,Revisão da descrição dos serviços,high
3,PRF,delivery,eixo corrigido por cross-validation: '' → 'Serviços Digitais e Melhoria da Qualidade',Revisão da descrição dos serviços,Revisão da descrição dos serviços,high
3,PRF,delivery,eixo corrigido por cross-validation: '' → 'Serviços Digitais e Melhoria da Qualidade',Revisão da descrição dos serviços,Revisão da descrição dos serviços,high
3,PRF,delivery,eixo corrigido por cross-validation: '' → 'Serviços Digitais e Melhoria da Qualidade',Revisão da descrição dos serviços,Revisão da descrição dos serviços,high
3,PRF,delivery,eixo corrigido por cross-validation: '' → 'Serviços Digitais e Melhoria da Qualidade',Revisão da descrição dos serviços,Revisão da descrição dos serviços,high
3,PRF,delivery,eixo corrigido por cross-validation: '' → 'Serviços Digitais e Melhoria da Qualidade',Revisão da descrição dos serviços,Revisão da descrição dos serviços,high
3,PRF,delivery,eixo corrigido por cross-validation: '' → 'Serviços Digitais e Melhoria da Qualidade',Revisão da descrição dos serviços,Revisão da descrição dos serviços,high
3,PRF,delivery,eixo corrigido por cross-validation: '' → 'Serviços Digitais e Melhoria da Qualidade',Revisão da descrição dos serviços,Revisão da descrição dos serviços,high
3,PRF,delivery,eixo corrigido por cross-validation: '' → 'Serviços Digitais e Melhoria da Qualidade',Revisão da descrição dos serviços,Revisão da descrição dos serviços,high
3,PRF,delivery,eixo corrigido por cross-validation: '' → 'Serviços Digitais e Melhoria da Qualidade',Revisão da descrição dos serviços,Revisão da descrição dos serviços,high
3,PRF,delivery,eixo corrigido por cross-validation: '' → 'Serviços Digitais e Melhoria da Qualidade',Revisão da descrição dos serviços,Revisão da descrição dos serviços,high
3,PRF,delivery,eixo corrigido por cross-validation: '' → 'Serviços Digitais e Melhoria da Qualidade',Revisão da descrição dos serviços,Revisão da descrição dos serviços,high
3,PRF,delivery,eixo corrigido por cross-validation: '' → 'Serviços Digitais e Melhoria da Qualidade',Revisão da descrição dos serviços,Revisão da descrição dos serviços,high
3,PRF,delivery,eixo corrigido por cross-validation: '' → 'Serviços Digitais e Melhoria da Qualidade',Revisão da descrição dos serviços,Revisão da descrição dos serviços,high
3,PRF,delivery,eixo corrigido por cross-validation: '' → 'Serviços Digitais e Melhoria da Qualidade',Revisão da descrição dos serviços,Revisão da descrição dos serviços,high
3,PRF,delivery,eixo corrigido por cross-validation: '' → 'Serviços Digitais e Melhoria da Qualidade',Revisão da descrição dos serviços,Revisão da descrição dos serviços,high
3,PRF,delivery,eixo corrigido por cross-validation: '' → 'Serviços Digitais e Melhoria da Qualidade',Revisão da descrição dos serviços,Revisão da descrição dos serviços,high
3,PRF,delivery,eixo corrigido por cross-validation: '' → 'Serviços Digitais e Melhoria da Qualidade',Revisão da descrição dos serviços,Revisão da descrição dos serviços,high
3,PRF,delivery,eixo corrigido por cross-validation: '' → 'Serviços Digitais e Melhoria da Qualidade',Revisão da descrição dos serviços,Revisão da descrição dos serviços,high
3,PRF,delivery,eixo corrigido por cross-validation: '' → 'Serviços Digitais e Melhoria da Qualidade',Revisão da descrição dos serviços,Revisão da descrição dos serviços,high
3,PRF,delivery,eixo corrigido por cross-validation: '' → 'Serviços Digitais e Melhoria da Qualidade',Revisão da descrição dos serviços,Revisão da descrição dos serviços,high
3,PRF,delivery,eixo corrigido por cross-validation: '' → 'Serviços Digitais e Melhoria da Qualidade',Revisão da descrição dos serviços,Revisão da descrição dos serviços,high
3,PRF,delivery,eixo corrigido por cross-validation: '' → 'Serviços Digitais e Melhoria da Qualidade',Revisão da descrição dos serviços,Revisão da descrição dos serviços,high
3,PRF,delivery,eixo corrigido por cross-validation: '' → 'Serviços Digitais e Melhoria da Qualidade',Revisão da descrição dos serviços,Revisão da descrição dos serviços,high
3,PRF,delivery,eixo corrigido por cross-validation: '' → 'Serviços Digitais e Melhoria da Qualidade',Revisão da descrição dos serviços,Revisão da descrição dos serviços,high
3,PRF,delivery,eixo corrigido por cross-validation: '' → 'Serviços Digitais e Melhoria da Qualidade',Revisão da descrição dos serviços,Revisão da descrição dos serviços,high
3,PRF,delivery,eixo corrigido por cross-validation: '' → 'Serviços Digitais e Melhoria da Qualidade',Revisão da descrição dos serviços,Revisão da descrição dos serviços,high
3,PRF,delivery,eixo corrigido por cross-validation: '' → 'Serviços Digitais e Melhoria da Qualidade',Revisão da descrição dos serviços,Revisão da descrição dos serviços,high
3,PRF,delivery,eixo corrigido por cross-validation: '' → 'Serviços Digitais e Melhoria da Qualidade',Revisão da descrição dos serviços,Revisão da descrição dos serviços,high
3,PRF,delivery,eixo corrigido por cross-validation: '' → 'Serviços Digitais e Melhoria da Qualidade',Revisão da descrição dos serviços,Revisão da descrição dos serviços,high
3,PRF,delivery,eixo corrigido por cross-validation: '' → 'Serviços Digitais e Melhoria da Qualidade',Revisão da descrição dos serviços,Revisão da descrição dos serviços,high
3,PRF,delivery,eixo corrigido por cross-validation: '' → 'Serviços Digitais e Melhoria da Qualidade',Revisão da descrição dos serviços,Revisão da descrição dos serviços,high
3,PRF,delivery,eixo corrigido por cross-validation: '' → 'Serviços Digitais e Melhoria da Qualidade',Revisão da descrição dos serviços,Revisão da descrição dos serviços,high
3,PRF,delivery,eixo corrigido por cross-validation: '' → 'Serviços Digitais e Melhoria da Qualidade',Revisão da descrição dos serviços,Revisão da descrição dos serviços,high
3,PRF,delivery,eixo corrigido por cross-validation: '' → 'Serviços Digitais e Melhoria da Qualidade',Revisão da descrição dos serviços,Revisão da descrição dos serviços,high
3,PRF,delivery,eixo corrigido por cross-validation: '' → 'Serviços Digitais e Melhoria da Qualidade',Revisão da descrição dos serviços,Revisão da descrição dos serviços,high
3,PRF,delivery,eixo corrigido por cross-validation: '' → 'Serviços Digitais e Melhoria da Qualidade',Revisão da descrição dos serviços,Revisão da descrição dos serviços,high
3,PRF,delivery,eixo corrigido por cross-validation: '' → 'Serviços Digitais e Melhoria da Qualidade',Revisão da descrição dos serviços,Revisão da descrição dos serviços,high
3,PRF,delivery,eixo corrigido por cross-validation: '' → 'Serviços Digitais e Melhoria da Qualidade',Revisão da descrição dos serviços,Revisão da descrição dos serviços,high
3,PRF,delivery,eixo corrigido por cross-validation: '' → 'Serviços Digitais e Melhoria da Qualidade',Revisão da descrição dos serviços,Revisão da descrição dos serviços,high
3,PRF,delivery,eixo corrigido por cross-validation: '' → 'Serviços Digitais e Melhoria da Qualidade',Revisão da descrição dos serviços,Revisão da descrição dos serviços,high
3,PRF,delivery,eixo corrigido por cross-validation: '' → 'Serviços Digitais e Melhoria da Qualidade',Revisão da descrição dos serviços,Revisão da descrição dos serviços,high
3,PRF,delivery,eixo corrigido por cross-validation: '' → 'Serviços Digitais e Melhoria da Qualidade',Revisão da descrição dos serviços,Revisão da descrição dos serviços,high
3,PRF,delivery,eixo corrigido por cross-validation: '' → 'Serviços Digitais e Melhoria da Qualidade',Revisão da descrição dos serviços,Revisão da descrição dos serviços,high
3,PRF,delivery,eixo corrigido por cross-validation: '' → 'Serviços Digitais e Melhoria da Qualidade',Revisão da descrição dos serviços,Revisão da descrição dos serviços,high
3,PRF,delivery,eixo corrigido por cross-validation: '' → 'Serviços Digitais e Melhoria da Qualidade',Revisão da descrição dos serviços,Revisão da descrição dos serviços,high
3,PRF,delivery,eixo corrigido por cross-validation: '' → 'Serviços Digitais e Melhoria da Qualidade',Revisão da descrição dos serviços,Revisão da descrição dos serviços,high
3,PRF,delivery,eixo corrigido por cross-validation: '' → 'Serviços Digitais e Melhoria da Qualidade',Revisão da descrição dos serviços,Revisão da descrição dos serviços,high
3,PRF,delivery,eixo corrigido por cross-validation: '' → 'Serviços Digitais e Melhoria da Qualidade',Revisão da descrição dos serviços,Revisão da descrição dos serviços,high
3,PRF,delivery,eixo corrigido por cross-validation: '' → 'Serviços Digitais e Melhoria da Qualidade',Revisão da descrição dos serviços,Revisão da descrição dos serviços,high
3,PRF,delivery,eixo corrigido por cross-validation: '' → 'Serviços Digitais e Melhoria da Qualidade',Revisão da descrição dos serviços,Revisão da descrição dos serviços,high
3,PRF,delivery,eixo corrigido por cross-validation: '' → 'Serviços Digitais e Melhoria da Qualidade',Revisão da descrição dos serviços,Revisão da descrição dos serviços,high
3,PRF,delivery,eixo corrigido por cross-validation: '' → 'Serviços Digitais e Melhoria da Qualidade',Revisão da descrição dos serviços,Revisão da descrição dos serviços,high
3,PRF,delivery,eixo corrigido por cross-validation: '' → 'Serviços Digitais e Melhoria da Qualidade',Revisão da descrição dos serviços,Revisão da descrição dos serviços,high
3,PRF,delivery,eixo corrigido por cross-validation: '' → 'Serviços Digitais e Melhoria da Qualidade',Revisão da descrição dos serviços,Revisão da descrição dos serviços,high
3,PRF,delivery,eixo corrigido por cross-validation: '' → 'Serviços Digitais e Melhoria da Qualidade',Revisão da descrição dos serviços,Revisão da descrição dos serviços,high
3,PRF,delivery,eixo corrigido por cross-validation: '' → 'Serviços Digitais e Melhoria da Qualidade',Revisão da descrição dos serviços,Revisão da descrição dos serviços,high
3,PRF,delivery,eixo corrigido por cross-validation: '' → 'Serviços Digitais e Melhoria da Qualidade',Revisão da descrição dos serviços,Revisão da descrição dos serviços,high
3,PRF,delivery,eixo corrigido por cross-validation: '' → 'Serviços Digitais e Melhoria da Qualidade',Revisão da descrição dos serviços,Revisão da descrição dos serviços,high
3,PRF,delivery,eixo corrigido por cross-validation: '' → 'Serviços Digitais e Melhoria da Qualidade',Revisão da descrição dos serviços,Revisão da descrição dos serviços,high
3,PRF,delivery,eixo corrigido por cross-validation: '' → 'Unificação de Canais Digitais',Implantação do Design System,Implantação do Design System,high
3,PRF,delivery,eixo corrigido por cross-validation: '' → 'Unificação de Canais Digitais',Implantação do Design System,Implantação do Design System,high
3,PRF,delivery,eixo corrigido por cross-validation: '' → 'Unificação de Canais Digitais',Implantação do Design System,Implantação do Design System,high
3,PRF,delivery,eixo corrigido por cross-validation: '' → 'Unificação de Canais Digitais',Integração ao Login Único,Integração ao Login Único,high
3,PRF,delivery,eixo corrigido por cross-validation: '' → 'Unificação de Canais Digitais',Integração ao Login Único,Integração ao Login Único,high
3,PRF,delivery,eixo corrigido por cross-validation: '' → 'Unificação de Canais Digitais',Integração ao Login Único,Integração ao Login Único,high
3,PRF,delivery,eixo corrigido por cross-validation: '' → 'Unificação de Canais Digitais',Integração ao Login Único,Integração ao Login Único,high
3,PRF,delivery,eixo corrigido por cross-validation: '' → 'Unificação de Canais Digitais',Integração ao Login Único,Integração ao Login Único,high
3,PRF,delivery,eixo corrigido por cross-validation: '' → 'Unificação de Canais Digitais',Integração ao Login Único,Integração ao Login Único,high
3,PRF,delivery,eixo corrigido por cross-validation: '' → 'Unificação de Canais Digitais',Integração ao Login Único,Integração ao Login Único,high
3,PRF,delivery,eixo corrigido por cross-validation: '' → 'Unificação de Canais Digitais',Integração ao Login Único,Integração ao Login Único,high
3,PRF,delivery,eixo corrigido por cross-validation: '' → 'Unificação de Canais Digitais',Integração ao Login Único,Integração ao Login Único,high
3,PRF,delivery,eixo corrigido por cross-validation: '' → 'Unificação de Canais Digitais',Integração ao Login Único,Integração ao Login Único,high
3,PRF,delivery,eixo corrigido por cross-validation: '' → 'Unificação de Canais Digitais',Integração ao Login Único,Integração ao Login Único,high
3,PRF,delivery,eixo corrigido por cross-validation: '' → 'Unificação de Canais Digitais',Integração ao Login Único,Integração ao Login Único,high
3,PRF,delivery,eixo corrigido por cross-validation: '' → 'Unificação de Canais Digitais',Integração ao Login Único,Integração ao Login Único,high
3,PRF,delivery,eixo corrigido por cross-validation: '' → 'Unificação de Canais Digitais',Integração ao Login Único,Integração ao Login Único,high
3,PRF,delivery,eixo corrigido por cross-validation: '' → 'Unificação de Canais Digitais',Integração ao Login Único,Integração ao Login Único,high
3,PRF,delivery,eixo corrigido por cross-validation: '' → 'Unificação de Canais Digitais',Integração ao Login Único,Integração ao Login Único,high
3,PRF,delivery,eixo corrigido por cross-validation: '' → 'Unificação de Canais Digitais',Integração ao Login Único,Integração ao Login Único,high
3,PRF,delivery,eixo corrigido por cross-validation: '' → 'Unificação de Canais Digitais',Integração ao Login Único,Integração ao Login Único,high
3,PRF,delivery,eixo corrigido por cross-validation: '' → 'Unificação de Canais Digitais',Integração ao Login Único,Integração ao Login Único,high
3,PRF,delivery,eixo corrigido por cross-validation: '' → 'Unificação de Canais Digitais',Integração ao Login Único,Integração ao Login Único,high
3,PRF,delivery,eixo corrigido por cross-validation: '' → 'Unificação de Canais Digitais',Integração ao Login Único,Integração ao Login Único,high
3,PRF,delivery,eixo corrigido por cross-validation: '' → 'Unificação de Canais Digitais',Integração ao Login Único,Integração ao Login Único,high
3,PRF,delivery,eixo corrigido por cross-validation: '' → 'Unificação de Canais Digitais',Integração ao Login Único,Integração ao Login Único,high
3,PRF,delivery,eixo corrigido por cross-validation: '' → 'Unificação de Canais Digitais',Integração ao Login Único,Integração ao Login Único,high
3,PRF,delivery,eixo corrigido por cross-validation: '' → 'Unificação de Canais Digitais',Integração ao Login Único,Integração ao Login Único,high
3,PRF,delivery,eixo corrigido por cross-validation: '' → 'Unificação de Canais Digitais',Integração ao Login Único,Integração ao Login Único,high
3,PRF,delivery,eixo corrigido por cross-validation: '' → 'Unificação de Canais Digitais',Integração ao Login Único,Integração ao Login Único,high
3,PRF,delivery,eixo corrigido por cross-validation: '' → 'Unificação de Canais Digitais',Integração ao Pagtesouro,Integração ao Pagtesouro,high
3,PRF,delivery,eixo corrigido por cross-validation: '' → 'Unificação de Canais Digitais',Integração ao Pagtesouro,Integração ao Pagtesouro,high
4,ABIN,delivery,needs review,Migração de APPs móveis para a loja do,Migração de APPs móveis para a loja do Gov.br,medium
4,AEB,risk,tratamento múltiplo/composto ('mitigar; transferir'),P:Provável | I:Alto | T:Mitigar/Tra nsferir,P:provável | I:alto | T:mitigar; transferir,high
4,AEB,risk,tratamento múltiplo/composto ('mitigar; transferir'),P:Pouco provável | I:Alto | T:Mitigar/Tra nsferir,P:pouco provável | I:alto | T:mitigar; transferir,high
4,AEB,risk,tratamento múltiplo/composto ('mitigar; transferir'),P:Pouco provável | I:Média | T:Mitigar/Tra nsferir,P:pouco provável | I:médio | T:mitigar; transferir,high
4,AEB,risk,tratamento múltiplo/composto ('mitigar; transferir'),P:Pouco provável | I:Médio | T:Mitigar/Tra nsferir,P:pouco provável | I:médio | T:mitigar; transferir,high
4,ANA,delivery,produto Outros,Outros,Outros,high
4,ANA,delivery,produto Outros,Outros,Outros,high
4,ANA,delivery,produto Outros,Outros,Outros,high
4,ANA,delivery,produto Outros,Outros,Outros,high
4,ANA,delivery,produto Outros,Outros,Outros,high
4,ANA,delivery,produto Outros,Outros,Outros,high
4,ANA,delivery,produto Outros,Outros,Outros,high
4,ANA,delivery,produto Outros,Outros,Outros,high
4,ANA,delivery,produto Outros,Outros,Outros,high
4,ANA,delivery,produto Outros,Outros,Outros,high
4,ANA,delivery,fuzzy=0.92,"Auto-avaliação, análise de lacunas e planejamento","Auto-avaliação, análise de lacunas e planejamento do PPSI",medium
4,ANA,delivery,fuzzy=0.92,"Auto-avaliação, análise de lacunas e planejamento","Auto-avaliação, análise de lacunas e planejamento do PPSI",medium
4,ANA,delivery,fuzzy=0.92,"Auto-avaliação, análise de lacunas e planejamento","Auto-avaliação, análise de lacunas e planejamento do PPSI",medium
4,ANA,risk,recuperado de header de coluna,P:Pouco provável | I:Muito alto | T:Mitigar,P:pouco provável | I:muito alto | T:mitigar,medium
4,ANA,risk,tratamento múltiplo/composto ('transferir; transferir'),P:Pouco provável | I:Muito alto | T:Transferir/ Compartilhar,P:pouco provável | I:muito alto | T:transferir; transferir,high
4,ANA,risk,recuperado de header de coluna,P:Muito provável | I:Muito alto | T:Mitigar,P:muito provável | I:muito alto | T:mitigar,medium
4,ANAC,delivery,produto Outros,Outros,Outros,high
4,ANAC,delivery,produto Outros,Outros,Outros,high
4,ANAC,delivery,fuzzy=0.92,sOutros,Outros,medium
4,ANAC,delivery,fuzzy=0.92,sOutros,Outros,medium
4,ANAC,delivery,produto Outros,Outros,Outros,high
4,ANAC,delivery,produto Outros,Outros,Outros,high
4,ANAC,delivery,fuzzy=0.92,eOutros,Outros,medium
4,ANAC,delivery,produto Outros,Outros,Outros,high
4,ANAC,delivery,produto Outros,Outros,Outros,high
4,ANATEL,risk,recuperado de header de coluna,P:Pouco provável | I:Muito alto | T:Mitigar,P:pouco provável | I:muito alto | T:mitigar,medium
4,ANCINE,delivery,produto Outros,Outros,Outros,high
4,ANCINE,delivery,produto Outros,Outros,Outros,high
4,ANCINE,delivery,fuzzy=0.92,Integração à ferramenta de avaliação da satisfação dos,Integração à ferramenta de avaliação da satisfação dos usuários,medium
4,ANCINE,delivery,fuzzy=0.92,Integração à ferramenta de avaliação da satisfação dos,Integração à ferramenta de avaliação da satisfação dos usuários,medium
4,ANCINE,delivery,fuzzy=0.92,Integração à ferramenta de avaliação da satisfação dos,Integração à ferramenta de avaliação da satisfação dos usuários,medium
4,ANCINE,delivery,fuzzy=0.92,Integração à ferramenta de avaliação da satisfação dos,Integração à ferramenta de avaliação da satisfação dos usuários,medium
4,ANCINE,delivery,fuzzy=0.92,Integração à ferramenta de avaliação da satisfação dos,Integração à ferramenta de avaliação da satisfação dos usuários,medium
4,ANCINE,delivery,fuzzy=0.92,Integração à ferramenta de avaliação da satisfação dos,Integração à ferramenta de avaliação da satisfação dos usuários,medium
4,ANCINE,delivery,fuzzy=0.92,Integração à ferramenta de avaliação da satisfação dos,Integração à ferramenta de avaliação da satisfação dos usuários,medium
4,ANCINE,delivery,fuzzy=0.92,Integração à ferramenta de avaliação da satisfação dos,Integração à ferramenta de avaliação da satisfação dos usuários,medium
4,ANCINE,delivery,fuzzy=0.92,Integração à ferramenta de avaliação da satisfação dos,Integração à ferramenta de avaliação da satisfação dos usuários,medium
4,ANCINE,delivery,fuzzy=0.92,Integração à ferramenta de avaliação da satisfação dos,Integração à ferramenta de avaliação da satisfação dos usuários,medium
4,ANCINE,delivery,fuzzy=0.92,Integração à ferramenta de avaliação da satisfação dos,Integração à ferramenta de avaliação da satisfação dos usuários,medium
4,ANCINE,delivery,fuzzy=0.92,Integração à ferramenta de avaliação da satisfação dos,Integração à ferramenta de avaliação da satisfação dos usuários,medium
4,ANCINE,delivery,fuzzy=0.92,Integração à ferramenta de avaliação da satisfação dos,Integração à ferramenta de avaliação da satisfação dos usuários,medium
4,ANCINE,delivery,fuzzy=0.92,Integração à ferramenta de avaliação da satisfação dos,Integração à ferramenta de avaliação da satisfação dos usuários,medium
4,ANCINE,delivery,fuzzy=0.92,Integração à ferramenta de avaliação da satisfação dos,Integração à ferramenta de avaliação da satisfação dos usuários,medium
4,ANCINE,delivery,fuzzy=0.92,Integração à ferramenta de avaliação da satisfação dos,Integração à ferramenta de avaliação da satisfação dos usuários,medium
4,ANCINE,delivery,fuzzy=0.92,Integração à ferramenta de avaliação da satisfação dos,Integração à ferramenta de avaliação da satisfação dos usuários,medium
4,ANCINE,delivery,fuzzy=0.92,Integração à ferramenta de avaliação da satisfação dos,Integração à ferramenta de avaliação da satisfação dos usuários,medium
4,ANCINE,delivery,fuzzy=0.92,Integração à ferramenta de avaliação da satisfação dos,Integração à ferramenta de avaliação da satisfação dos usuários,medium
4,ANCINE,delivery,fuzzy=0.92,Integração à ferramenta de avaliação da satisfação dos,Integração à ferramenta de avaliação da satisfação dos usuários,medium
4,ANCINE,delivery,fuzzy=0.92,Integração à ferramenta de avaliação da satisfação dos,Integração à ferramenta de avaliação da satisfação dos usuários,medium
4,ANCINE,delivery,fuzzy=0.92,Integração à ferramenta de avaliação da satisfação dos,Integração à ferramenta de avaliação da satisfação dos usuários,medium
4,ANCINE,delivery,fuzzy=0.92,Integração à ferramenta de avaliação da satisfação dos,Integração à ferramenta de avaliação da satisfação dos usuários,medium
4,ANCINE,delivery,fuzzy=0.92,Integração à ferramenta de avaliação da satisfação dos,Integração à ferramenta de avaliação da satisfação dos usuários,medium
4,ANCINE,delivery,fuzzy=0.92,Integração à ferramenta de avaliação da satisfação dos,Integração à ferramenta de avaliação da satisfação dos usuários,medium
4,ANCINE,delivery,fuzzy=0.92,Integração à ferramenta de avaliação da satisfação dos,Integração à ferramenta de avaliação da satisfação dos usuários,medium
4,ANCINE,delivery,fuzzy=0.92,Integração à ferramenta de avaliação da satisfação dos,Integração à ferramenta de avaliação da satisfação dos usuários,medium
4,ANCINE,delivery,fuzzy=0.92,Integração à ferramenta de avaliação da satisfação dos,Integração à ferramenta de avaliação da satisfação dos usuários,medium
4,ANCINE,delivery,fuzzy=0.92,Integração à ferramenta de avaliação da satisfação dos,Integração à ferramenta de avaliação da satisfação dos usuários,medium
4,ANCINE,delivery,fuzzy=0.92,Integração à ferramenta de avaliação da satisfação dos,Integração à ferramenta de avaliação da satisfação dos usuários,medium
4,ANCINE,delivery,fuzzy=0.92,Integração à ferramenta de avaliação da satisfação dos,Integração à ferramenta de avaliação da satisfação dos usuários,medium
4,ANCINE,delivery,fuzzy=0.92,Integração à ferramenta de avaliação da satisfação dos,Integração à ferramenta de avaliação da satisfação dos usuários,medium
4,ANCINE,risk,recuperado de header de coluna,P:Provável | I:médio | T:mitigar,P:provável | I:médio | T:mitigar,medium
4,ANEEL,risk,recuperado de header de coluna,P:provável | I:muito alto | T:mitigar,P:provável | I:muito alto | T:mitigar,medium
4,ANM,risk,needs review,P:pouco provável | I:muito alto | T:,P:pouco provável | I:muito alto | T:,low
4,ANP,risk,recuperado de header de coluna,P:Muito provável | I:Médio | T:mitigar,P:muito provável | I:médio | T:mitigar,medium
4,ANS,delivery,needs review,Integração à ferramenta de avaliação da satisfação dos,Integração à ferramenta de avaliação da satisfação dos usuários,medium
4,ANS,delivery,needs review,Integração à ferramenta de avaliação da satisfação dos,Integração à ferramenta de avaliação da satisfação dos usuários,medium
4,ANS,delivery,needs review,Integração à ferramenta de avaliação da satisfação dos,Integração à ferramenta de avaliação da satisfação dos usuários,medium
4,ANS,delivery,needs review,Integração à ferramenta de avaliação da satisfação dos,Integração à ferramenta de avaliação da satisfação dos usuários,medium
4,ANS,delivery,needs review,Integração à ferramenta de avaliação da satisfação dos,Integração à ferramenta de avaliação da satisfação dos usuários,medium
4,ANS,delivery,needs review,Integração à ferramenta de avaliação da satisfação dos,Integração à ferramenta de avaliação da satisfação dos usuários,medium
4,ANS,delivery,needs review,Integração à ferramenta de avaliação da satisfação dos,Integração à ferramenta de avaliação da satisfação dos usuários,medium
4,ANS,delivery,needs review,Integração à ferramenta de avaliação da satisfação dos,Integração à ferramenta de avaliação da satisfação dos usuários,medium
4,ANS,delivery,needs review,Integração à ferramenta de avaliação da satisfação dos,Integração à ferramenta de avaliação da satisfação dos usuários,medium
4,ANS,delivery,needs review,Integração à ferramenta de avaliação da satisfação dos,Integração à ferramenta de avaliação da satisfação dos usuários,medium
4,ANS,delivery,needs review,Integração à ferramenta de avaliação da satisfação dos,Integração à ferramenta de avaliação da satisfação dos usuários,medium
4,ANS,delivery,needs review,Integração à ferramenta de avaliação da satisfação dos,Integração à ferramenta de avaliação da satisfação dos usuários,medium
4,ANS,delivery,needs review,Integração à ferramenta de avaliação da satisfação dos,Integração à ferramenta de avaliação da satisfação dos usuários,medium
4,ANS,delivery,needs review,Integração à ferramenta de avaliação da satisfação dos,Integração à ferramenta de avaliação da satisfação dos usuários,medium
4,ANS,delivery,needs review,Integração à ferramenta de avaliação da satisfação dos,Integração à ferramenta de avaliação da satisfação dos usuários,medium
4,ANS,delivery,needs review,Integração à ferramenta de avaliação da satisfação dos,Integração à ferramenta de avaliação da satisfação dos usuários,medium
4,ANS,delivery,needs review,Integração à ferramenta de avaliação da satisfação dos,Integração à ferramenta de avaliação da satisfação dos usuários,medium
4,ANS,delivery,needs review,Integração à ferramenta de avaliação da satisfação dos,Integração à ferramenta de avaliação da satisfação dos usuários,medium
4,ANS,risk,recuperado de header de coluna,P:provável | I:alto | T:mitigar,P:provável | I:alto | T:mitigar,medium
4,ANTAQ,risk,probabilidade: column-shift (casa em 'impacto'),P:Muito baixa | I:Baixo | T:Aceitar,P:raro | I:baixo | T:aceitar,low
4,ANTAQ,risk,probabilidade: column-shift (casa em 'impacto'),P:Muito baixa | I:Baixo | T:Aceitar,P:raro | I:baixo | T:aceitar,low
4,ANTAQ,risk,recuperado de header de coluna,P:Média | I:Moderado | T:Aceitar,P:provável | I:médio | T:aceitar,medium
4,ANTAQ,risk,probabilidade: column-shift (casa em 'impacto'),P:Muito baixa | I:Baixo | T:Aceitar,P:raro | I:baixo | T:aceitar,low
4,ANTT,delivery,needs review,Integração à base de dados(OUTROS),Integração à base de dados,medium
4,ANTT,delivery,needs review,do framework de Privacidade e Segurança da Informação.,Adequação ao Framework de Privacidade e Segurança da Informação,medium
4,ANTT,risk,recuperado de header de coluna,P:Provável | I:Muito alto | T:Reduzir ou mitigar o risco,P:provável | I:muito alto | T:mitigar,medium
4,CADE,delivery,needs review,"Auto-avaliação, análise de lacunas e planejamento","Auto-avaliação, análise de lacunas e planejamento do PPSI",medium
4,CADE,delivery,needs review,"Auto-avaliação, análise de lacunas e planejamento","Auto-avaliação, análise de lacunas e planejamento do PPSI",medium
4,CADE,delivery,needs review,"Auto-avaliação, análise de lacunas e planejamento","Auto-avaliação, análise de lacunas e planejamento do PPSI",medium
4,CADE,delivery,needs review,"Auto-avaliação, análise de lacunas e planejamento","Auto-avaliação, análise de lacunas e planejamento do PPSI",medium
4,CADE,delivery,needs review,"Auto-avaliação, análise de lacunas e planejamento","Auto-avaliação, análise de lacunas e planejamento do PPSI",medium
4,CADE,delivery,needs review,"Auto-avaliação, análise de lacunas e planejamento","Auto-avaliação, análise de lacunas e planejamento do PPSI",medium
4,CADE,delivery,needs review,"Auto-avaliação, análise de lacunas e planejamento","Auto-avaliação, análise de lacunas e planejamento do PPSI",medium
4,CADE,risk,probabilidade: column-shift (casa em 'impacto'),P:Baixo | I:Alto | T:Mitigar,P:pouco provável | I:alto | T:mitigar,low
4,CADE,risk,probabilidade: 'Médio'; probabilidade: column-shift (casa em 'impacto'),P:Médio | I:Médio | T:Mitigar,P:Médio | I:médio | T:mitigar,low
4,CAPES,risk,risco vazio; tratamento múltiplo/composto ('mitigar; eliminar'),P:pouco provável; | I:baixo; | T:mitigar; eliminar;,P:pouco provável | I:baixo | T:mitigar; eliminar,medium
4,CAPES,risk,risco vazio; tratamento múltiplo/composto ('transferir; aceitar'),P:provável; | I:médio; | T:transferir; aceitar;,P:provável | I:médio | T:transferir; aceitar,medium
4,CAPES,risk,risco vazio,P:muito provável; | I:alto; | T:,P:muito provável | I:alto | T:,low
4,CAPES,risk,risco vazio,P:praticamente certo | I:muito alto | T:,P:praticamente certo | I:muito alto | T:,low
4,CAPES,risk,needs review,P: | I: | T:,P: | I: | T:,low
4,CAPES,risk,needs review,P: | I: | T:,P: | I: | T:,low
4,CAPES,risk,needs review,P: | I: | T:,P: | I: | T:,low
4,CAPES,risk,needs review,P: | I: | T:,P: | I: | T:,low
4,CAPES,risk,needs review,P: | I: | T:,P: | I: | T:,low
4,CAPES,risk,needs review,P: | I: | T:,P: | I: | T:,low
4,CAPES,risk,needs review,P: | I: | T:,P: | I: | T:,low
4,CAPES,risk,needs review,P: | I: | T:,P: | I: | T:,low
4,CAPES,risk,needs review,P: | I: | T:,P: | I: | T:,low
4,CAPES,risk,needs review,P: | I: | T:,P: | I: | T:,low
4,CAPES,risk,needs review,P: | I: | T:,P: | I: | T:,low
4,CAPES,risk,needs review,P: | I: | T:,P: | I: | T:,low
4,CAPES,risk,needs review,P: | I: | T:,P: | I: | T:,low
4,CAPES,risk,needs review,P: | I: | T:,P: | I: | T:,low
4,CAPES,risk,needs review,P: | I: | T:,P: | I: | T:,low
4,CAPES,risk,needs review,P: | I: | T:,P: | I: | T:,low
4,CENSIPAM,risk,needs review,P: | I: | T:,P: | I: | T:,low
4,CGU,risk,recuperado de header de coluna,P:Pouco provável | I:Muito alto | T:Mitigar,P:pouco provável | I:muito alto | T:mitigar,medium
4,CNPQ,risk,recuperado de header de coluna,P:Pouco provável | I:Alto | T:Mitigar,P:pouco provável | I:alto | T:mitigar,medium
4,CONAB,delivery,needs review,Integração à base de dados do SNCR,Integração à base de dados,medium
4,CONAB,delivery,needs review,Migração de APPs móveis para a loja do,Migração de APPs móveis para a loja do Gov.br,medium
4,CONAB,delivery,needs review,Migração de APPs móveis para a loja do,Migração de APPs móveis para a loja do Gov.br,medium
4,CVM,delivery,fuzzy=0.89; eixo corrigido: '' → 'Segurança e Privacidade',"Autoavaliação, análise de lacunas e planejamen","Auto-avaliação, análise de lacunas e planejamento do PPSI",medium
4,CVM,delivery,fuzzy=0.89; eixo corrigido: '' → 'Segurança e Privacidade',"Autoavaliação, análise de lacunas e planejamen","Auto-avaliação, análise de lacunas e planejamento do PPSI",medium
4,CVM,delivery,fuzzy=0.89; eixo corrigido: '' → 'Segurança e Privacidade',"Autoavaliação, análise de lacunas e planejamen","Auto-avaliação, análise de lacunas e planejamento do PPSI",medium
4,CVM,delivery,fuzzy=0.89; eixo corrigido: '' → 'Segurança e Privacidade',"Autoavaliação, análise de lacunas e planejamen","Auto-avaliação, análise de lacunas e planejamento do PPSI",medium
4,CVM,risk,needs review,P: | I:Alto | T:Mitigar,P: | I:alto | T:mitigar,low
4,CVM,risk,needs review,P: | I:Muito Alto | T:Mitigar,P: | I:muito alto | T:mitigar,low
4,CVM,risk,needs review,P: | I:Alto | T:Mitigar,P: | I:alto | T:mitigar,low
4,CVM,risk,needs review,P: | I:Alto | T:Mitigar,P: | I:alto | T:mitigar,low
4,DNOCS,delivery,needs review,"Auto-avaliação, análise de lacunas e planejamento","Auto-avaliação, análise de lacunas e planejamento do PPSI",medium
4,DNOCS,delivery,needs review,"Auto-avaliação, análise de lacunas e planejamento","Auto-avaliação, análise de lacunas e planejamento do PPSI",medium
4,DNOCS,delivery,needs review,"Auto-avaliação, análise de lacunas e planejamento","Auto-avaliação, análise de lacunas e planejamento do PPSI",medium
4,DNOCS,delivery,needs review,"Auto-avaliação, análise de lacunas e planejamento","Auto-avaliação, análise de lacunas e planejamento do PPSI",medium
4,DNOCS,delivery,needs review,Integração à ferramenta de avaliação da satisfação dos,Integração à ferramenta de avaliação da satisfação dos usuários,medium
4,FCP,delivery,fuzzy=0.92,Evolução de Serviços,Evolução do Serviço,medium
4,FCP,delivery,fuzzy=0.92,Evolução de Serviços,Evolução do Serviço,medium
4,FCRB,delivery,fuzzy=0.92,"Auto-avaliação, análise de lacunas e planejamento","Auto-avaliação, análise de lacunas e planejamento do PPSI",medium
4,FCRB,delivery,fuzzy=0.92,"Auto-avaliação, análise de lacunas e planejamento","Auto-avaliação, análise de lacunas e planejamento do PPSI",medium
4,FCRB,delivery,fuzzy=0.92,"Auto-avaliação, análise de lacunas e planejamento","Auto-avaliação, análise de lacunas e planejamento do PPSI",medium
4,FCRB,delivery,fuzzy=0.92,"Auto-avaliação, análise de lacunas e planejamento","Auto-avaliação, análise de lacunas e planejamento do PPSI",medium
4,FCRB,risk,recuperado de header de coluna,P:Pouco provável | I:Muito alto | T:Compartilh ar,P:pouco provável | I:muito alto | T:transferir,medium
4,FIOCRUZ,delivery,produto Outros,Outros,Outros,high
4,FIOCRUZ,delivery,produto Outros,Outros,Outros,high
4,FUNAI,delivery,fuzzy=0.90,Disponibilidade em acesso digital,Disponibilização em Acesso Digital,medium
4,FUNAI,delivery,fuzzy=0.90,Disponibilidade em acesso digital,Disponibilização em Acesso Digital,medium
4,FUNAI,delivery,fuzzy=0.90,Disponibilidade em acesso digital,Disponibilização em Acesso Digital,medium
4,FUNAI,delivery,fuzzy=0.90,Disponibilidade em acesso digital,Disponibilização em Acesso Digital,medium
4,FUNAI,delivery,fuzzy=0.90,Disponibilidade em acesso digital,Disponibilização em Acesso Digital,medium
4,FUNAI,delivery,fuzzy=0.90,Disponibilidade em acesso digital,Disponibilização em Acesso Digital,medium
4,FUNAI,delivery,fuzzy=0.90,Disponibilidade em acesso digital,Disponibilização em Acesso Digital,medium
4,FUNARTE,delivery,needs review,Integração à base de dados do,Integração à base de dados,medium
4,FUNARTE,delivery,needs review,Integração à base de dados do,Integração à base de dados,medium
4,FUNARTE,delivery,needs review,Integração à base de dados do,Integração à base de dados,medium
4,FUNARTE,delivery,needs review,Integração à base de dados do,Integração à base de dados,medium
4,FUNARTE,delivery,needs review,Integração à base de dados do,Integração à base de dados,medium
4,FUNARTE,delivery,needs review,Integração à base de dados do,Integração à base de dados,medium
4,IBAMA,delivery,produto Outros,Outros,Outros,high
4,IBAMA,delivery,produto Outros,Outros,Outros,high
4,IBAMA,delivery,produto Outros,Outros,Outros,high
4,IBAMA,delivery,produto Outros,Outros,Outros,high
4,IBAMA,delivery,produto Outros,Outros,Outros,high
4,IBAMA,delivery,fuzzy=0.94,Integração à ferramenta de avaliação da satisfação dos u,Integração à ferramenta de avaliação da satisfação dos usuários,medium
4,IBAMA,delivery,fuzzy=0.94,Integração à ferramenta de avaliação da satisfação dos u,Integração à ferramenta de avaliação da satisfação dos usuários,medium
4,IBAMA,delivery,fuzzy=0.94,Integração à ferramenta de avaliação da satisfação dos u,Integração à ferramenta de avaliação da satisfação dos usuários,medium
4,IBAMA,delivery,fuzzy=0.93,eIntegração à ferramenta de avaliação da satisfação dos u,Integração à ferramenta de avaliação da satisfação dos usuários,medium
4,IBAMA,delivery,fuzzy=0.94,Integração à ferramenta de avaliação da satisfação dos u,Integração à ferramenta de avaliação da satisfação dos usuários,medium
4,IBAMA,delivery,fuzzy=0.93,tIntegração à ferramenta de avaliação da satisfação dos u,Integração à ferramenta de avaliação da satisfação dos usuários,medium
4,IBAMA,delivery,fuzzy=0.93,eIntegração à ferramenta de avaliação da satisfação dos u,Integração à ferramenta de avaliação da satisfação dos usuários,medium
4,IBAMA,delivery,fuzzy=0.94,Integração à ferramenta de avaliação da satisfação dos u,Integração à ferramenta de avaliação da satisfação dos usuários,medium
4,IBAMA,delivery,fuzzy=0.94,Integração à ferramenta de avaliação da satisfação dos u,Integração à ferramenta de avaliação da satisfação dos usuários,medium
4,IBAMA,delivery,fuzzy=0.93,eIntegração à ferramenta de avaliação da satisfação dos u,Integração à ferramenta de avaliação da satisfação dos usuários,medium
4,IBAMA,delivery,fuzzy=0.94,Integração à ferramenta de avaliação da satisfação dos u,Integração à ferramenta de avaliação da satisfação dos usuários,medium
4,IBAMA,delivery,fuzzy=0.93,eIntegração à ferramenta de avaliação da satisfação dos u,Integração à ferramenta de avaliação da satisfação dos usuários,medium
4,IBAMA,delivery,fuzzy=0.94,Integração à ferramenta de avaliação da satisfação dos u,Integração à ferramenta de avaliação da satisfação dos usuários,medium
4,IBAMA,delivery,fuzzy=0.94,Integração à ferramenta de avaliação da satisfação dos u,Integração à ferramenta de avaliação da satisfação dos usuários,medium
4,IBAMA,delivery,fuzzy=0.94,Integração à ferramenta de avaliação da satisfação dos u,Integração à ferramenta de avaliação da satisfação dos usuários,medium
4,IBAMA,delivery,fuzzy=0.93,OIntegração à ferramenta de avaliação da satisfação dos u,Integração à ferramenta de avaliação da satisfação dos usuários,medium
4,IBAMA,delivery,fuzzy=0.94,Integração à ferramenta de avaliação da satisfação dos u,Integração à ferramenta de avaliação da satisfação dos usuários,medium
4,IBAMA,delivery,fuzzy=0.93,dIntegração à ferramenta de avaliação da satisfação dos u,Integração à ferramenta de avaliação da satisfação dos usuários,medium
4,IBAMA,delivery,fuzzy=0.94,Integração à ferramenta de avaliação da satisfação dos u,Integração à ferramenta de avaliação da satisfação dos usuários,medium
4,IBAMA,delivery,fuzzy=0.93,tIntegração à ferramenta de avaliação da satisfação dos u,Integração à ferramenta de avaliação da satisfação dos usuários,medium
4,IBAMA,delivery,fuzzy=0.94,Integração à ferramenta de avaliação da satisfação dos u,Integração à ferramenta de avaliação da satisfação dos usuários,medium
4,IBAMA,delivery,fuzzy=0.94,Integração à ferramenta de avaliação da satisfação dos u,Integração à ferramenta de avaliação da satisfação dos usuários,medium
4,IBAMA,delivery,fuzzy=0.94,Integração à ferramenta de avaliação da satisfação dos u,Integração à ferramenta de avaliação da satisfação dos usuários,medium
4,IBAMA,delivery,fuzzy=0.94,Integração à ferramenta de avaliação da satisfação dos u,Integração à ferramenta de avaliação da satisfação dos usuários,medium
4,IBAMA,delivery,fuzzy=0.94,Integração à ferramenta de avaliação da satisfação dos u,Integração à ferramenta de avaliação da satisfação dos usuários,medium
4,IBAMA,delivery,fuzzy=0.94,Integração à ferramenta de avaliação da satisfação dos u,Integração à ferramenta de avaliação da satisfação dos usuários,medium
4,IBAMA,delivery,fuzzy=0.94,Integração à ferramenta de avaliação da satisfação dos u,Integração à ferramenta de avaliação da satisfação dos usuários,medium
4,IBAMA,delivery,fuzzy=0.94,Integração à ferramenta de avaliação da satisfação dos u,Integração à ferramenta de avaliação da satisfação dos usuários,medium
4,IBAMA,delivery,fuzzy=0.94,Integração à ferramenta de avaliação da satisfação dos u,Integração à ferramenta de avaliação da satisfação dos usuários,medium
4,IBAMA,delivery,fuzzy=0.94,Integração à ferramenta de avaliação da satisfação dos u,Integração à ferramenta de avaliação da satisfação dos usuários,medium
4,IBAMA,delivery,fuzzy=0.94,Integração à ferramenta de avaliação da satisfação dos u,Integração à ferramenta de avaliação da satisfação dos usuários,medium
4,IBAMA,delivery,fuzzy=0.93,pIntegração à ferramenta de avaliação da satisfação dos u,Integração à ferramenta de avaliação da satisfação dos usuários,medium
4,IBAMA,delivery,fuzzy=0.94,Integração à ferramenta de avaliação da satisfação dos u,Integração à ferramenta de avaliação da satisfação dos usuários,medium
4,IBAMA,delivery,fuzzy=0.93,oIntegração à ferramenta de avaliação da satisfação dos u,Integração à ferramenta de avaliação da satisfação dos usuários,medium
4,IBAMA,delivery,fuzzy=0.94,Integração à ferramenta de avaliação da satisfação dos u,Integração à ferramenta de avaliação da satisfação dos usuários,medium
4,IBAMA,delivery,fuzzy=0.94,Integração à ferramenta de avaliação da satisfação dos u,Integração à ferramenta de avaliação da satisfação dos usuários,medium
4,IBAMA,delivery,fuzzy=0.94,Integração à ferramenta de avaliação da satisfação dos u,Integração à ferramenta de avaliação da satisfação dos usuários,medium
4,IBAMA,delivery,fuzzy=0.94,Integração à ferramenta de avaliação da satisfação dos u,Integração à ferramenta de avaliação da satisfação dos usuários,medium
4,IBAMA,delivery,fuzzy=0.94,Integração à ferramenta de avaliação da satisfação dos u,Integração à ferramenta de avaliação da satisfação dos usuários,medium
4,IBAMA,delivery,fuzzy=0.93,dIntegração à ferramenta de avaliação da satisfação dos u,Integração à ferramenta de avaliação da satisfação dos usuários,medium
4,IBAMA,delivery,fuzzy=0.93,eIntegração à ferramenta de avaliação da satisfação dos u,Integração à ferramenta de avaliação da satisfação dos usuários,medium
4,IBAMA,delivery,fuzzy=0.94,Integração à ferramenta de avaliação da satisfação dos u,Integração à ferramenta de avaliação da satisfação dos usuários,medium
4,IBAMA,delivery,fuzzy=0.94,Integração à ferramenta de avaliação da satisfação dos u,Integração à ferramenta de avaliação da satisfação dos usuários,medium
4,IBAMA,delivery,fuzzy=0.93,aIntegração à ferramenta de avaliação da satisfação dos u,Integração à ferramenta de avaliação da satisfação dos usuários,medium
4,IBAMA,delivery,fuzzy=0.94,Integração à ferramenta de avaliação da satisfação dos u,Integração à ferramenta de avaliação da satisfação dos usuários,medium
4,IBAMA,delivery,fuzzy=0.94,Integração à ferramenta de avaliação da satisfação dos u,Integração à ferramenta de avaliação da satisfação dos usuários,medium
4,IBAMA,delivery,fuzzy=0.94,Integração à ferramenta de avaliação da satisfação dos u,Integração à ferramenta de avaliação da satisfação dos usuários,medium
4,IBAMA,delivery,fuzzy=0.94,Integração à ferramenta de avaliação da satisfação dos u,Integração à ferramenta de avaliação da satisfação dos usuários,medium
4,IBAMA,delivery,fuzzy=0.94,Integração à ferramenta de avaliação da satisfação dos u,Integração à ferramenta de avaliação da satisfação dos usuários,medium
4,IBAMA,delivery,fuzzy=0.94,Integração à ferramenta de avaliação da satisfação dos u,Integração à ferramenta de avaliação da satisfação dos usuários,medium
4,IBAMA,delivery,fuzzy=0.94,Integração à ferramenta de avaliação da satisfação dos u,Integração à ferramenta de avaliação da satisfação dos usuários,medium
4,IBAMA,delivery,fuzzy=0.94,Integração à ferramenta de avaliação da satisfação dos u,Integração à ferramenta de avaliação da satisfação dos usuários,medium
4,IBAMA,delivery,fuzzy=0.94,Integração à ferramenta de avaliação da satisfação dos u,Integração à ferramenta de avaliação da satisfação dos usuários,medium
4,IBAMA,delivery,fuzzy=0.94,Integração à ferramenta de avaliação da satisfação dos u,Integração à ferramenta de avaliação da satisfação dos usuários,medium
4,IBAMA,delivery,fuzzy=0.94,Integração à ferramenta de avaliação da satisfação dos u,Integração à ferramenta de avaliação da satisfação dos usuários,medium
4,IBAMA,delivery,fuzzy=0.94,Integração à ferramenta de avaliação da satisfação dos u,Integração à ferramenta de avaliação da satisfação dos usuários,medium
4,IBAMA,delivery,fuzzy=0.94,Integração à ferramenta de avaliação da satisfação dos u,Integração à ferramenta de avaliação da satisfação dos usuários,medium
4,IBAMA,delivery,fuzzy=0.94,Integração à ferramenta de avaliação da satisfação dos u,Integração à ferramenta de avaliação da satisfação dos usuários,medium
4,IBAMA,delivery,fuzzy=0.94,Integração à ferramenta de avaliação da satisfação dos u,Integração à ferramenta de avaliação da satisfação dos usuários,medium
4,IBAMA,delivery,fuzzy=0.93,eIntegração à ferramenta de avaliação da satisfação dos u,Integração à ferramenta de avaliação da satisfação dos usuários,medium
4,IBAMA,delivery,fuzzy=0.94,Integração à ferramenta de avaliação da satisfação dos u,Integração à ferramenta de avaliação da satisfação dos usuários,medium
4,IBAMA,delivery,fuzzy=0.94,Integração à ferramenta de avaliação da satisfação dos u,Integração à ferramenta de avaliação da satisfação dos usuários,medium
4,IBAMA,delivery,fuzzy=0.94,Integração à ferramenta de avaliação da satisfação dos u,Integração à ferramenta de avaliação da satisfação dos usuários,medium
4,IBAMA,delivery,fuzzy=0.94,Integração à ferramenta de avaliação da satisfação dos u,Integração à ferramenta de avaliação da satisfação dos usuários,medium
4,IBAMA,delivery,fuzzy=0.94,Integração à ferramenta de avaliação da satisfação dos u,Integração à ferramenta de avaliação da satisfação dos usuários,medium
4,IBAMA,delivery,fuzzy=0.94,Integração à ferramenta de avaliação da satisfação dos u,Integração à ferramenta de avaliação da satisfação dos usuários,medium
4,IBAMA,delivery,fuzzy=0.94,Integração à ferramenta de avaliação da satisfação dos u,Integração à ferramenta de avaliação da satisfação dos usuários,medium
4,IBAMA,delivery,fuzzy=0.94,Integração à ferramenta de avaliação da satisfação dos u,Integração à ferramenta de avaliação da satisfação dos usuários,medium
4,IBAMA,delivery,fuzzy=0.94,Integração à ferramenta de avaliação da satisfação dos u,Integração à ferramenta de avaliação da satisfação dos usuários,medium
4,IBAMA,delivery,fuzzy=0.93,oIntegração à ferramenta de avaliação da satisfação dos u,Integração à ferramenta de avaliação da satisfação dos usuários,medium
4,IBAMA,delivery,fuzzy=0.94,Integração à ferramenta de avaliação da satisfação dos u,Integração à ferramenta de avaliação da satisfação dos usuários,medium
4,IBAMA,delivery,fuzzy=0.94,Integração à ferramenta de avaliação da satisfação dos u,Integração à ferramenta de avaliação da satisfação dos usuários,medium
4,IBAMA,delivery,fuzzy=0.94,Integração à ferramenta de avaliação da satisfação dos u,Integração à ferramenta de avaliação da satisfação dos usuários,medium
4,IBAMA,delivery,fuzzy=0.94,Integração à ferramenta de avaliação da satisfação dos u,Integração à ferramenta de avaliação da satisfação dos usuários,medium
4,IBAMA,delivery,fuzzy=0.94,Integração à ferramenta de avaliação da satisfação dos u,Integração à ferramenta de avaliação da satisfação dos usuários,medium
4,IBAMA,delivery,fuzzy=0.94,Integração à ferramenta de avaliação da satisfação dos u,Integração à ferramenta de avaliação da satisfação dos usuários,medium
4,IBAMA,delivery,fuzzy=0.94,Integração à ferramenta de avaliação da satisfação dos u,Integração à ferramenta de avaliação da satisfação dos usuários,medium
4,IBAMA,delivery,fuzzy=0.94,Integração à ferramenta de avaliação da satisfação dos u,Integração à ferramenta de avaliação da satisfação dos usuários,medium
4,IBAMA,delivery,fuzzy=0.94,Integração à ferramenta de avaliação da satisfação dos u,Integração à ferramenta de avaliação da satisfação dos usuários,medium
4,IBAMA,delivery,fuzzy=0.94,Integração à ferramenta de avaliação da satisfação dos u,Integração à ferramenta de avaliação da satisfação dos usuários,medium
4,IBAMA,delivery,fuzzy=0.94,Integração à ferramenta de avaliação da satisfação dos u,Integração à ferramenta de avaliação da satisfação dos usuários,medium
4,IBAMA,delivery,recuperado de header multi-página,Implantação do Design System,Implantação do Design System,medium
4,IBAMA,risk,probabilidade: 'Médio'; probabilidade: column-shift (casa em 'impacto'),P:Médio | I:alto | T:Mitigar,P:Médio | I:alto | T:mitigar,low
4,IBGE,risk,needs review,P:Provável | I:Muito alto | T:,P:provável | I:muito alto | T:,low
4,IBGE,risk,needs review,P: | I:baixo | T:Mitigar,P: | I:baixo | T:mitigar,low
4,IBGE,risk,needs review,P:Raro | I:Médio | T:,P:raro | I:médio | T:,low
4,INMETRO,delivery,needs review,"Auto-avaliação, análise de lacunas e planejamento","Auto-avaliação, análise de lacunas e planejamento do PPSI",medium
4,INMETRO,delivery,needs review,"Auto-avaliação, análise de lacunas e planejamento","Auto-avaliação, análise de lacunas e planejamento do PPSI",medium
4,INMETRO,delivery,needs review,"Auto-avaliação, análise de lacunas e planejamento","Auto-avaliação, análise de lacunas e planejamento do PPSI",medium
4,INMETRO,delivery,needs review,"Auto-avaliação, análise de lacunas e planejamento","Auto-avaliação, análise de lacunas e planejamento do PPSI",medium
4,INMETRO,delivery,needs review,"Auto-avaliação, análise de lacunas e planejamento","Auto-avaliação, análise de lacunas e planejamento do PPSI",medium
4,INMETRO,delivery,needs review,"Auto-avaliação, análise de lacunas e planejamento","Auto-avaliação, análise de lacunas e planejamento do PPSI",medium
4,INMETRO,delivery,needs review,Integração à ferramenta de avaliação da satisfação,Integração à ferramenta de avaliação da satisfação dos usuários,medium
4,INMETRO,delivery,needs review,Integração à ferramenta de avaliação da satisfação,Integração à ferramenta de avaliação da satisfação dos usuários,medium
4,INMETRO,risk,probabilidade: 'Médio'; probabilidade: column-shift (casa em 'impacto'),P:Médio | I:Médio | T:Mitigar,P:Médio | I:médio | T:mitigar,low
4,INMETRO,risk,probabilidade: 'Médio'; probabilidade: column-shift (casa em 'impacto'),P:Médio | I:Alto | T:Mitigar,P:Médio | I:alto | T:mitigar,low
4,INMETRO,risk,probabilidade: column-shift (casa em 'impacto'),P:Baixo | I:Alto | T:Mitigar,P:pouco provável | I:alto | T:mitigar,low
4,INMETRO,risk,probabilidade: 'Médio'; probabilidade: column-shift (casa em 'impacto'),P:Médio | I:Alto | T:Mitigar,P:Médio | I:alto | T:mitigar,low
4,INMETRO,risk,probabilidade: 'Médio'; probabilidade: column-shift (casa em 'impacto'),P:Médio | I:Alto | T:Mitigar,P:Médio | I:alto | T:mitigar,low
4,INPI,risk,recuperado de header de coluna,P:Provável | I:Médio | T:Mitigar,P:provável | I:médio | T:mitigar,medium
4,INSS,delivery,produto Outros,Outros,Outros,high
4,INSS,delivery,produto Outros,Outros,Outros,high
4,INSS,delivery,produto Outros,Outros,Outros,high
4,INSS,delivery,produto Outros,Outros,Outros,high
4,INSS,delivery,produto Outros,Outros,Outros,high
4,INSS,delivery,produto Outros,Outros,Outros,high
4,INSS,delivery,produto Outros,Outros,Outros,high
4,INSS,delivery,produto Outros,Outros,Outros,high
4,INSS,delivery,fuzzy=0.92,"Auto-avaliação, análise de lacunas e planejamento","Auto-avaliação, análise de lacunas e planejamento do PPSI",medium
4,INSS,delivery,fuzzy=0.92,"Auto-avaliação, análise de lacunas e planejamento","Auto-avaliação, análise de lacunas e planejamento do PPSI",medium
4,INSS,delivery,fuzzy=0.92,"Auto-avaliação, análise de lacunas e planejamento","Auto-avaliação, análise de lacunas e planejamento do PPSI",medium
4,INSS,delivery,fuzzy=0.88,Integração à ferramenta de avaliação da satisfação,Integração à ferramenta de avaliação da satisfação dos usuários,medium
4,INSS,delivery,fuzzy=0.88,Integração à ferramenta de avaliação da satisfação,Integração à ferramenta de avaliação da satisfação dos usuários,medium
4,INSS,delivery,fuzzy=0.88,Integração à ferramenta de avaliação da satisfação,Integração à ferramenta de avaliação da satisfação dos usuários,medium
4,INSS,delivery,fuzzy=0.88,Integração à ferramenta de avaliação da satisfação,Integração à ferramenta de avaliação da satisfação dos usuários,medium
4,INSS,delivery,fuzzy=0.88,Integração à ferramenta de avaliação da satisfação,Integração à ferramenta de avaliação da satisfação dos usuários,medium
4,INSS,delivery,fuzzy=0.88,Integração à ferramenta de avaliação da satisfação,Integração à ferramenta de avaliação da satisfação dos usuários,medium
4,INSS,delivery,fuzzy=0.88,Integração à ferramenta de avaliação da satisfação,Integração à ferramenta de avaliação da satisfação dos usuários,medium
4,INSS,delivery,fuzzy=0.88,Integração à ferramenta de avaliação da satisfação,Integração à ferramenta de avaliação da satisfação dos usuários,medium
4,INSS,delivery,fuzzy=0.88,Integração à ferramenta de avaliação da satisfação,Integração à ferramenta de avaliação da satisfação dos usuários,medium
4,INSS,delivery,fuzzy=0.88,Integração à ferramenta de avaliação da satisfação,Integração à ferramenta de avaliação da satisfação dos usuários,medium
4,INSS,delivery,fuzzy=0.88,Integração à ferramenta de avaliação da satisfação,Integração à ferramenta de avaliação da satisfação dos usuários,medium
4,INSS,delivery,fuzzy=0.88,Integração à ferramenta de avaliação da satisfação,Integração à ferramenta de avaliação da satisfação dos usuários,medium
4,INSS,delivery,fuzzy=0.88,Integração à ferramenta de avaliação da satisfação,Integração à ferramenta de avaliação da satisfação dos usuários,medium
4,IPHAN,delivery,needs review,Realização de Autodiagnóstico de,Realização de Autodiagnóstico de Qualidade,medium
4,MCTI,delivery,produto Outros,Outros,Outros,high
4,MCTI,delivery,produto Outros,Outros,Outros,high
4,MCTI,delivery,produto Outros,Outros,Outros,high
4,MCTI,delivery,produto Outros,Outros,Outros,high
4,MDHC,delivery,needs review,Integração à ferramenta de avaliação da satisfação dos,Integração à ferramenta de avaliação da satisfação dos usuários,medium
4,MDHC,delivery,needs review,Integração à ferramenta de avaliação da satisfação dos,Integração à ferramenta de avaliação da satisfação dos usuários,medium
4,MDHC,delivery,needs review,Integração à ferramenta de avaliação da satisfação dos,Integração à ferramenta de avaliação da satisfação dos usuários,medium
4,MDHC,delivery,needs review,Integração à ferramenta de avaliação da satisfação dos,Integração à ferramenta de avaliação da satisfação dos usuários,medium
4,MDHC,delivery,needs review,Integração à ferramenta de avaliação da satisfação dos,Integração à ferramenta de avaliação da satisfação dos usuários,medium
4,MDHC,delivery,needs review,Integração à ferramenta de avaliação da satisfação dos,Integração à ferramenta de avaliação da satisfação dos usuários,medium
4,MDHC,delivery,needs review,Integração à ferramenta de avaliação da satisfação dos,Integração à ferramenta de avaliação da satisfação dos usuários,medium
4,MDHC,delivery,needs review,Integração à ferramenta de avaliação da satisfação dos,Integração à ferramenta de avaliação da satisfação dos usuários,medium
4,MDHC,delivery,needs review,Integração à ferramenta de avaliação da satisfação dos,Integração à ferramenta de avaliação da satisfação dos usuários,medium
4,MDHC,delivery,needs review,Integração à ferramenta de avaliação da satisfação dos,Integração à ferramenta de avaliação da satisfação dos usuários,medium
4,MDHC,delivery,needs review,Integração à ferramenta de avaliação da satisfação dos,Integração à ferramenta de avaliação da satisfação dos usuários,medium
4,MDHC,delivery,needs review,Integração à ferramenta de avaliação da satisfação dos,Integração à ferramenta de avaliação da satisfação dos usuários,medium
4,MDHC,delivery,needs review,Integração à ferramenta de avaliação da satisfação dos,Integração à ferramenta de avaliação da satisfação dos usuários,medium
4,MDHC,delivery,needs review,Integração à ferramenta de avaliação da satisfação dos,Integração à ferramenta de avaliação da satisfação dos usuários,medium
4,MDHC,delivery,needs review,Integração à ferramenta de avaliação da satisfação dos,Integração à ferramenta de avaliação da satisfação dos usuários,medium
4,MDHC,delivery,needs review,Integração à ferramenta de avaliação da satisfação dos,Integração à ferramenta de avaliação da satisfação dos usuários,medium
4,MDHC,delivery,needs review,Integração à ferramenta de avaliação da satisfação dos,Integração à ferramenta de avaliação da satisfação dos usuários,medium
4,MDHC,delivery,needs review,Integração à ferramenta de avaliação da satisfação dos,Integração à ferramenta de avaliação da satisfação dos usuários,medium
4,MDHC,delivery,needs review,Integração à ferramenta de avaliação da satisfação dos,Integração à ferramenta de avaliação da satisfação dos usuários,medium
4,MDIC,delivery,produto Outros,Outros,Outros,high
4,MDIC,delivery,produto Outros,Outros,Outros,high
4,MDIC,delivery,produto Outros,Outros,Outros,high
4,MDIC,delivery,produto Outros,Outros,Outros,high
4,MDIC,delivery,produto Outros,Outros,Outros,high
4,MEMP,delivery,needs review,Integração à ferramenta de avaliação da satisfação dos,Integração à ferramenta de avaliação da satisfação dos usuários,medium
4,MEMP,delivery,needs review,Integração à ferramenta de avaliação da satisfação dos,Integração à ferramenta de avaliação da satisfação dos usuários,medium
4,MEMP,delivery,needs review,Integração à ferramenta de avaliação da satisfação dos,Integração à ferramenta de avaliação da satisfação dos usuários,medium
4,MEMP,delivery,needs review,Integração à ferramenta de avaliação da satisfação dos,Integração à ferramenta de avaliação da satisfação dos usuários,medium
4,MEMP,delivery,needs review,Integração à ferramenta de avaliação da satisfação dos,Integração à ferramenta de avaliação da satisfação dos usuários,medium
4,MEMP,delivery,needs review,Integração à ferramenta de avaliação da satisfação dos,Integração à ferramenta de avaliação da satisfação dos usuários,medium
4,MEMP,delivery,needs review,Integração à ferramenta de avaliação da satisfação dos,Integração à ferramenta de avaliação da satisfação dos usuários,medium
4,MEMP,delivery,needs review,Integração à ferramenta de avaliação da satisfação dos,Integração à ferramenta de avaliação da satisfação dos usuários,medium
4,MEMP,delivery,needs review,Integração à ferramenta de avaliação da satisfação dos,Integração à ferramenta de avaliação da satisfação dos usuários,medium
4,MEMP,delivery,needs review,Integração à ferramenta de avaliação da satisfação dos,Integração à ferramenta de avaliação da satisfação dos usuários,medium
4,MEMP,delivery,needs review,Integração à ferramenta de avaliação da satisfação dos,Integração à ferramenta de avaliação da satisfação dos usuários,medium
4,MESP,delivery,produto Outros,Outros,Outros,high
4,MESP,delivery,produto Outros,Outros,Outros,high
4,MESP,delivery,produto Outros,Outros,Outros,high
4,MESP,delivery,produto Outros,Outros,Outros,high
4,MINC,risk,recuperado de header de coluna,P:Pouco provável | I:Muito alto | T:Mitigar,P:pouco provável | I:muito alto | T:mitigar,medium
4,MME,risk,recuperado de header de coluna,P:Pouco provável | I:Muito alto | T:Mitigar,P:pouco provável | I:muito alto | T:mitigar,medium
4,MMULHERES,delivery,produto Outros,Outros,Outros,high
4,MMULHERES,delivery,fuzzy=0.92,"Auto-avaliação, análise de lacunas e planejamento","Auto-avaliação, análise de lacunas e planejamento do PPSI",medium
4,MMULHERES,delivery,fuzzy=0.92,"Auto-avaliação, análise de lacunas e planejamento","Auto-avaliação, análise de lacunas e planejamento do PPSI",medium
4,MMULHERES,delivery,fuzzy=0.92,"Auto-avaliação, análise de lacunas e planejamento","Auto-avaliação, análise de lacunas e planejamento do PPSI",medium
4,MPA,risk,recuperado de header de coluna,P:Muito provável | I:alto | T:mitigar,P:muito provável | I:alto | T:mitigar,medium
4,MPA,risk,recuperado de header de coluna,P:Provável | I:alto | T:mitigar,P:provável | I:alto | T:mitigar,medium
4,MPO,delivery,fuzzy=0.87,"Auto-avaliação, análise de lacunas e planeja","Auto-avaliação, análise de lacunas e planejamento do PPSI",medium
4,MPO,delivery,fuzzy=0.87,"Auto-avaliação, análise de lacunas e planeja","Auto-avaliação, análise de lacunas e planejamento do PPSI",medium
4,MPO,delivery,fuzzy=0.87,"Auto-avaliação, análise de lacunas e planeja","Auto-avaliação, análise de lacunas e planejamento do PPSI",medium
4,MPOR,delivery,produto Outros,Outros,Outros,high
4,MPOR,delivery,produto Outros,Outros,Outros,high
4,MPOR,delivery,produto Outros,Outros,Outros,high
4,MPOR,delivery,produto Outros,Outros,Outros,high
4,MPOR,delivery,produto Outros,Outros,Outros,high
4,MPOR,delivery,produto Outros,Outros,Outros,high
4,MPOR,delivery,produto Outros,Outros,Outros,high
4,MPOR,delivery,fuzzy=0.92,"Auto-avaliação, análise de lacunas e planejamento","Auto-avaliação, análise de lacunas e planejamento do PPSI",medium
4,MPOR,delivery,fuzzy=0.92,"Auto-avaliação, análise de lacunas e planejamento","Auto-avaliação, análise de lacunas e planejamento do PPSI",medium
4,MPOR,delivery,fuzzy=0.92,"Auto-avaliação, análise de lacunas e planejamento","Auto-avaliação, análise de lacunas e planejamento do PPSI",medium
4,MPOR,delivery,fuzzy=0.92,"Auto-avaliação, análise de lacunas e planejamento","Auto-avaliação, análise de lacunas e planejamento do PPSI",medium
4,MPOR,delivery,fuzzy=0.92,"Auto-avaliação, análise de lacunas e planejamento","Auto-avaliação, análise de lacunas e planejamento do PPSI",medium
4,MRE,delivery,produto Outros,Outros,Outros,high
4,MRE,delivery,produto Outros,Outros,Outros,high
4,MRE,delivery,produto Outros,Outros,Outros,high
4,MRE,delivery,produto Outros,Outros,Outros,high
4,MRE,delivery,produto Outros,Outros,Outros,high
4,MRE,delivery,produto Outros,Outros,Outros,high
4,MRE,delivery,produto Outros,Outros,Outros,high
4,MRE,delivery,produto Outros,Outros,Outros,high
4,MRE,delivery,produto Outros,Outros,Outros,high
4,MRE,delivery,produto Outros,Outros,Outros,high
4,MRE,delivery,produto Outros,Outros,Outros,high
4,MRE,delivery,fuzzy=0.91,Integração à ferramenta de avaliação da satisfação do,Integração à ferramenta de avaliação da satisfação dos usuários,medium
4,MRE,delivery,fuzzy=0.91,Integração à ferramenta de avaliação da satisfação do,Integração à ferramenta de avaliação da satisfação dos usuários,medium
4,MRE,delivery,fuzzy=0.91,Integração à ferramenta de avaliação da satisfação do,Integração à ferramenta de avaliação da satisfação dos usuários,medium
4,MRE,delivery,fuzzy=0.91,Integração à ferramenta de avaliação da satisfação do,Integração à ferramenta de avaliação da satisfação dos usuários,medium
4,MRE,delivery,fuzzy=0.91,Integração à ferramenta de avaliação da satisfação do,Integração à ferramenta de avaliação da satisfação dos usuários,medium
4,MRE,delivery,fuzzy=0.91,Integração à ferramenta de avaliação da satisfação do,Integração à ferramenta de avaliação da satisfação dos usuários,medium
4,MRE,delivery,fuzzy=0.91,Integração à ferramenta de avaliação da satisfação do,Integração à ferramenta de avaliação da satisfação dos usuários,medium
4,MRE,delivery,fuzzy=0.91,Integração à ferramenta de avaliação da satisfação do,Integração à ferramenta de avaliação da satisfação dos usuários,medium
4,MRE,delivery,fuzzy=0.91,Integração à ferramenta de avaliação da satisfação do,Integração à ferramenta de avaliação da satisfação dos usuários,medium
4,MRE,delivery,fuzzy=0.91,Integração à ferramenta de avaliação da satisfação do,Integração à ferramenta de avaliação da satisfação dos usuários,medium
4,MRE,delivery,fuzzy=0.91,Integração à ferramenta de avaliação da satisfação do,Integração à ferramenta de avaliação da satisfação dos usuários,medium
4,MRE,delivery,fuzzy=0.91,Integração à ferramenta de avaliação da satisfação do,Integração à ferramenta de avaliação da satisfação dos usuários,medium
4,MRE,delivery,fuzzy=0.91,Integração à ferramenta de avaliação da satisfação do,Integração à ferramenta de avaliação da satisfação dos usuários,medium
4,MRE,delivery,fuzzy=0.91,Integração à ferramenta de avaliação da satisfação do,Integração à ferramenta de avaliação da satisfação dos usuários,medium
4,MRE,delivery,fuzzy=0.91,Integração à ferramenta de avaliação da satisfação do,Integração à ferramenta de avaliação da satisfação dos usuários,medium
4,MRE,delivery,fuzzy=0.91,Integração à ferramenta de avaliação da satisfação do,Integração à ferramenta de avaliação da satisfação dos usuários,medium
4,MRE,delivery,fuzzy=0.91,Integração à ferramenta de avaliação da satisfação do,Integração à ferramenta de avaliação da satisfação dos usuários,medium
4,MRE,delivery,fuzzy=0.91,Integração à ferramenta de avaliação da satisfação do,Integração à ferramenta de avaliação da satisfação dos usuários,medium
4,MRE,delivery,fuzzy=0.91,Integração à ferramenta de avaliação da satisfação do,Integração à ferramenta de avaliação da satisfação dos usuários,medium
4,MRE,delivery,fuzzy=0.91,Integração à ferramenta de avaliação da satisfação do,Integração à ferramenta de avaliação da satisfação dos usuários,medium
4,MRE,delivery,fuzzy=0.91,Integração à ferramenta de avaliação da satisfação do,Integração à ferramenta de avaliação da satisfação dos usuários,medium
4,MRE,delivery,fuzzy=0.91,Integração à ferramenta de avaliação da satisfação do,Integração à ferramenta de avaliação da satisfação dos usuários,medium
4,MRE,delivery,fuzzy=0.91,Integração à ferramenta de avaliação da satisfação do,Integração à ferramenta de avaliação da satisfação dos usuários,medium
4,MRE,delivery,fuzzy=0.91,Integração à ferramenta de avaliação da satisfação do,Integração à ferramenta de avaliação da satisfação dos usuários,medium
4,MRE,delivery,fuzzy=0.91,Integração à ferramenta de avaliação da satisfação do,Integração à ferramenta de avaliação da satisfação dos usuários,medium
4,MRE,delivery,fuzzy=0.91,Integração à ferramenta de avaliação da satisfação do,Integração à ferramenta de avaliação da satisfação dos usuários,medium
4,MRE,delivery,fuzzy=0.91,Integração à ferramenta de avaliação da satisfação do,Integração à ferramenta de avaliação da satisfação dos usuários,medium
4,MRE,delivery,fuzzy=0.91,Integração à ferramenta de avaliação da satisfação do,Integração à ferramenta de avaliação da satisfação dos usuários,medium
4,MRE,delivery,fuzzy=0.91,Integração à ferramenta de avaliação da satisfação do,Integração à ferramenta de avaliação da satisfação dos usuários,medium
4,MRE,delivery,fuzzy=0.91,Integração à ferramenta de avaliação da satisfação do,Integração à ferramenta de avaliação da satisfação dos usuários,medium
4,MRE,delivery,fuzzy=0.91,Integração à ferramenta de avaliação da satisfação do,Integração à ferramenta de avaliação da satisfação dos usuários,medium
4,MRE,delivery,fuzzy=0.91,Integração à ferramenta de avaliação da satisfação do,Integração à ferramenta de avaliação da satisfação dos usuários,medium
4,MRE,delivery,fuzzy=0.91,Integração à ferramenta de avaliação da satisfação do,Integração à ferramenta de avaliação da satisfação dos usuários,medium
4,MRE,delivery,fuzzy=0.91,Integração à ferramenta de avaliação da satisfação do,Integração à ferramenta de avaliação da satisfação dos usuários,medium
4,MRE,delivery,fuzzy=0.91,Integração à ferramenta de avaliação da satisfação do,Integração à ferramenta de avaliação da satisfação dos usuários,medium
4,MS,delivery,produto Outros,Outros,Outros,high
4,MS,delivery,produto Outros,Outros,Outros,high
4,MTUR,delivery,fuzzy=0.92,Integração à ferramenta de avaliação da satisfação dos,Integração à ferramenta de avaliação da satisfação dos usuários,medium
4,MTUR,delivery,fuzzy=0.92,Integração à ferramenta de avaliação da satisfação dos,Integração à ferramenta de avaliação da satisfação dos usuários,medium
4,MTUR,delivery,fuzzy=0.92,Integração à ferramenta de avaliação da satisfação dos,Integração à ferramenta de avaliação da satisfação dos usuários,medium
4,MTUR,delivery,fuzzy=0.92,Integração à ferramenta de avaliação da satisfação dos,Integração à ferramenta de avaliação da satisfação dos usuários,medium
4,MTUR,delivery,fuzzy=0.92,Integração à ferramenta de avaliação da satisfação dos,Integração à ferramenta de avaliação da satisfação dos usuários,medium
4,MTUR,delivery,fuzzy=0.92,Integração à ferramenta de avaliação da satisfação dos,Integração à ferramenta de avaliação da satisfação dos usuários,medium
4,MTUR,delivery,fuzzy=0.92,Integração à ferramenta de avaliação da satisfação dos,Integração à ferramenta de avaliação da satisfação dos usuários,medium
4,MTUR,delivery,fuzzy=0.92,Integração à ferramenta de avaliação da satisfação dos,Integração à ferramenta de avaliação da satisfação dos usuários,medium
4,MTUR,delivery,fuzzy=0.92,Integração à ferramenta de avaliação da satisfação dos,Integração à ferramenta de avaliação da satisfação dos usuários,medium
4,MTUR,delivery,fuzzy=0.92,Integração à ferramenta de avaliação da satisfação dos,Integração à ferramenta de avaliação da satisfação dos usuários,medium
4,MTUR,delivery,fuzzy=0.92,Integração à ferramenta de avaliação da satisfação dos,Integração à ferramenta de avaliação da satisfação dos usuários,medium
4,MTUR,delivery,fuzzy=0.92,Integração à ferramenta de avaliação da satisfação dos,Integração à ferramenta de avaliação da satisfação dos usuários,medium
4,MTUR,delivery,fuzzy=0.92,Integração à ferramenta de avaliação da satisfação dos,Integração à ferramenta de avaliação da satisfação dos usuários,medium
4,MTUR,delivery,fuzzy=0.92,Integração à ferramenta de avaliação da satisfação dos,Integração à ferramenta de avaliação da satisfação dos usuários,medium
4,MTUR,delivery,fuzzy=0.92,Integração à ferramenta de avaliação da satisfação dos,Integração à ferramenta de avaliação da satisfação dos usuários,medium
4,MTUR,delivery,fuzzy=0.92,Integração à ferramenta de avaliação da satisfação dos,Integração à ferramenta de avaliação da satisfação dos usuários,medium
4,MTUR,delivery,fuzzy=0.92,Integração à ferramenta de avaliação da satisfação dos,Integração à ferramenta de avaliação da satisfação dos usuários,medium
4,MTUR,delivery,fuzzy=0.92,Integração à ferramenta de avaliação da satisfação dos,Integração à ferramenta de avaliação da satisfação dos usuários,medium
4,MTUR,delivery,fuzzy=0.92,Integração à ferramenta de avaliação da satisfação dos,Integração à ferramenta de avaliação da satisfação dos usuários,medium
4,PF,risk,recuperado de header de coluna,P:provável | I:alto | T:mitigar,P:provável | I:alto | T:mitigar,medium
4,PGFN,delivery,fuzzy=0.95,Integração à base de dados (O,Integração à base de dados,medium
4,PGFN,delivery,fuzzy=0.95,Integração à base de dados (O,Integração à base de dados,medium
4,PGFN,delivery,fuzzy=0.95,Integração à base de dados (O,Integração à base de dados,medium
4,PGFN,delivery,fuzzy=0.95,Integração à base de dados (O,Integração à base de dados,medium
4,PGFN,delivery,fuzzy=0.95,Integração à base de dados (O,Integração à base de dados,medium
4,PGFN,delivery,fuzzy=0.95,Integração à base de dados (O,Integração à base de dados,medium
4,PGFN,delivery,fuzzy=0.95,Integração à base de dados (O,Integração à base de dados,medium
4,PGFN,delivery,fuzzy=0.95,Integração à base de dados (O,Integração à base de dados,medium
4,PGFN,delivery,fuzzy=0.95,Integração à base de dados (O,Integração à base de dados,medium
4,PGFN,delivery,fuzzy=0.95,Integração à base de dados (O,Integração à base de dados,medium
4,PGFN,delivery,fuzzy=0.95,Integração à base de dados (O,Integração à base de dados,medium
4,PGFN,delivery,fuzzy=0.95,Integração à base de dados (O,Integração à base de dados,medium
4,PGFN,delivery,fuzzy=0.95,Integração à base de dados (O,Integração à base de dados,medium
4,PGFN,delivery,fuzzy=0.95,Integração à base de dados (O,Integração à base de dados,medium
4,PGFN,delivery,fuzzy=0.95,Integração à base de dados (O,Integração à base de dados,medium
4,PGFN,delivery,fuzzy=0.95,Integração à base de dados (O,Integração à base de dados,medium
4,PGFN,delivery,fuzzy=0.95; eixo corrigido: 'Serviços Digitais e Melhoria da Qualidade' → 'Governança e Gestão de Dados',Integração à base de dados (O,Integração à base de dados,medium
4,PGFN,delivery,fuzzy=0.95; eixo corrigido: 'Serviços Digitais e Melhoria da Qualidade' → 'Governança e Gestão de Dados',Integração à base de dados (O,Integração à base de dados,medium
4,PGFN,delivery,fuzzy=0.95; eixo corrigido: 'Serviços Digitais e Melhoria da Qualidade' → 'Governança e Gestão de Dados',Integração à base de dados (O,Integração à base de dados,medium
4,PGFN,delivery,fuzzy=0.95,Integração à base de dados (O,Integração à base de dados,medium
4,PGFN,delivery,fuzzy=0.95,Integração à base de dados (O,Integração à base de dados,medium
4,PGFN,delivery,fuzzy=0.95; eixo corrigido: 'Serviços Digitais e Melhoria da Qualidade' → 'Governança e Gestão de Dados',Integração à base de dados (O,Integração à base de dados,medium
4,PGFN,delivery,fuzzy=0.95,Integração à base de dados (O,Integração à base de dados,medium
4,PGFN,delivery,fuzzy=0.95,Integração à base de dados (O,Integração à base de dados,medium
4,PGFN,delivery,fuzzy=0.95,Integração à base de dados (O,Integração à base de dados,medium
4,PGFN,delivery,fuzzy=0.95,Integração à base de dados (O,Integração à base de dados,medium
4,PGFN,delivery,produto Outros,Outros,Outros,high
4,PGFN,delivery,produto Outros,Outros,Outros,high
4,PGFN,delivery,produto Outros,Outros,Outros,high
4,PGFN,delivery,produto Outros,Outros,Outros,high
4,PGFN,delivery,produto Outros,Outros,Outros,high
4,PGFN,delivery,fuzzy=0.94,Revisão da descrição dos serv,Revisão da descrição dos serviços,medium
4,SGPR,risk,recuperado de header de coluna,P:pouco provável | I:muito alto | T:mitigar,P:pouco provável | I:muito alto | T:mitigar,medium
4,SUSEP,risk,needs review,P:3 | I:3 | T:,P:provável | I:médio | T:,low
4,SUSEP,risk,needs review,P:2 | I:3 | T:,P:pouco provável | I:médio | T:,low
4,SUSEP,risk,needs review,P:1 | I:4 | T:,P:raro | I:alto | T:,low
4,SUSEP,risk,needs review,P:4 | I:3 | T:,P:muito provável | I:médio | T:,low
4,SUSEP,risk,needs review,P:4 | I:4 | T:,P:muito provável | I:alto | T:,low
4,SUSEP,risk,needs review,P:3 | I:3 | T:,P:provável | I:médio | T:,low
4,SUSEP,risk,needs review,P:3 | I:4 | T:,P:provável | I:alto | T:,low
4,SUSEP,risk,needs review,P:2 | I:4 | T:,P:pouco provável | I:alto | T:,low
4,SUSEP,risk,needs review,P:3 | I:3 | T:,P:provável | I:médio | T:,low
